ref,line_index
"The Koren Yom Kippur Mahzor; Ashkenaz, Yom Kippur Eve, Kaparot 1",6
"The Koren Yom Kippur Mahzor; Ashkenaz, Yom Kippur Eve, Kaparot 2",7
"The Koren Yom Kippur Mahzor; Ashkenaz, Yom Kippur Eve, Kaparot 3",8
"The Koren Yom Kippur Mahzor; Ashkenaz, Yom Kippur Eve, Kaparot 4",9
"The Koren Yom Kippur Mahzor; Ashkenaz, Yom Kippur Eve, Kaparot 5",10
"The Koren Yom Kippur Mahzor; Ashkenaz, Yom Kippur Eve, Kaparot 6",11
"The Koren Yom Kippur Mahzor; Ashkenaz, Yom Kippur Eve, Kaparot 7",12
"The Koren Yom Kippur Mahzor; Ashkenaz, Yom Kippur Eve, Kaparot 8",13
"The Koren Yom Kippur Mahzor; Ashkenaz, Yom Kippur Eve, Mincha 1",15
"The Koren Yom Kippur Mahzor; Ashkenaz, Yom Kippur Eve, Mincha 2",16
"The Koren Yom Kippur Mahzor; Ashkenaz, Yom Kippur Eve, Mincha 3",17
"The Koren Yom Kippur Mahzor; Ashkenaz, Yom Kippur Eve, Mincha 4",18
"The Koren Yom Kippur Mahzor; Ashkenaz, Yom Kippur Eve, Mincha 5",19
"The Koren Yom Kippur Mahzor; Ashkenaz, Yom Kippur Eve, Mincha 6",20
"The Koren Yom Kippur Mahzor; Ashkenaz, Yom Kippur Eve, Mincha 7",21
"The Koren Yom Kippur Mahzor; Ashkenaz, Yom Kippur Eve, Mincha 8",22
"The Koren Yom Kippur Mahzor; Ashkenaz, Yom Kippur Eve, Mincha 9",23
"The Koren Yom Kippur Mahzor; Ashkenaz, Yom Kippur Eve, Mincha 10",24
"The Koren Yom Kippur Mahzor; Ashkenaz, Yom Kippur Eve, Mincha 11",25
"The Koren Yom Kippur Mahzor; Ashkenaz, Yom Kippur Eve, Mincha 12",26
"The Koren Yom Kippur Mahzor; Ashkenaz, Yom Kippur Eve, Mincha 13",27
"The Koren Yom Kippur Mahzor; Ashkenaz, Yom Kippur Eve, Mincha 14",28
"The Koren Yom Kippur Mahzor; Ashkenaz, Yom Kippur Eve, Mincha 15",29
"The Koren Yom Kippur Mahzor; Ashkenaz, Yom Kippur Eve, Mincha 16",30
"The Koren Yom Kippur Mahzor; Ashkenaz, Yom Kippur Eve, Mincha 17",31
"The Koren Yom Kippur Mahzor; Ashkenaz, Yom Kippur Eve, Mincha 18",32
"The Koren Yom Kippur Mahzor; Ashkenaz, Yom Kippur Eve, Mincha 19",33
"The Koren Yom Kippur Mahzor; Ashkenaz, Yom Kippur Eve, Mincha 20",34
"The Koren Yom Kippur Mahzor; Ashkenaz, Yom Kippur Eve, Mincha 21",35
"The Koren Yom Kippur Mahzor; Ashkenaz, Yom Kippur Eve, Mincha 22",36
"The Koren Yom Kippur Mahzor; Ashkenaz, Yom Kippur Eve, Mincha 23",37
"The Koren Yom Kippur Mahzor; Ashkenaz, Yom Kippur Eve, Mincha 24",38
"The Koren Yom Kippur Mahzor; Ashkenaz, Yom Kippur Eve, Mincha 25",39
"The Koren Yom Kippur Mahzor; Ashkenaz, Yom Kippur Eve, Mincha 26",40
"The Koren Yom Kippur Mahzor; Ashkenaz, Yom Kippur Eve, Mincha 27",41
"The Koren Yom Kippur Mahzor; Ashkenaz, Yom Kippur Eve, Mincha 28",42
"The Koren Yom Kippur Mahzor; Ashkenaz, Yom Kippur Eve, Mincha 29",43
"The Koren Yom Kippur Mahzor; Ashkenaz, Yom Kippur Eve, Mincha 30",44
"The Koren Yom Kippur Mahzor; Ashkenaz, Yom Kippur Eve, Mincha 31",45
"The Koren Yom Kippur Mahzor; Ashkenaz, Yom Kippur Eve, Mincha 32",46
"The Koren Yom Kippur Mahzor; Ashkenaz, Yom Kippur Eve, Mincha 33",47
"The Koren Yom Kippur Mahzor; Ashkenaz, Yom Kippur Eve, Mincha 34",48
"The Koren Yom Kippur Mahzor; Ashkenaz, Yom Kippur Eve, Mincha 35",49
"The Koren Yom Kippur Mahzor; Ashkenaz, Yom Kippur Eve, Mincha 36",50
"The Koren Yom Kippur Mahzor; Ashkenaz, Yom Kippur Eve, Mincha 37",51
"The Koren Yom Kippur Mahzor; Ashkenaz, Yom Kippur Eve, Mincha 38",52
"The Koren Yom Kippur Mahzor; Ashkenaz, Yom Kippur Eve, Mincha 39",53
"The Koren Yom Kippur Mahzor; Ashkenaz, Yom Kippur Eve, Mincha 40",54
"The Koren Yom Kippur Mahzor; Ashkenaz, Yom Kippur Eve, Mincha 41",55
"The Koren Yom Kippur Mahzor; Ashkenaz, Yom Kippur Eve, Mincha 42",56
"The Koren Yom Kippur Mahzor; Ashkenaz, Yom Kippur Eve, Mincha 43",57
"The Koren Yom Kippur Mahzor; Ashkenaz, Yom Kippur Eve, Mincha 44",58
"The Koren Yom Kippur Mahzor; Ashkenaz, Yom Kippur Eve, Mincha 45",59
"The Koren Yom Kippur Mahzor; Ashkenaz, Yom Kippur Eve, Mincha 46",60
"The Koren Yom Kippur Mahzor; Ashkenaz, Yom Kippur Eve, Mincha 47",61
"The Koren Yom Kippur Mahzor; Ashkenaz, Yom Kippur Eve, Mincha 48",62
"The Koren Yom Kippur Mahzor; Ashkenaz, Yom Kippur Eve, Mincha 49",63
"The Koren Yom Kippur Mahzor; Ashkenaz, Yom Kippur Eve, Mincha 50",64
"The Koren Yom Kippur Mahzor; Ashkenaz, Yom Kippur Eve, Mincha 51",65
"The Koren Yom Kippur Mahzor; Ashkenaz, Yom Kippur Eve, Mincha 52",66
"The Koren Yom Kippur Mahzor; Ashkenaz, Yom Kippur Eve, Mincha 53",67
"The Koren Yom Kippur Mahzor; Ashkenaz, Yom Kippur Eve, Mincha 54",68
"The Koren Yom Kippur Mahzor; Ashkenaz, Yom Kippur Eve, Mincha 55",69
"The Koren Yom Kippur Mahzor; Ashkenaz, Yom Kippur Eve, Mincha 56",70
"The Koren Yom Kippur Mahzor; Ashkenaz, Yom Kippur Eve, Mincha 57",71
"The Koren Yom Kippur Mahzor; Ashkenaz, Yom Kippur Eve, Mincha 58",72
"The Koren Yom Kippur Mahzor; Ashkenaz, Yom Kippur Eve, Mincha 59",73
"The Koren Yom Kippur Mahzor; Ashkenaz, Yom Kippur Eve, Mincha 60",74
"The Koren Yom Kippur Mahzor; Ashkenaz, Yom Kippur Eve, Mincha 61",75
"The Koren Yom Kippur Mahzor; Ashkenaz, Yom Kippur Eve, Mincha 62",76
"The Koren Yom Kippur Mahzor; Ashkenaz, Yom Kippur Eve, Mincha 63",77
"The Koren Yom Kippur Mahzor; Ashkenaz, Yom Kippur Eve, Mincha 64",78
"The Koren Yom Kippur Mahzor; Ashkenaz, Yom Kippur Eve, Mincha 65",79
"The Koren Yom Kippur Mahzor; Ashkenaz, Yom Kippur Eve, Mincha 66",80
"The Koren Yom Kippur Mahzor; Ashkenaz, Yom Kippur Eve, Mincha 67",81
"The Koren Yom Kippur Mahzor; Ashkenaz, Yom Kippur Eve, Mincha 68",82
"The Koren Yom Kippur Mahzor; Ashkenaz, Yom Kippur Eve, Mincha 69",83
"The Koren Yom Kippur Mahzor; Ashkenaz, Yom Kippur Eve, Mincha 70",84
"The Koren Yom Kippur Mahzor; Ashkenaz, Yom Kippur Eve, Mincha 71",85
"The Koren Yom Kippur Mahzor; Ashkenaz, Yom Kippur Eve, Mincha 72",86
"The Koren Yom Kippur Mahzor; Ashkenaz, Yom Kippur Eve, Mincha 73",87
"The Koren Yom Kippur Mahzor; Ashkenaz, Yom Kippur Eve, Mincha 74",88
"The Koren Yom Kippur Mahzor; Ashkenaz, Yom Kippur Eve, Mincha 75",89
"The Koren Yom Kippur Mahzor; Ashkenaz, Yom Kippur Eve, Mincha 76",90
"The Koren Yom Kippur Mahzor; Ashkenaz, Yom Kippur Eve, Mincha 77",91
"The Koren Yom Kippur Mahzor; Ashkenaz, Yom Kippur Eve, Mincha 78",92
"The Koren Yom Kippur Mahzor; Ashkenaz, Yom Kippur Eve, Mincha 79",93
"The Koren Yom Kippur Mahzor; Ashkenaz, Yom Kippur Eve, Mincha 80",94
"The Koren Yom Kippur Mahzor; Ashkenaz, Yom Kippur Eve, Mincha 81",95
"The Koren Yom Kippur Mahzor; Ashkenaz, Yom Kippur Eve, Mincha 82",96
"The Koren Yom Kippur Mahzor; Ashkenaz, Yom Kippur Eve, Mincha 83",97
"The Koren Yom Kippur Mahzor; Ashkenaz, Yom Kippur Eve, Mincha 84",98
"The Koren Yom Kippur Mahzor; Ashkenaz, Yom Kippur Eve, Mincha 85",99
"The Koren Yom Kippur Mahzor; Ashkenaz, Yom Kippur Eve, Mincha 86",100
"The Koren Yom Kippur Mahzor; Ashkenaz, Yom Kippur Eve, Mincha 87",101
"The Koren Yom Kippur Mahzor; Ashkenaz, Yom Kippur Eve, Mincha 88",102
"The Koren Yom Kippur Mahzor; Ashkenaz, Yom Kippur Eve, Mincha 89",103
"The Koren Yom Kippur Mahzor; Ashkenaz, Yom Kippur Eve, Mincha 90",104
"The Koren Yom Kippur Mahzor; Ashkenaz, Yom Kippur Eve, Mincha 91",105
"The Koren Yom Kippur Mahzor; Ashkenaz, Yom Kippur Eve, Mincha 92",106
"The Koren Yom Kippur Mahzor; Ashkenaz, Yom Kippur Eve, Mincha 93",107
"The Koren Yom Kippur Mahzor; Ashkenaz, Yom Kippur Eve, Mincha 94",108
"The Koren Yom Kippur Mahzor; Ashkenaz, Yom Kippur Eve, Mincha 95",109
"The Koren Yom Kippur Mahzor; Ashkenaz, Yom Kippur Eve, Mincha 96",110
"The Koren Yom Kippur Mahzor; Ashkenaz, Yom Kippur Eve, Mincha 97",111
"The Koren Yom Kippur Mahzor; Ashkenaz, Yom Kippur Eve, Mincha 98",112
"The Koren Yom Kippur Mahzor; Ashkenaz, Yom Kippur Eve, Mincha 99",113
"The Koren Yom Kippur Mahzor; Ashkenaz, Yom Kippur Eve, Mincha 100",114
"The Koren Yom Kippur Mahzor; Ashkenaz, Yom Kippur Eve, Mincha 101",115
"The Koren Yom Kippur Mahzor; Ashkenaz, Yom Kippur Eve, Mincha 102",116
"The Koren Yom Kippur Mahzor; Ashkenaz, Yom Kippur Eve, Mincha 103",117
"The Koren Yom Kippur Mahzor; Ashkenaz, Yom Kippur Eve, Mincha 104",118
"The Koren Yom Kippur Mahzor; Ashkenaz, Yom Kippur Eve, Mincha 105",119
"The Koren Yom Kippur Mahzor; Ashkenaz, Yom Kippur Eve, Mincha 106",120
"The Koren Yom Kippur Mahzor; Ashkenaz, Yom Kippur Eve, Mincha 107",121
"The Koren Yom Kippur Mahzor; Ashkenaz, Yom Kippur Eve, Mincha 108",122
"The Koren Yom Kippur Mahzor; Ashkenaz, Yom Kippur Eve, Mincha 109",123
"The Koren Yom Kippur Mahzor; Ashkenaz, Yom Kippur Eve, Mincha 110",124
"The Koren Yom Kippur Mahzor; Ashkenaz, Yom Kippur Eve, Mincha 111",125
"The Koren Yom Kippur Mahzor; Ashkenaz, Yom Kippur Eve, Mincha 112",126
"The Koren Yom Kippur Mahzor; Ashkenaz, Yom Kippur Eve, Mincha 113",127
"The Koren Yom Kippur Mahzor; Ashkenaz, Yom Kippur Eve, Mincha 114",128
"The Koren Yom Kippur Mahzor; Ashkenaz, Yom Kippur Eve, Mincha 115",129
"The Koren Yom Kippur Mahzor; Ashkenaz, Yom Kippur Eve, Mincha 116",130
"The Koren Yom Kippur Mahzor; Ashkenaz, Yom Kippur Eve, Mincha 117",131
"The Koren Yom Kippur Mahzor; Ashkenaz, Yom Kippur Eve, Mincha 118",132
"The Koren Yom Kippur Mahzor; Ashkenaz, Yom Kippur Eve, Mincha 119",133
"The Koren Yom Kippur Mahzor; Ashkenaz, Yom Kippur Eve, Mincha 120",134
"The Koren Yom Kippur Mahzor; Ashkenaz, Yom Kippur Eve, Mincha 121",135
"The Koren Yom Kippur Mahzor; Ashkenaz, Yom Kippur Eve, Mincha 122",136
"The Koren Yom Kippur Mahzor; Ashkenaz, Yom Kippur Eve, Mincha 123",137
"The Koren Yom Kippur Mahzor; Ashkenaz, Yom Kippur Eve, Mincha 124",138
"The Koren Yom Kippur Mahzor; Ashkenaz, Yom Kippur Eve, Mincha 125",139
"The Koren Yom Kippur Mahzor; Ashkenaz, Yom Kippur Eve, Mincha 126",140
"The Koren Yom Kippur Mahzor; Ashkenaz, Yom Kippur Eve, Mincha 127",141
"The Koren Yom Kippur Mahzor; Ashkenaz, Yom Kippur Eve, Mincha 128",142
"The Koren Yom Kippur Mahzor; Ashkenaz, Yom Kippur Eve, Mincha 129",143
"The Koren Yom Kippur Mahzor; Ashkenaz, Yom Kippur Eve, Mincha 130",144
"The Koren Yom Kippur Mahzor; Ashkenaz, Yom Kippur Eve, Mincha 131",145
"The Koren Yom Kippur Mahzor; Ashkenaz, Yom Kippur Eve, Mincha 132",146
"The Koren Yom Kippur Mahzor; Ashkenaz, Yom Kippur Eve, Mincha 133",147
"The Koren Yom Kippur Mahzor; Ashkenaz, Yom Kippur Eve, Mincha 134",148
"The Koren Yom Kippur Mahzor; Ashkenaz, Yom Kippur Eve, Mincha 135",149
"The Koren Yom Kippur Mahzor; Ashkenaz, Yom Kippur Eve, Mincha 136",150
"The Koren Yom Kippur Mahzor; Ashkenaz, Yom Kippur Eve, Mincha 137",151
"The Koren Yom Kippur Mahzor; Ashkenaz, Yom Kippur Eve, Mincha 138",152
"The Koren Yom Kippur Mahzor; Ashkenaz, Yom Kippur Eve, Mincha 139",153
"The Koren Yom Kippur Mahzor; Ashkenaz, Yom Kippur Eve, Mincha 140",154
"The Koren Yom Kippur Mahzor; Ashkenaz, Yom Kippur Eve, Mincha 141",155
"The Koren Yom Kippur Mahzor; Ashkenaz, Yom Kippur Eve, Mincha 142",156
"The Koren Yom Kippur Mahzor; Ashkenaz, Yom Kippur Eve, Mincha 143",157
"The Koren Yom Kippur Mahzor; Ashkenaz, Yom Kippur Eve, Mincha 144",158
"The Koren Yom Kippur Mahzor; Ashkenaz, Yom Kippur Eve, Mincha 145",159
"The Koren Yom Kippur Mahzor; Ashkenaz, Yom Kippur Eve, Mincha 146",160
"The Koren Yom Kippur Mahzor; Ashkenaz, Yom Kippur Eve, Mincha 147",161
"The Koren Yom Kippur Mahzor; Ashkenaz, Yom Kippur Eve, Mincha 148",162
"The Koren Yom Kippur Mahzor; Ashkenaz, Yom Kippur Eve, Mincha 149",163
"The Koren Yom Kippur Mahzor; Ashkenaz, Yom Kippur Eve, Mincha 150",164
"The Koren Yom Kippur Mahzor; Ashkenaz, Yom Kippur Eve, Mincha 151",165
"The Koren Yom Kippur Mahzor; Ashkenaz, Yom Kippur Eve, Mincha 152",166
"The Koren Yom Kippur Mahzor; Ashkenaz, Yom Kippur Eve, Mincha 153",167
"The Koren Yom Kippur Mahzor; Ashkenaz, Yom Kippur Eve, Mincha 154",168
"The Koren Yom Kippur Mahzor; Ashkenaz, Yom Kippur Eve, Mincha 155",169
"The Koren Yom Kippur Mahzor; Ashkenaz, Yom Kippur Eve, Mincha 156",170
"The Koren Yom Kippur Mahzor; Ashkenaz, Yom Kippur Eve, Mincha 157",171
"The Koren Yom Kippur Mahzor; Ashkenaz, Yom Kippur Eve, Mincha 158",172
"The Koren Yom Kippur Mahzor; Ashkenaz, Yom Kippur Eve, Mincha 159",173
"The Koren Yom Kippur Mahzor; Ashkenaz, Yom Kippur Eve, Eiruvin 1",175
"The Koren Yom Kippur Mahzor; Ashkenaz, Yom Kippur Eve, Eiruvin 2",176
"The Koren Yom Kippur Mahzor; Ashkenaz, Yom Kippur Eve, Eiruvin 3",177
"The Koren Yom Kippur Mahzor; Ashkenaz, Yom Kippur Eve, Eiruvin 4",178
"The Koren Yom Kippur Mahzor; Ashkenaz, Yom Kippur Eve, Eiruvin 5",179
"The Koren Yom Kippur Mahzor; Ashkenaz, Yom Kippur Eve, Eiruvin 6",180
"The Koren Yom Kippur Mahzor; Ashkenaz, Yom Kippur Eve, Eiruvin 7",181
"The Koren Yom Kippur Mahzor; Ashkenaz, Yom Kippur Eve, Eiruvin 8",182
"The Koren Yom Kippur Mahzor; Ashkenaz, Yom Kippur Eve, Candle Lighting 1",184
"The Koren Yom Kippur Mahzor; Ashkenaz, Yom Kippur Eve, Candle Lighting 2",185
"The Koren Yom Kippur Mahzor; Ashkenaz, Yom Kippur Eve, Candle Lighting 3",186
"The Koren Yom Kippur Mahzor; Ashkenaz, Yom Kippur Eve, Candle Lighting 4",187
"The Koren Yom Kippur Mahzor; Ashkenaz, Yom Kippur Eve, Candle Lighting 5",188
"The Koren Yom Kippur Mahzor; Ashkenaz, Yom Kippur Eve, Blessing the Children 1",190
"The Koren Yom Kippur Mahzor; Ashkenaz, Yom Kippur Eve, Blessing the Children 2",191
"The Koren Yom Kippur Mahzor; Ashkenaz, Yom Kippur Eve, Blessing the Children 3",192
"The Koren Yom Kippur Mahzor; Ashkenaz, Yom Kippur Eve, Blessing the Children 4",193
"The Koren Yom Kippur Mahzor; Ashkenaz, Yom Kippur Eve, Blessing the Children 5",194
"The Koren Yom Kippur Mahzor; Ashkenaz, Yom Kippur Eve, Blessing the Children 6",195
"The Koren Yom Kippur Mahzor; Ashkenaz, Yom Kippur Eve, Blessing the Children 7",196
"The Koren Yom Kippur Mahzor; Ashkenaz, Yom Kippur Eve, Blessing the Children 8",197
"The Koren Yom Kippur Mahzor; Ashkenaz, Yom Kippur Eve, Blessing the Children 9",198
"The Koren Yom Kippur Mahzor; Ashkenaz, Yom Kippur Eve, Tallit 1",200
"The Koren Yom Kippur Mahzor; Ashkenaz, Yom Kippur Eve, Tallit 2",201
"The Koren Yom Kippur Mahzor; Ashkenaz, Yom Kippur Eve, Tallit 3",202
"The Koren Yom Kippur Mahzor; Ashkenaz, Yom Kippur Eve, Tallit 4",203
"The Koren Yom Kippur Mahzor; Ashkenaz, Yom Kippur Eve, Tallit 5",204
"The Koren Yom Kippur Mahzor; Ashkenaz, Yom Kippur Eve, Tallit 6",205
"The Koren Yom Kippur Mahzor; Ashkenaz, Yom Kippur Eve, Tallit 7",206
"The Koren Yom Kippur Mahzor; Ashkenaz, Yom Kippur Eve, Tefilla Zaka 1",208
"The Koren Yom Kippur Mahzor; Ashkenaz, Yom Kippur Eve, Tefilla Zaka 2",209
"The Koren Yom Kippur Mahzor; Ashkenaz, Yom Kippur Eve, Tefilla Zaka 3",210
"The Koren Yom Kippur Mahzor; Ashkenaz, Yom Kippur Eve, Tefilla Zaka 4",211
"The Koren Yom Kippur Mahzor; Ashkenaz, Yom Kippur Eve, Tefilla Zaka 5",212
"The Koren Yom Kippur Mahzor; Ashkenaz, Yom Kippur Eve, Tefilla Zaka 6",213
"The Koren Yom Kippur Mahzor; Ashkenaz, Yom Kippur Eve, Tefilla Zaka 7",214
"The Koren Yom Kippur Mahzor; Ashkenaz, Yom Kippur Eve, Tefilla Zaka 8",215
"The Koren Yom Kippur Mahzor; Ashkenaz, Yom Kippur Eve, Tefilla Zaka 9",216
"The Koren Yom Kippur Mahzor; Ashkenaz, Yom Kippur Eve, Tefilla Zaka 10",217
"The Koren Yom Kippur Mahzor; Ashkenaz, Yom Kippur Eve, Tefilla Zaka 11",218
"The Koren Yom Kippur Mahzor; Ashkenaz, Yom Kippur Eve, Tefilla Zaka 12",219
"The Koren Yom Kippur Mahzor; Ashkenaz, Yom Kippur Eve, Tefilla Zaka 13",220
"The Koren Yom Kippur Mahzor; Ashkenaz, Yom Kippur Eve, Tefilla Zaka 14",221
"The Koren Yom Kippur Mahzor; Ashkenaz, Yom Kippur Eve, Tefilla Zaka 15",222
"The Koren Yom Kippur Mahzor; Ashkenaz, Yom Kippur Eve, Tefilla Zaka 16",223
"The Koren Yom Kippur Mahzor; Ashkenaz, Yom Kippur Eve, Tefilla Zaka 17",224
"The Koren Yom Kippur Mahzor; Ashkenaz, Yom Kippur Eve, Tefilla Zaka 18",225
"The Koren Yom Kippur Mahzor; Ashkenaz, Yom Kippur Eve, Tefilla Zaka 19",226
"The Koren Yom Kippur Mahzor; Ashkenaz, Yom Kippur Eve, Tefilla Zaka 20",227
"The Koren Yom Kippur Mahzor; Ashkenaz, Yom Kippur Eve, Tefilla Zaka 21",228
"The Koren Yom Kippur Mahzor; Ashkenaz, Yom Kippur Eve, Tefilla Zaka 22",229
"The Koren Yom Kippur Mahzor; Ashkenaz, Yom Kippur Eve, Tefilla Zaka 23",230
"The Koren Yom Kippur Mahzor; Ashkenaz, Yom Kippur Eve, Tefilla Zaka 24",231
"The Koren Yom Kippur Mahzor; Ashkenaz, Yom Kippur Eve, Tefilla Zaka 25",232
"The Koren Yom Kippur Mahzor; Ashkenaz, Yom Kippur Eve, Tefilla Zaka 26",233
"The Koren Yom Kippur Mahzor; Ashkenaz, Yom Kippur Eve, Tefilla Zaka 27",234
"The Koren Yom Kippur Mahzor; Ashkenaz, Yom Kippur Eve, Kol Nidrei 1",236
"The Koren Yom Kippur Mahzor; Ashkenaz, Yom Kippur Eve, Kol Nidrei 2",237
"The Koren Yom Kippur Mahzor; Ashkenaz, Yom Kippur Eve, Kol Nidrei 3",238
"The Koren Yom Kippur Mahzor; Ashkenaz, Yom Kippur Eve, Kol Nidrei 4",239
"The Koren Yom Kippur Mahzor; Ashkenaz, Yom Kippur Eve, Kol Nidrei 5",240
"The Koren Yom Kippur Mahzor; Ashkenaz, Yom Kippur Eve, Kol Nidrei 6",241
"The Koren Yom Kippur Mahzor; Ashkenaz, Yom Kippur Eve, Kol Nidrei 7",242
"The Koren Yom Kippur Mahzor; Ashkenaz, Yom Kippur Eve, Kol Nidrei 8",243
"The Koren Yom Kippur Mahzor; Ashkenaz, Yom Kippur Eve, Kol Nidrei 9",244
"The Koren Yom Kippur Mahzor; Ashkenaz, Yom Kippur Eve, Kol Nidrei 10",245
"The Koren Yom Kippur Mahzor; Ashkenaz, Yom Kippur Eve, Kol Nidrei 11",246
"The Koren Yom Kippur Mahzor; Ashkenaz, Yom Kippur Eve, Kol Nidrei 12",247
"The Koren Yom Kippur Mahzor; Ashkenaz, Yom Kippur Eve, Kol Nidrei 13",248
"The Koren Yom Kippur Mahzor; Ashkenaz, Yom Kippur Eve, Kol Nidrei 14",249
"The Koren Yom Kippur Mahzor; Ashkenaz, Yom Kippur Eve, Kol Nidrei 15",250
"The Koren Yom Kippur Mahzor; Ashkenaz, Yom Kippur Eve, Kol Nidrei 16",251
"The Koren Yom Kippur Mahzor; Ashkenaz, Yom Kippur Eve, Kol Nidrei 17",252
"The Koren Yom Kippur Mahzor; Ashkenaz, Yom Kippur Eve, Kabbalat Shabbat 1",254
"The Koren Yom Kippur Mahzor; Ashkenaz, Yom Kippur Eve, Kabbalat Shabbat 2",255
"The Koren Yom Kippur Mahzor; Ashkenaz, Yom Kippur Eve, Kabbalat Shabbat 3",256
"The Koren Yom Kippur Mahzor; Ashkenaz, Yom Kippur Eve, Kabbalat Shabbat 4",257
"The Koren Yom Kippur Mahzor; Ashkenaz, Yom Kippur Eve, Kabbalat Shabbat 5",258
"The Koren Yom Kippur Mahzor; Ashkenaz, Yom Kippur Eve, Kabbalat Shabbat 6",259
"The Koren Yom Kippur Mahzor; Ashkenaz, Yom Kippur Eve, Kabbalat Shabbat 7",260
"The Koren Yom Kippur Mahzor; Ashkenaz, Yom Kippur Eve, Kabbalat Shabbat 8",261
"The Koren Yom Kippur Mahzor; Ashkenaz, Yom Kippur Eve, Kabbalat Shabbat 9",262
"The Koren Yom Kippur Mahzor; Ashkenaz, Yom Kippur Eve, Kabbalat Shabbat 10",263
"The Koren Yom Kippur Mahzor; Ashkenaz, Yom Kippur Eve, Kabbalat Shabbat 11",264
"The Koren Yom Kippur Mahzor; Ashkenaz, Yom Kippur Evening, Ma'ariv for Yom Kippur 1",267
"The Koren Yom Kippur Mahzor; Ashkenaz, Yom Kippur Evening, Ma'ariv for Yom Kippur 2",268
"The Koren Yom Kippur Mahzor; Ashkenaz, Yom Kippur Evening, Ma'ariv for Yom Kippur 3",269
"The Koren Yom Kippur Mahzor; Ashkenaz, Yom Kippur Evening, Ma'ariv for Yom Kippur 4",270
"The Koren Yom Kippur Mahzor; Ashkenaz, Yom Kippur Evening, Ma'ariv for Yom Kippur 5",271
"The Koren Yom Kippur Mahzor; Ashkenaz, Yom Kippur Evening, Ma'ariv for Yom Kippur 6",272
"The Koren Yom Kippur Mahzor; Ashkenaz, Yom Kippur Evening, Ma'ariv for Yom Kippur 7",273
"The Koren Yom Kippur Mahzor; Ashkenaz, Yom Kippur Evening, Ma'ariv for Yom Kippur 8",274
"The Koren Yom Kippur Mahzor; Ashkenaz, Yom Kippur Evening, Ma'ariv for Yom Kippur 9",275
"The Koren Yom Kippur Mahzor; Ashkenaz, Yom Kippur Evening, Ma'ariv for Yom Kippur 10",276
"The Koren Yom Kippur Mahzor; Ashkenaz, Yom Kippur Evening, Ma'ariv for Yom Kippur 11",277
"The Koren Yom Kippur Mahzor; Ashkenaz, Yom Kippur Evening, Ma'ariv for Yom Kippur 12",278
"The Koren Yom Kippur Mahzor; Ashkenaz, Yom Kippur Evening, Ma'ariv for Yom Kippur 13",279
"The Koren Yom Kippur Mahzor; Ashkenaz, Yom Kippur Evening, Ma'ariv for Yom Kippur 14",280
"The Koren Yom Kippur Mahzor; Ashkenaz, Yom Kippur Evening, Ma'ariv for Yom Kippur 15",281
"The Koren Yom Kippur Mahzor; Ashkenaz, Yom Kippur Evening, Ma'ariv for Yom Kippur 16",282
"The Koren Yom Kippur Mahzor; Ashkenaz, Yom Kippur Evening, Ma'ariv for Yom Kippur 17",283
"The Koren Yom Kippur Mahzor; Ashkenaz, Yom Kippur Evening, Ma'ariv for Yom Kippur 18",284
"The Koren Yom Kippur Mahzor; Ashkenaz, Yom Kippur Evening, Ma'ariv for Yom Kippur 19",285
"The Koren Yom Kippur Mahzor; Ashkenaz, Yom Kippur Evening, Ma'ariv for Yom Kippur 20",286
"The Koren Yom Kippur Mahzor; Ashkenaz, Yom Kippur Evening, Ma'ariv for Yom Kippur 21",287
"The Koren Yom Kippur Mahzor; Ashkenaz, Yom Kippur Evening, Ma'ariv for Yom Kippur 22",288
"The Koren Yom Kippur Mahzor; Ashkenaz, Yom Kippur Evening, Ma'ariv for Yom Kippur 23",289
"The Koren Yom Kippur Mahzor; Ashkenaz, Yom Kippur Evening, Ma'ariv for Yom Kippur 24",290
"The Koren Yom Kippur Mahzor; Ashkenaz, Yom Kippur Evening, Ma'ariv for Yom Kippur 25",291
"The Koren Yom Kippur Mahzor; Ashkenaz, Yom Kippur Evening, Ma'ariv for Yom Kippur 26",292
"The Koren Yom Kippur Mahzor; Ashkenaz, Yom Kippur Evening, Ma'ariv for Yom Kippur 27",293
"The Koren Yom Kippur Mahzor; Ashkenaz, Yom Kippur Evening, Ma'ariv for Yom Kippur 28",294
"The Koren Yom Kippur Mahzor; Ashkenaz, Yom Kippur Evening, Ma'ariv for Yom Kippur 29",295
"The Koren Yom Kippur Mahzor; Ashkenaz, Yom Kippur Evening, Ma'ariv for Yom Kippur 30",296
"The Koren Yom Kippur Mahzor; Ashkenaz, Yom Kippur Evening, Ma'ariv for Yom Kippur 31",297
"The Koren Yom Kippur Mahzor; Ashkenaz, Yom Kippur Evening, Ma'ariv for Yom Kippur 32",298
"The Koren Yom Kippur Mahzor; Ashkenaz, Yom Kippur Evening, Ma'ariv for Yom Kippur 33",299
"The Koren Yom Kippur Mahzor; Ashkenaz, Yom Kippur Evening, Ma'ariv for Yom Kippur 34",300
"The Koren Yom Kippur Mahzor; Ashkenaz, Yom Kippur Evening, Ma'ariv for Yom Kippur 35",301
"The Koren Yom Kippur Mahzor; Ashkenaz, Yom Kippur Evening, Ma'ariv for Yom Kippur 36",302
"The Koren Yom Kippur Mahzor; Ashkenaz, Yom Kippur Evening, Ma'ariv for Yom Kippur 37",303
"The Koren Yom Kippur Mahzor; Ashkenaz, Yom Kippur Evening, Ma'ariv for Yom Kippur 38",304
"The Koren Yom Kippur Mahzor; Ashkenaz, Yom Kippur Evening, Ma'ariv for Yom Kippur 39",305
"The Koren Yom Kippur Mahzor; Ashkenaz, Yom Kippur Evening, Ma'ariv for Yom Kippur 40",306
"The Koren Yom Kippur Mahzor; Ashkenaz, Yom Kippur Evening, Ma'ariv for Yom Kippur 41",307
"The Koren Yom Kippur Mahzor; Ashkenaz, Yom Kippur Evening, Ma'ariv for Yom Kippur 42",308
"The Koren Yom Kippur Mahzor; Ashkenaz, Yom Kippur Evening, Ma'ariv for Yom Kippur 43",309
"The Koren Yom Kippur Mahzor; Ashkenaz, Yom Kippur Evening, Ma'ariv for Yom Kippur 44",310
"The Koren Yom Kippur Mahzor; Ashkenaz, Yom Kippur Evening, Ma'ariv for Yom Kippur 45",311
"The Koren Yom Kippur Mahzor; Ashkenaz, Yom Kippur Evening, Ma'ariv for Yom Kippur 46",312
"The Koren Yom Kippur Mahzor; Ashkenaz, Yom Kippur Evening, Ma'ariv for Yom Kippur 47",313
"The Koren Yom Kippur Mahzor; Ashkenaz, Yom Kippur Evening, Ma'ariv for Yom Kippur 48",314
"The Koren Yom Kippur Mahzor; Ashkenaz, Yom Kippur Evening, Ma'ariv for Yom Kippur 49",315
"The Koren Yom Kippur Mahzor; Ashkenaz, Yom Kippur Evening, Ma'ariv for Yom Kippur 50",316
"The Koren Yom Kippur Mahzor; Ashkenaz, Yom Kippur Evening, Ma'ariv for Yom Kippur 51",317
"The Koren Yom Kippur Mahzor; Ashkenaz, Yom Kippur Evening, Ma'ariv for Yom Kippur 52",318
"The Koren Yom Kippur Mahzor; Ashkenaz, Yom Kippur Evening, Ma'ariv for Yom Kippur 53",319
"The Koren Yom Kippur Mahzor; Ashkenaz, Yom Kippur Evening, Ma'ariv for Yom Kippur 54",320
"The Koren Yom Kippur Mahzor; Ashkenaz, Yom Kippur Evening, Ma'ariv for Yom Kippur 55",321
"The Koren Yom Kippur Mahzor; Ashkenaz, Yom Kippur Evening, Ma'ariv for Yom Kippur 56",322
"The Koren Yom Kippur Mahzor; Ashkenaz, Yom Kippur Evening, Ma'ariv for Yom Kippur 57",323
"The Koren Yom Kippur Mahzor; Ashkenaz, Yom Kippur Evening, Ma'ariv for Yom Kippur 58",324
"The Koren Yom Kippur Mahzor; Ashkenaz, Yom Kippur Evening, Ma'ariv for Yom Kippur 59",325
"The Koren Yom Kippur Mahzor; Ashkenaz, Yom Kippur Evening, Ma'ariv for Yom Kippur 60",326
"The Koren Yom Kippur Mahzor; Ashkenaz, Yom Kippur Evening, Ma'ariv for Yom Kippur 61",327
"The Koren Yom Kippur Mahzor; Ashkenaz, Yom Kippur Evening, Ma'ariv for Yom Kippur 62",328
"The Koren Yom Kippur Mahzor; Ashkenaz, Yom Kippur Evening, Ma'ariv for Yom Kippur 63",329
"The Koren Yom Kippur Mahzor; Ashkenaz, Yom Kippur Evening, Ma'ariv for Yom Kippur 64",330
"The Koren Yom Kippur Mahzor; Ashkenaz, Yom Kippur Evening, Ma'ariv for Yom Kippur 65",331
"The Koren Yom Kippur Mahzor; Ashkenaz, Yom Kippur Evening, Ma'ariv for Yom Kippur 66",332
"The Koren Yom Kippur Mahzor; Ashkenaz, Yom Kippur Evening, Ma'ariv for Yom Kippur 67",333
"The Koren Yom Kippur Mahzor; Ashkenaz, Yom Kippur Evening, Ma'ariv for Yom Kippur 68",334
"The Koren Yom Kippur Mahzor; Ashkenaz, Yom Kippur Evening, Ma'ariv for Yom Kippur 69",335
"The Koren Yom Kippur Mahzor; Ashkenaz, Yom Kippur Evening, Ma'ariv for Yom Kippur 70",336
"The Koren Yom Kippur Mahzor; Ashkenaz, Yom Kippur Evening, Ma'ariv for Yom Kippur 71",337
"The Koren Yom Kippur Mahzor; Ashkenaz, Yom Kippur Evening, Ma'ariv for Yom Kippur 72",338
"The Koren Yom Kippur Mahzor; Ashkenaz, Yom Kippur Evening, Ma'ariv for Yom Kippur 73",339
"The Koren Yom Kippur Mahzor; Ashkenaz, Yom Kippur Evening, Ma'ariv for Yom Kippur 74",340
"The Koren Yom Kippur Mahzor; Ashkenaz, Yom Kippur Evening, Ma'ariv for Yom Kippur 75",341
"The Koren Yom Kippur Mahzor; Ashkenaz, Yom Kippur Evening, Ma'ariv for Yom Kippur 76",342
"The Koren Yom Kippur Mahzor; Ashkenaz, Yom Kippur Evening, Ma'ariv for Yom Kippur 77",343
"The Koren Yom Kippur Mahzor; Ashkenaz, Yom Kippur Evening, Ma'ariv for Yom Kippur 78",344
"The Koren Yom Kippur Mahzor; Ashkenaz, Yom Kippur Evening, Ma'ariv for Yom Kippur 79",345
"The Koren Yom Kippur Mahzor; Ashkenaz, Yom Kippur Evening, Ma'ariv for Yom Kippur 80",346
"The Koren Yom Kippur Mahzor; Ashkenaz, Yom Kippur Evening, Ma'ariv for Yom Kippur 81",347
"The Koren Yom Kippur Mahzor; Ashkenaz, Yom Kippur Evening, Ma'ariv for Yom Kippur 82",348
"The Koren Yom Kippur Mahzor; Ashkenaz, Yom Kippur Evening, Ma'ariv for Yom Kippur 83",349
"The Koren Yom Kippur Mahzor; Ashkenaz, Yom Kippur Evening, Ma'ariv for Yom Kippur 84",350
"The Koren Yom Kippur Mahzor; Ashkenaz, Yom Kippur Evening, Ma'ariv for Yom Kippur 85",351
"The Koren Yom Kippur Mahzor; Ashkenaz, Yom Kippur Evening, Ma'ariv for Yom Kippur 86",352
"The Koren Yom Kippur Mahzor; Ashkenaz, Yom Kippur Evening, Ma'ariv for Yom Kippur 87",353
"The Koren Yom Kippur Mahzor; Ashkenaz, Yom Kippur Evening, Ma'ariv for Yom Kippur 88",354
"The Koren Yom Kippur Mahzor; Ashkenaz, Yom Kippur Evening, Ma'ariv for Yom Kippur 89",355
"The Koren Yom Kippur Mahzor; Ashkenaz, Yom Kippur Evening, Ma'ariv for Yom Kippur 90",356
"The Koren Yom Kippur Mahzor; Ashkenaz, Yom Kippur Evening, Ma'ariv for Yom Kippur 91",357
"The Koren Yom Kippur Mahzor; Ashkenaz, Yom Kippur Evening, Ma'ariv for Yom Kippur 92",358
"The Koren Yom Kippur Mahzor; Ashkenaz, Yom Kippur Evening, Ma'ariv for Yom Kippur 93",359
"The Koren Yom Kippur Mahzor; Ashkenaz, Yom Kippur Evening, Ma'ariv for Yom Kippur 94",360
"The Koren Yom Kippur Mahzor; Ashkenaz, Yom Kippur Evening, Ma'ariv for Yom Kippur 95",361
"The Koren Yom Kippur Mahzor; Ashkenaz, Yom Kippur Evening, Ma'ariv for Yom Kippur 96",362
"The Koren Yom Kippur Mahzor; Ashkenaz, Yom Kippur Evening, Ma'ariv for Yom Kippur 97",363
"The Koren Yom Kippur Mahzor; Ashkenaz, Yom Kippur Evening, Ma'ariv for Yom Kippur 98",364
"The Koren Yom Kippur Mahzor; Ashkenaz, Yom Kippur Evening, Ma'ariv for Yom Kippur 99",365
"The Koren Yom Kippur Mahzor; Ashkenaz, Yom Kippur Evening, Ma'ariv for Yom Kippur 100",366
"The Koren Yom Kippur Mahzor; Ashkenaz, Yom Kippur Evening, Ma'ariv for Yom Kippur 101",367
"The Koren Yom Kippur Mahzor; Ashkenaz, Yom Kippur Evening, Ma'ariv for Yom Kippur 102",368
"The Koren Yom Kippur Mahzor; Ashkenaz, Yom Kippur Evening, Ma'ariv for Yom Kippur 103",369
"The Koren Yom Kippur Mahzor; Ashkenaz, Yom Kippur Evening, Ma'ariv for Yom Kippur 104",370
"The Koren Yom Kippur Mahzor; Ashkenaz, Yom Kippur Evening, Ma'ariv for Yom Kippur 105",371
"The Koren Yom Kippur Mahzor; Ashkenaz, Yom Kippur Evening, Ma'ariv for Yom Kippur 106",372
"The Koren Yom Kippur Mahzor; Ashkenaz, Yom Kippur Evening, Ma'ariv for Yom Kippur 107",373
"The Koren Yom Kippur Mahzor; Ashkenaz, Yom Kippur Evening, Ma'ariv for Yom Kippur 108",374
"The Koren Yom Kippur Mahzor; Ashkenaz, Yom Kippur Evening, Ma'ariv for Yom Kippur 109",375
"The Koren Yom Kippur Mahzor; Ashkenaz, Yom Kippur Evening, Ma'ariv for Yom Kippur 110",376
"The Koren Yom Kippur Mahzor; Ashkenaz, Yom Kippur Evening, Ma'ariv for Yom Kippur 111",377
"The Koren Yom Kippur Mahzor; Ashkenaz, Yom Kippur Evening, Ma'ariv for Yom Kippur 112",378
"The Koren Yom Kippur Mahzor; Ashkenaz, Yom Kippur Evening, Ma'ariv for Yom Kippur 113",379
"The Koren Yom Kippur Mahzor; Ashkenaz, Yom Kippur Evening, Ma'ariv for Yom Kippur 114",380
"The Koren Yom Kippur Mahzor; Ashkenaz, Yom Kippur Evening, Ma'ariv for Yom Kippur 115",381
"The Koren Yom Kippur Mahzor; Ashkenaz, Yom Kippur Evening, Ma'ariv for Yom Kippur 116",382
"The Koren Yom Kippur Mahzor; Ashkenaz, Yom Kippur Evening, Ma'ariv for Yom Kippur 117",383
"The Koren Yom Kippur Mahzor; Ashkenaz, Yom Kippur Evening, Ma'ariv for Yom Kippur 118",384
"The Koren Yom Kippur Mahzor; Ashkenaz, Yom Kippur Evening, Ma'ariv for Yom Kippur 119",385
"The Koren Yom Kippur Mahzor; Ashkenaz, Yom Kippur Evening, Ma'ariv for Yom Kippur 120",386
"The Koren Yom Kippur Mahzor; Ashkenaz, Yom Kippur Evening, Ma'ariv for Yom Kippur 121",387
"The Koren Yom Kippur Mahzor; Ashkenaz, Yom Kippur Evening, Ma'ariv for Yom Kippur 122",388
"The Koren Yom Kippur Mahzor; Ashkenaz, Yom Kippur Evening, Ma'ariv for Yom Kippur 123",389
"The Koren Yom Kippur Mahzor; Ashkenaz, Yom Kippur Evening, Ma'ariv for Yom Kippur 124",390
"The Koren Yom Kippur Mahzor; Ashkenaz, Yom Kippur Evening, Ma'ariv for Yom Kippur 125",391
"The Koren Yom Kippur Mahzor; Ashkenaz, Yom Kippur Evening, Ma'ariv for Yom Kippur 126",392
"The Koren Yom Kippur Mahzor; Ashkenaz, Yom Kippur Evening, Ma'ariv for Yom Kippur 127",393
"The Koren Yom Kippur Mahzor; Ashkenaz, Yom Kippur Evening, Ma'ariv for Yom Kippur 128",394
"The Koren Yom Kippur Mahzor; Ashkenaz, Yom Kippur Evening, Ma'ariv for Yom Kippur 129",395
"The Koren Yom Kippur Mahzor; Ashkenaz, Yom Kippur Evening, Ma'ariv for Yom Kippur 130",396
"The Koren Yom Kippur Mahzor; Ashkenaz, Yom Kippur Evening, Ma'ariv for Yom Kippur 131",397
"The Koren Yom Kippur Mahzor; Ashkenaz, Yom Kippur Evening, Ma'ariv for Yom Kippur 132",398
"The Koren Yom Kippur Mahzor; Ashkenaz, Yom Kippur Evening, Ma'ariv for Yom Kippur 133",399
"The Koren Yom Kippur Mahzor; Ashkenaz, Yom Kippur Evening, Ma'ariv for Yom Kippur 134",400
"The Koren Yom Kippur Mahzor; Ashkenaz, Yom Kippur Evening, Ma'ariv for Yom Kippur 135",401
"The Koren Yom Kippur Mahzor; Ashkenaz, Yom Kippur Evening, Selihot 1",403
"The Koren Yom Kippur Mahzor; Ashkenaz, Yom Kippur Evening, Selihot 2",404
"The Koren Yom Kippur Mahzor; Ashkenaz, Yom Kippur Evening, Selihot 3",405
"The Koren Yom Kippur Mahzor; Ashkenaz, Yom Kippur Evening, Selihot 4",406
"The Koren Yom Kippur Mahzor; Ashkenaz, Yom Kippur Evening, Selihot 5",407
"The Koren Yom Kippur Mahzor; Ashkenaz, Yom Kippur Evening, Selihot 6",408
"The Koren Yom Kippur Mahzor; Ashkenaz, Yom Kippur Evening, Selihot 7",409
"The Koren Yom Kippur Mahzor; Ashkenaz, Yom Kippur Evening, Selihot 8",410
"The Koren Yom Kippur Mahzor; Ashkenaz, Yom Kippur Evening, Selihot 9",411
"The Koren Yom Kippur Mahzor; Ashkenaz, Yom Kippur Evening, Selihot 10",412
"The Koren Yom Kippur Mahzor; Ashkenaz, Yom Kippur Evening, Selihot 11",413
"The Koren Yom Kippur Mahzor; Ashkenaz, Yom Kippur Evening, Selihot 12",414
"The Koren Yom Kippur Mahzor; Ashkenaz, Yom Kippur Evening, Selihot 13",415
"The Koren Yom Kippur Mahzor; Ashkenaz, Yom Kippur Evening, Selihot 14",416
"The Koren Yom Kippur Mahzor; Ashkenaz, Yom Kippur Evening, Selihot 15",417
"The Koren Yom Kippur Mahzor; Ashkenaz, Yom Kippur Evening, Selihot 16",418
"The Koren Yom Kippur Mahzor; Ashkenaz, Yom Kippur Evening, Selihot 17",419
"The Koren Yom Kippur Mahzor; Ashkenaz, Yom Kippur Evening, Selihot 18",420
"The Koren Yom Kippur Mahzor; Ashkenaz, Yom Kippur Evening, Selihot 19",421
"The Koren Yom Kippur Mahzor; Ashkenaz, Yom Kippur Evening, Selihot 20",422
"The Koren Yom Kippur Mahzor; Ashkenaz, Yom Kippur Evening, Selihot 21",423
"The Koren Yom Kippur Mahzor; Ashkenaz, Yom Kippur Evening, Selihot 22",424
"The Koren Yom Kippur Mahzor; Ashkenaz, Yom Kippur Evening, Selihot 23",425
"The Koren Yom Kippur Mahzor; Ashkenaz, Yom Kippur Evening, Selihot 24",426
"The Koren Yom Kippur Mahzor; Ashkenaz, Yom Kippur Evening, Selihot 25",427
"The Koren Yom Kippur Mahzor; Ashkenaz, Yom Kippur Evening, Selihot 26",428
"The Koren Yom Kippur Mahzor; Ashkenaz, Yom Kippur Evening, Selihot 27",429
"The Koren Yom Kippur Mahzor; Ashkenaz, Yom Kippur Evening, Selihot 28",430
"The Koren Yom Kippur Mahzor; Ashkenaz, Yom Kippur Evening, Selihot 29",431
"The Koren Yom Kippur Mahzor; Ashkenaz, Yom Kippur Evening, Selihot 30",432
"The Koren Yom Kippur Mahzor; Ashkenaz, Yom Kippur Evening, Selihot 31",433
"The Koren Yom Kippur Mahzor; Ashkenaz, Yom Kippur Evening, Selihot 32",434
"The Koren Yom Kippur Mahzor; Ashkenaz, Yom Kippur Evening, Selihot 33",435
"The Koren Yom Kippur Mahzor; Ashkenaz, Yom Kippur Evening, Selihot 34",436
"The Koren Yom Kippur Mahzor; Ashkenaz, Yom Kippur Evening, Selihot 35",437
"The Koren Yom Kippur Mahzor; Ashkenaz, Yom Kippur Evening, Selihot 36",438
"The Koren Yom Kippur Mahzor; Ashkenaz, Yom Kippur Evening, Selihot 37",439
"The Koren Yom Kippur Mahzor; Ashkenaz, Yom Kippur Evening, Selihot 38",440
"The Koren Yom Kippur Mahzor; Ashkenaz, Yom Kippur Evening, Selihot 39",441
"The Koren Yom Kippur Mahzor; Ashkenaz, Yom Kippur Evening, Selihot 40",442
"The Koren Yom Kippur Mahzor; Ashkenaz, Yom Kippur Evening, Selihot 41",443
"The Koren Yom Kippur Mahzor; Ashkenaz, Yom Kippur Evening, Selihot 42",444
"The Koren Yom Kippur Mahzor; Ashkenaz, Yom Kippur Evening, Selihot 43",445
"The Koren Yom Kippur Mahzor; Ashkenaz, Yom Kippur Evening, Selihot 44",446
"The Koren Yom Kippur Mahzor; Ashkenaz, Yom Kippur Evening, Selihot 45",447
"The Koren Yom Kippur Mahzor; Ashkenaz, Yom Kippur Evening, Selihot 46",448
"The Koren Yom Kippur Mahzor; Ashkenaz, Yom Kippur Evening, Selihot 47",449
"The Koren Yom Kippur Mahzor; Ashkenaz, Yom Kippur Evening, Selihot 48",450
"The Koren Yom Kippur Mahzor; Ashkenaz, Yom Kippur Evening, Selihot 49",451
"The Koren Yom Kippur Mahzor; Ashkenaz, Yom Kippur Evening, Selihot 50",452
"The Koren Yom Kippur Mahzor; Ashkenaz, Yom Kippur Evening, Selihot 51",453
"The Koren Yom Kippur Mahzor; Ashkenaz, Yom Kippur Evening, Selihot 52",454
"The Koren Yom Kippur Mahzor; Ashkenaz, Yom Kippur Evening, Selihot 53",455
"The Koren Yom Kippur Mahzor; Ashkenaz, Yom Kippur Evening, Selihot 54",456
"The Koren Yom Kippur Mahzor; Ashkenaz, Yom Kippur Evening, Selihot 55",457
"The Koren Yom Kippur Mahzor; Ashkenaz, Yom Kippur Evening, Selihot 56",458
"The Koren Yom Kippur Mahzor; Ashkenaz, Yom Kippur Evening, Selihot 57",459
"The Koren Yom Kippur Mahzor; Ashkenaz, Yom Kippur Evening, Selihot 58",460
"The Koren Yom Kippur Mahzor; Ashkenaz, Yom Kippur Evening, Selihot 59",461
"The Koren Yom Kippur Mahzor; Ashkenaz, Yom Kippur Evening, Selihot 60",462
"The Koren Yom Kippur Mahzor; Ashkenaz, Yom Kippur Evening, Selihot 61",463
"The Koren Yom Kippur Mahzor; Ashkenaz, Yom Kippur Evening, Selihot 62",464
"The Koren Yom Kippur Mahzor; Ashkenaz, Yom Kippur Evening, Selihot 63",465
"The Koren Yom Kippur Mahzor; Ashkenaz, Yom Kippur Evening, Selihot 64",466
"The Koren Yom Kippur Mahzor; Ashkenaz, Yom Kippur Evening, Selihot 65",467
"The Koren Yom Kippur Mahzor; Ashkenaz, Yom Kippur Evening, Selihot 66",468
"The Koren Yom Kippur Mahzor; Ashkenaz, Yom Kippur Evening, Selihot 67",469
"The Koren Yom Kippur Mahzor; Ashkenaz, Yom Kippur Evening, Selihot 68",470
"The Koren Yom Kippur Mahzor; Ashkenaz, Yom Kippur Evening, Selihot 69",471
"The Koren Yom Kippur Mahzor; Ashkenaz, Yom Kippur Evening, Selihot 70",472
"The Koren Yom Kippur Mahzor; Ashkenaz, Yom Kippur Evening, Selihot 71",473
"The Koren Yom Kippur Mahzor; Ashkenaz, Yom Kippur Evening, Selihot 72",474
"The Koren Yom Kippur Mahzor; Ashkenaz, Yom Kippur Evening, Selihot 73",475
"The Koren Yom Kippur Mahzor; Ashkenaz, Yom Kippur Evening, Selihot 74",476
"The Koren Yom Kippur Mahzor; Ashkenaz, Yom Kippur Evening, Selihot 75",477
"The Koren Yom Kippur Mahzor; Ashkenaz, Yom Kippur Evening, Selihot 76",478
"The Koren Yom Kippur Mahzor; Ashkenaz, Yom Kippur Evening, Selihot 77",479
"The Koren Yom Kippur Mahzor; Ashkenaz, Yom Kippur Evening, Selihot 78",480
"The Koren Yom Kippur Mahzor; Ashkenaz, Yom Kippur Evening, Selihot 79",481
"The Koren Yom Kippur Mahzor; Ashkenaz, Yom Kippur Evening, Selihot 80",482
"The Koren Yom Kippur Mahzor; Ashkenaz, Yom Kippur Evening, Selihot 81",483
"The Koren Yom Kippur Mahzor; Ashkenaz, Yom Kippur Evening, Selihot 82",484
"The Koren Yom Kippur Mahzor; Ashkenaz, Yom Kippur Evening, Selihot 83",485
"The Koren Yom Kippur Mahzor; Ashkenaz, Yom Kippur Evening, Selihot 84",486
"The Koren Yom Kippur Mahzor; Ashkenaz, Yom Kippur Evening, Selihot 85",487
"The Koren Yom Kippur Mahzor; Ashkenaz, Yom Kippur Evening, Selihot 86",488
"The Koren Yom Kippur Mahzor; Ashkenaz, Yom Kippur Evening, Selihot 87",489
"The Koren Yom Kippur Mahzor; Ashkenaz, Yom Kippur Evening, Selihot 88",490
"The Koren Yom Kippur Mahzor; Ashkenaz, Yom Kippur Evening, Selihot 89",491
"The Koren Yom Kippur Mahzor; Ashkenaz, Yom Kippur Evening, Selihot 90",492
"The Koren Yom Kippur Mahzor; Ashkenaz, Yom Kippur Evening, Selihot 91",493
"The Koren Yom Kippur Mahzor; Ashkenaz, Yom Kippur Evening, Selihot 92",494
"The Koren Yom Kippur Mahzor; Ashkenaz, Yom Kippur Evening, Selihot 93",495
"The Koren Yom Kippur Mahzor; Ashkenaz, Yom Kippur Evening, Selihot 94",496
"The Koren Yom Kippur Mahzor; Ashkenaz, Yom Kippur Evening, Selihot 95",497
"The Koren Yom Kippur Mahzor; Ashkenaz, Yom Kippur Evening, Selihot 96",498
"The Koren Yom Kippur Mahzor; Ashkenaz, Yom Kippur Evening, Selihot 97",499
"The Koren Yom Kippur Mahzor; Ashkenaz, Yom Kippur Evening, Selihot 98",500
"The Koren Yom Kippur Mahzor; Ashkenaz, Yom Kippur Evening, Selihot 99",501
"The Koren Yom Kippur Mahzor; Ashkenaz, Yom Kippur Evening, Selihot 100",502
"The Koren Yom Kippur Mahzor; Ashkenaz, Yom Kippur Evening, Selihot 101",503
"The Koren Yom Kippur Mahzor; Ashkenaz, Yom Kippur Evening, Selihot 102",504
"The Koren Yom Kippur Mahzor; Ashkenaz, Yom Kippur Evening, Selihot 103",505
"The Koren Yom Kippur Mahzor; Ashkenaz, Yom Kippur Evening, Selihot 104",506
"The Koren Yom Kippur Mahzor; Ashkenaz, Yom Kippur Evening, Selihot 105",507
"The Koren Yom Kippur Mahzor; Ashkenaz, Yom Kippur Evening, Selihot 106",508
"The Koren Yom Kippur Mahzor; Ashkenaz, Yom Kippur Evening, Selihot 107",509
"The Koren Yom Kippur Mahzor; Ashkenaz, Yom Kippur Evening, Selihot 108",510
"The Koren Yom Kippur Mahzor; Ashkenaz, Yom Kippur Evening, Selihot 109",511
"The Koren Yom Kippur Mahzor; Ashkenaz, Yom Kippur Evening, Selihot 110",512
"The Koren Yom Kippur Mahzor; Ashkenaz, Yom Kippur Evening, Selihot 111",513
"The Koren Yom Kippur Mahzor; Ashkenaz, Yom Kippur Evening, Selihot 112",514
"The Koren Yom Kippur Mahzor; Ashkenaz, Yom Kippur Evening, Selihot 113",515
"The Koren Yom Kippur Mahzor; Ashkenaz, Yom Kippur Evening, Selihot 114",516
"The Koren Yom Kippur Mahzor; Ashkenaz, Yom Kippur Evening, Selihot 115",517
"The Koren Yom Kippur Mahzor; Ashkenaz, Yom Kippur Evening, Selihot 116",518
"The Koren Yom Kippur Mahzor; Ashkenaz, Yom Kippur Evening, Selihot 117",519
"The Koren Yom Kippur Mahzor; Ashkenaz, Yom Kippur Evening, Selihot 118",520
"The Koren Yom Kippur Mahzor; Ashkenaz, Yom Kippur Evening, Selihot 119",521
"The Koren Yom Kippur Mahzor; Ashkenaz, Yom Kippur Evening, Selihot 120",522
"The Koren Yom Kippur Mahzor; Ashkenaz, Yom Kippur Evening, Selihot 121",523
"The Koren Yom Kippur Mahzor; Ashkenaz, Yom Kippur Evening, Selihot 122",524
"The Koren Yom Kippur Mahzor; Ashkenaz, Yom Kippur Evening, Selihot 123",525
"The Koren Yom Kippur Mahzor; Ashkenaz, Yom Kippur Evening, Selihot 124",526
"The Koren Yom Kippur Mahzor; Ashkenaz, Yom Kippur Evening, Selihot 125",527
"The Koren Yom Kippur Mahzor; Ashkenaz, Yom Kippur Evening, Selihot 126",528
"The Koren Yom Kippur Mahzor; Ashkenaz, Yom Kippur Evening, Selihot 127",529
"The Koren Yom Kippur Mahzor; Ashkenaz, Yom Kippur Evening, Selihot 128",530
"The Koren Yom Kippur Mahzor; Ashkenaz, Yom Kippur Evening, Selihot 129",531
"The Koren Yom Kippur Mahzor; Ashkenaz, Yom Kippur Evening, Selihot 130",532
"The Koren Yom Kippur Mahzor; Ashkenaz, Yom Kippur Evening, Selihot 131",533
"The Koren Yom Kippur Mahzor; Ashkenaz, Yom Kippur Evening, Selihot 132",534
"The Koren Yom Kippur Mahzor; Ashkenaz, Yom Kippur Evening, Selihot 133",535
"The Koren Yom Kippur Mahzor; Ashkenaz, Yom Kippur Evening, Selihot 134",536
"The Koren Yom Kippur Mahzor; Ashkenaz, Yom Kippur Evening, Selihot 135",537
"The Koren Yom Kippur Mahzor; Ashkenaz, Yom Kippur Evening, Selihot 136",538
"The Koren Yom Kippur Mahzor; Ashkenaz, Yom Kippur Evening, Selihot 137",539
"The Koren Yom Kippur Mahzor; Ashkenaz, Yom Kippur Evening, Selihot 138",540
"The Koren Yom Kippur Mahzor; Ashkenaz, Yom Kippur Evening, Selihot 139",541
"The Koren Yom Kippur Mahzor; Ashkenaz, Yom Kippur Evening, Selihot 140",542
"The Koren Yom Kippur Mahzor; Ashkenaz, Yom Kippur Evening, Selihot 141",543
"The Koren Yom Kippur Mahzor; Ashkenaz, Yom Kippur Evening, Selihot 142",544
"The Koren Yom Kippur Mahzor; Ashkenaz, Yom Kippur Evening, Selihot 143",545
"The Koren Yom Kippur Mahzor; Ashkenaz, Yom Kippur Evening, Selihot 144",546
"The Koren Yom Kippur Mahzor; Ashkenaz, Yom Kippur Evening, Selihot 145",547
"The Koren Yom Kippur Mahzor; Ashkenaz, Yom Kippur Evening, Selihot 146",548
"The Koren Yom Kippur Mahzor; Ashkenaz, Yom Kippur Evening, Selihot 147",549
"The Koren Yom Kippur Mahzor; Ashkenaz, Yom Kippur Evening, Selihot 148",550
"The Koren Yom Kippur Mahzor; Ashkenaz, Yom Kippur Evening, Selihot 149",551
"The Koren Yom Kippur Mahzor; Ashkenaz, Yom Kippur Evening, Selihot 150",552
"The Koren Yom Kippur Mahzor; Ashkenaz, Yom Kippur Evening, Selihot 151",553
"The Koren Yom Kippur Mahzor; Ashkenaz, Yom Kippur Evening, Selihot 152",554
"The Koren Yom Kippur Mahzor; Ashkenaz, Yom Kippur Evening, Viduy 1",556
"The Koren Yom Kippur Mahzor; Ashkenaz, Yom Kippur Evening, Viduy 2",557
"The Koren Yom Kippur Mahzor; Ashkenaz, Yom Kippur Evening, Viduy 3",558
"The Koren Yom Kippur Mahzor; Ashkenaz, Yom Kippur Evening, Viduy 4",559
"The Koren Yom Kippur Mahzor; Ashkenaz, Yom Kippur Evening, Viduy 5",560
"The Koren Yom Kippur Mahzor; Ashkenaz, Yom Kippur Evening, Viduy 6",561
"The Koren Yom Kippur Mahzor; Ashkenaz, Yom Kippur Evening, Viduy 7",562
"The Koren Yom Kippur Mahzor; Ashkenaz, Yom Kippur Evening, Viduy 8",563
"The Koren Yom Kippur Mahzor; Ashkenaz, Yom Kippur Evening, Viduy 9",564
"The Koren Yom Kippur Mahzor; Ashkenaz, Yom Kippur Evening, Viduy 10",565
"The Koren Yom Kippur Mahzor; Ashkenaz, Yom Kippur Evening, Viduy 11",566
"The Koren Yom Kippur Mahzor; Ashkenaz, Yom Kippur Evening, Viduy 12",567
"The Koren Yom Kippur Mahzor; Ashkenaz, Yom Kippur Evening, Viduy 13",568
"The Koren Yom Kippur Mahzor; Ashkenaz, Yom Kippur Evening, Viduy 14",569
"The Koren Yom Kippur Mahzor; Ashkenaz, Yom Kippur Evening, Viduy 15",570
"The Koren Yom Kippur Mahzor; Ashkenaz, Yom Kippur Evening, Viduy 16",571
"The Koren Yom Kippur Mahzor; Ashkenaz, Yom Kippur Evening, Viduy 17",572
"The Koren Yom Kippur Mahzor; Ashkenaz, Yom Kippur Evening, Viduy 18",573
"The Koren Yom Kippur Mahzor; Ashkenaz, Yom Kippur Evening, Viduy 19",574
"The Koren Yom Kippur Mahzor; Ashkenaz, Yom Kippur Evening, Viduy 20",575
"The Koren Yom Kippur Mahzor; Ashkenaz, Yom Kippur Evening, Viduy 21",576
"The Koren Yom Kippur Mahzor; Ashkenaz, Yom Kippur Evening, Viduy 22",577
"The Koren Yom Kippur Mahzor; Ashkenaz, Yom Kippur Evening, Viduy 23",578
"The Koren Yom Kippur Mahzor; Ashkenaz, Yom Kippur Evening, Viduy 24",579
"The Koren Yom Kippur Mahzor; Ashkenaz, Yom Kippur Evening, Viduy 25",580
"The Koren Yom Kippur Mahzor; Ashkenaz, Yom Kippur Evening, Viduy 26",581
"The Koren Yom Kippur Mahzor; Ashkenaz, Yom Kippur Evening, Viduy 27",582
"The Koren Yom Kippur Mahzor; Ashkenaz, Yom Kippur Evening, Viduy 28",583
"The Koren Yom Kippur Mahzor; Ashkenaz, Yom Kippur Evening, Viduy 29",584
"The Koren Yom Kippur Mahzor; Ashkenaz, Yom Kippur Evening, Viduy 30",585
"The Koren Yom Kippur Mahzor; Ashkenaz, Yom Kippur Evening, Viduy 31",586
"The Koren Yom Kippur Mahzor; Ashkenaz, Yom Kippur Evening, Viduy 32",587
"The Koren Yom Kippur Mahzor; Ashkenaz, Yom Kippur Evening, Viduy 33",588
"The Koren Yom Kippur Mahzor; Ashkenaz, Yom Kippur Evening, Viduy 34",589
"The Koren Yom Kippur Mahzor; Ashkenaz, Yom Kippur Evening, Viduy 35",590
"The Koren Yom Kippur Mahzor; Ashkenaz, Yom Kippur Evening, Viduy 36",591
"The Koren Yom Kippur Mahzor; Ashkenaz, Yom Kippur Evening, Viduy 37",592
"The Koren Yom Kippur Mahzor; Ashkenaz, Yom Kippur Evening, Viduy 38",593
"The Koren Yom Kippur Mahzor; Ashkenaz, Yom Kippur Evening, Viduy 39",594
"The Koren Yom Kippur Mahzor; Ashkenaz, Yom Kippur Evening, Viduy 40",595
"The Koren Yom Kippur Mahzor; Ashkenaz, Yom Kippur Evening, Viduy 41",596
"The Koren Yom Kippur Mahzor; Ashkenaz, Yom Kippur Evening, Viduy 42",597
"The Koren Yom Kippur Mahzor; Ashkenaz, Yom Kippur Evening, Viduy 43",598
"The Koren Yom Kippur Mahzor; Ashkenaz, Yom Kippur Evening, Viduy 44",599
"The Koren Yom Kippur Mahzor; Ashkenaz, Yom Kippur Evening, Viduy 45",600
"The Koren Yom Kippur Mahzor; Ashkenaz, Yom Kippur Evening, Viduy 46",601
"The Koren Yom Kippur Mahzor; Ashkenaz, Yom Kippur Evening, Viduy 47",602
"The Koren Yom Kippur Mahzor; Ashkenaz, Yom Kippur Evening, Viduy 48",603
"The Koren Yom Kippur Mahzor; Ashkenaz, Yom Kippur Evening, Viduy 49",604
"The Koren Yom Kippur Mahzor; Ashkenaz, Yom Kippur Evening, Viduy 50",605
"The Koren Yom Kippur Mahzor; Ashkenaz, Yom Kippur Evening, Viduy 51",606
"The Koren Yom Kippur Mahzor; Ashkenaz, Yom Kippur Evening, Viduy 52",607
"The Koren Yom Kippur Mahzor; Ashkenaz, Yom Kippur Evening, Viduy 53",608
"The Koren Yom Kippur Mahzor; Ashkenaz, Yom Kippur Evening, Viduy 54",609
"The Koren Yom Kippur Mahzor; Ashkenaz, Yom Kippur Evening, Viduy 55",610
"The Koren Yom Kippur Mahzor; Ashkenaz, Yom Kippur Evening, Viduy 56",611
"The Koren Yom Kippur Mahzor; Ashkenaz, Yom Kippur Evening, Viduy 57",612
"The Koren Yom Kippur Mahzor; Ashkenaz, Yom Kippur Evening, Viduy 58",613
"The Koren Yom Kippur Mahzor; Ashkenaz, Yom Kippur Evening, Viduy 59",614
"The Koren Yom Kippur Mahzor; Ashkenaz, Yom Kippur Evening, Viduy 60",615
"The Koren Yom Kippur Mahzor; Ashkenaz, Yom Kippur Evening, Viduy 61",616
"The Koren Yom Kippur Mahzor; Ashkenaz, Yom Kippur Evening, Viduy 62",617
"The Koren Yom Kippur Mahzor; Ashkenaz, Yom Kippur Evening, Viduy 63",618
"The Koren Yom Kippur Mahzor; Ashkenaz, Yom Kippur Evening, Viduy 64",619
"The Koren Yom Kippur Mahzor; Ashkenaz, Yom Kippur Evening, Viduy 65",620
"The Koren Yom Kippur Mahzor; Ashkenaz, Yom Kippur Evening, Viduy 66",621
"The Koren Yom Kippur Mahzor; Ashkenaz, Yom Kippur Evening, Viduy 67",622
"The Koren Yom Kippur Mahzor; Ashkenaz, Yom Kippur Evening, Viduy 68",623
"The Koren Yom Kippur Mahzor; Ashkenaz, Yom Kippur Evening, Viduy 69",624
"The Koren Yom Kippur Mahzor; Ashkenaz, Yom Kippur Evening, Viduy 70",625
"The Koren Yom Kippur Mahzor; Ashkenaz, Yom Kippur Evening, Viduy 71",626
"The Koren Yom Kippur Mahzor; Ashkenaz, Yom Kippur Evening, Viduy 72",627
"The Koren Yom Kippur Mahzor; Ashkenaz, Yom Kippur Evening, Viduy 73",628
"The Koren Yom Kippur Mahzor; Ashkenaz, Yom Kippur Evening, Viduy 74",629
"The Koren Yom Kippur Mahzor; Ashkenaz, Yom Kippur Evening, Viduy 75",630
"The Koren Yom Kippur Mahzor; Ashkenaz, Yom Kippur Evening, Avinu Malkenu 1",632
"The Koren Yom Kippur Mahzor; Ashkenaz, Yom Kippur Evening, Avinu Malkenu 2",633
"The Koren Yom Kippur Mahzor; Ashkenaz, Yom Kippur Evening, Avinu Malkenu 3",634
"The Koren Yom Kippur Mahzor; Ashkenaz, Yom Kippur Evening, Avinu Malkenu 4",635
"The Koren Yom Kippur Mahzor; Ashkenaz, Yom Kippur Evening, Avinu Malkenu 5",636
"The Koren Yom Kippur Mahzor; Ashkenaz, Yom Kippur Evening, Avinu Malkenu 6",637
"The Koren Yom Kippur Mahzor; Ashkenaz, Yom Kippur Evening, Avinu Malkenu 7",638
"The Koren Yom Kippur Mahzor; Ashkenaz, Yom Kippur Evening, Avinu Malkenu 8",639
"The Koren Yom Kippur Mahzor; Ashkenaz, Yom Kippur Evening, Avinu Malkenu 9",640
"The Koren Yom Kippur Mahzor; Ashkenaz, Yom Kippur Evening, Avinu Malkenu 10",641
"The Koren Yom Kippur Mahzor; Ashkenaz, Yom Kippur Evening, Avinu Malkenu 11",642
"The Koren Yom Kippur Mahzor; Ashkenaz, Yom Kippur Evening, Avinu Malkenu 12",643
"The Koren Yom Kippur Mahzor; Ashkenaz, Yom Kippur Evening, Avinu Malkenu 13",644
"The Koren Yom Kippur Mahzor; Ashkenaz, Yom Kippur Evening, Avinu Malkenu 14",645
"The Koren Yom Kippur Mahzor; Ashkenaz, Yom Kippur Evening, Avinu Malkenu 15",646
"The Koren Yom Kippur Mahzor; Ashkenaz, Yom Kippur Evening, Avinu Malkenu 16",647
"The Koren Yom Kippur Mahzor; Ashkenaz, Yom Kippur Evening, Avinu Malkenu 17",648
"The Koren Yom Kippur Mahzor; Ashkenaz, Yom Kippur Evening, Avinu Malkenu 18",649
"The Koren Yom Kippur Mahzor; Ashkenaz, Yom Kippur Evening, Avinu Malkenu 19",650
"The Koren Yom Kippur Mahzor; Ashkenaz, Yom Kippur Evening, Avinu Malkenu 20",651
"The Koren Yom Kippur Mahzor; Ashkenaz, Yom Kippur Evening, Avinu Malkenu 21",652
"The Koren Yom Kippur Mahzor; Ashkenaz, Yom Kippur Evening, Avinu Malkenu 22",653
"The Koren Yom Kippur Mahzor; Ashkenaz, Yom Kippur Evening, Avinu Malkenu 23",654
"The Koren Yom Kippur Mahzor; Ashkenaz, Yom Kippur Evening, Avinu Malkenu 24",655
"The Koren Yom Kippur Mahzor; Ashkenaz, Yom Kippur Evening, Avinu Malkenu 25",656
"The Koren Yom Kippur Mahzor; Ashkenaz, Yom Kippur Evening, Avinu Malkenu 26",657
"The Koren Yom Kippur Mahzor; Ashkenaz, Yom Kippur Evening, Avinu Malkenu 27",658
"The Koren Yom Kippur Mahzor; Ashkenaz, Yom Kippur Evening, Avinu Malkenu 28",659
"The Koren Yom Kippur Mahzor; Ashkenaz, Yom Kippur Evening, Avinu Malkenu 29",660
"The Koren Yom Kippur Mahzor; Ashkenaz, Yom Kippur Evening, Avinu Malkenu 30",661
"The Koren Yom Kippur Mahzor; Ashkenaz, Yom Kippur Evening, Avinu Malkenu 31",662
"The Koren Yom Kippur Mahzor; Ashkenaz, Yom Kippur Evening, Avinu Malkenu 32",663
"The Koren Yom Kippur Mahzor; Ashkenaz, Yom Kippur Evening, Avinu Malkenu 33",664
"The Koren Yom Kippur Mahzor; Ashkenaz, Yom Kippur Evening, Avinu Malkenu 34",665
"The Koren Yom Kippur Mahzor; Ashkenaz, Yom Kippur Evening, Avinu Malkenu 35",666
"The Koren Yom Kippur Mahzor; Ashkenaz, Yom Kippur Evening, Avinu Malkenu 36",667
"The Koren Yom Kippur Mahzor; Ashkenaz, Yom Kippur Evening, Avinu Malkenu 37",668
"The Koren Yom Kippur Mahzor; Ashkenaz, Yom Kippur Evening, Avinu Malkenu 38",669
"The Koren Yom Kippur Mahzor; Ashkenaz, Yom Kippur Evening, Avinu Malkenu 39",670
"The Koren Yom Kippur Mahzor; Ashkenaz, Yom Kippur Evening, Avinu Malkenu 40",671
"The Koren Yom Kippur Mahzor; Ashkenaz, Yom Kippur Evening, Avinu Malkenu 41",672
"The Koren Yom Kippur Mahzor; Ashkenaz, Yom Kippur Evening, Avinu Malkenu 42",673
"The Koren Yom Kippur Mahzor; Ashkenaz, Yom Kippur Evening, Avinu Malkenu 43",674
"The Koren Yom Kippur Mahzor; Ashkenaz, Yom Kippur Evening, Avinu Malkenu 44",675
"The Koren Yom Kippur Mahzor; Ashkenaz, Yom Kippur Evening, Avinu Malkenu 45",676
"The Koren Yom Kippur Mahzor; Ashkenaz, Yom Kippur Evening, Avinu Malkenu 46",677
"The Koren Yom Kippur Mahzor; Ashkenaz, Yom Kippur Evening, Avinu Malkenu 47",678
"The Koren Yom Kippur Mahzor; Ashkenaz, Yom Kippur Evening, Avinu Malkenu 48",679
"The Koren Yom Kippur Mahzor; Ashkenaz, Yom Kippur Evening, Avinu Malkenu 49",680
"The Koren Yom Kippur Mahzor; Ashkenaz, Yom Kippur Evening, Avinu Malkenu 50",681
"The Koren Yom Kippur Mahzor; Ashkenaz, Yom Kippur Evening, Avinu Malkenu 51",682
"The Koren Yom Kippur Mahzor; Ashkenaz, Yom Kippur Evening, Avinu Malkenu 52",683
"The Koren Yom Kippur Mahzor; Ashkenaz, Yom Kippur Evening, Avinu Malkenu 53",684
"The Koren Yom Kippur Mahzor; Ashkenaz, Yom Kippur Evening, Avinu Malkenu 54",685
"The Koren Yom Kippur Mahzor; Ashkenaz, Yom Kippur Evening, Avinu Malkenu 55",686
"The Koren Yom Kippur Mahzor; Ashkenaz, Yom Kippur Evening, Avinu Malkenu 56",687
"The Koren Yom Kippur Mahzor; Ashkenaz, Yom Kippur Evening, Avinu Malkenu 57",688
"The Koren Yom Kippur Mahzor; Ashkenaz, Yom Kippur Evening, Avinu Malkenu 58",689
"The Koren Yom Kippur Mahzor; Ashkenaz, Yom Kippur Evening, Avinu Malkenu 59",690
"The Koren Yom Kippur Mahzor; Ashkenaz, Yom Kippur Evening, Avinu Malkenu 60",691
"The Koren Yom Kippur Mahzor; Ashkenaz, Yom Kippur Evening, Avinu Malkenu 61",692
"The Koren Yom Kippur Mahzor; Ashkenaz, Yom Kippur Evening, Avinu Malkenu 62",693
"The Koren Yom Kippur Mahzor; Ashkenaz, Yom Kippur Evening, Avinu Malkenu 63",694
"The Koren Yom Kippur Mahzor; Ashkenaz, Yom Kippur Evening, Avinu Malkenu 64",695
"The Koren Yom Kippur Mahzor; Ashkenaz, Yom Kippur Evening, Avinu Malkenu 65",696
"The Koren Yom Kippur Mahzor; Ashkenaz, Yom Kippur Evening, Avinu Malkenu 66",697
"The Koren Yom Kippur Mahzor; Ashkenaz, Yom Kippur Evening, Avinu Malkenu 67",698
"The Koren Yom Kippur Mahzor; Ashkenaz, Yom Kippur Evening, Avinu Malkenu 68",699
"The Koren Yom Kippur Mahzor; Ashkenaz, Yom Kippur Evening, Avinu Malkenu 69",700
"The Koren Yom Kippur Mahzor; Ashkenaz, Yom Kippur Evening, Avinu Malkenu 70",701
"The Koren Yom Kippur Mahzor; Ashkenaz, Yom Kippur Evening, Avinu Malkenu 71",702
"The Koren Yom Kippur Mahzor; Ashkenaz, Yom Kippur Evening, Avinu Malkenu 72",703
"The Koren Yom Kippur Mahzor; Ashkenaz, Yom Kippur Evening, Avinu Malkenu 73",704
"The Koren Yom Kippur Mahzor; Ashkenaz, Yom Kippur Evening, Avinu Malkenu 74",705
"The Koren Yom Kippur Mahzor; Ashkenaz, Yom Kippur Evening, Avinu Malkenu 75",706
"The Koren Yom Kippur Mahzor; Ashkenaz, Yom Kippur Evening, Avinu Malkenu 76",707
"The Koren Yom Kippur Mahzor; Ashkenaz, Yom Kippur Evening, Avinu Malkenu 77",708
"The Koren Yom Kippur Mahzor; Ashkenaz, Yom Kippur Evening, Avinu Malkenu 78",709
"The Koren Yom Kippur Mahzor; Ashkenaz, Yom Kippur Evening, Avinu Malkenu 79",710
"The Koren Yom Kippur Mahzor; Ashkenaz, Yom Kippur Evening, Avinu Malkenu 80",711
"The Koren Yom Kippur Mahzor; Ashkenaz, Yom Kippur Evening, Avinu Malkenu 81",712
"The Koren Yom Kippur Mahzor; Ashkenaz, Yom Kippur Evening, Avinu Malkenu 82",713
"The Koren Yom Kippur Mahzor; Ashkenaz, Yom Kippur Evening, Avinu Malkenu 83",714
"The Koren Yom Kippur Mahzor; Ashkenaz, Yom Kippur Evening, Avinu Malkenu 84",715
"The Koren Yom Kippur Mahzor; Ashkenaz, Yom Kippur Evening, Avinu Malkenu 85",716
"The Koren Yom Kippur Mahzor; Ashkenaz, Yom Kippur Evening, Avinu Malkenu 86",717
"The Koren Yom Kippur Mahzor; Ashkenaz, Yom Kippur Evening, Avinu Malkenu 87",718
"The Koren Yom Kippur Mahzor; Ashkenaz, Yom Kippur Evening, Avinu Malkenu 88",719
"The Koren Yom Kippur Mahzor; Ashkenaz, Yom Kippur Evening, Avinu Malkenu 89",720
"The Koren Yom Kippur Mahzor; Ashkenaz, Yom Kippur Evening, Avinu Malkenu 90",721
"The Koren Yom Kippur Mahzor; Ashkenaz, Yom Kippur Evening, Avinu Malkenu 91",722
"The Koren Yom Kippur Mahzor; Ashkenaz, Yom Kippur Evening, Avinu Malkenu 92",723
"The Koren Yom Kippur Mahzor; Ashkenaz, Yom Kippur Evening, Avinu Malkenu 93",724
"The Koren Yom Kippur Mahzor; Ashkenaz, Yom Kippur Evening, Avinu Malkenu 94",725
"The Koren Yom Kippur Mahzor; Ashkenaz, Yom Kippur Evening, Avinu Malkenu 95",726
"The Koren Yom Kippur Mahzor; Ashkenaz, Yom Kippur Evening, Avinu Malkenu 96",727
"The Koren Yom Kippur Mahzor; Ashkenaz, Yom Kippur Evening, Avinu Malkenu 97",728
"The Koren Yom Kippur Mahzor; Ashkenaz, Yom Kippur Evening, Avinu Malkenu 98",729
"The Koren Yom Kippur Mahzor; Ashkenaz, Yom Kippur Evening, Avinu Malkenu 99",730
"The Koren Yom Kippur Mahzor; Ashkenaz, Yom Kippur Evening, Avinu Malkenu 100",731
"The Koren Yom Kippur Mahzor; Ashkenaz, Yom Kippur Evening, Avinu Malkenu 101",732
"The Koren Yom Kippur Mahzor; Ashkenaz, Yom Kippur Evening, Avinu Malkenu 102",733
"The Koren Yom Kippur Mahzor; Ashkenaz, Yom Kippur Evening, Avinu Malkenu 103",734
"The Koren Yom Kippur Mahzor; Ashkenaz, Yom Kippur Evening, Avinu Malkenu 104",735
"The Koren Yom Kippur Mahzor; Ashkenaz, Yom Kippur Evening, Avinu Malkenu 105",736
"The Koren Yom Kippur Mahzor; Ashkenaz, Yom Kippur Evening, Avinu Malkenu 106",737
"The Koren Yom Kippur Mahzor; Ashkenaz, Yom Kippur Evening, Shir HaYichud 1",739
"The Koren Yom Kippur Mahzor; Ashkenaz, Yom Kippur Evening, Shir HaYichud 2",740
"The Koren Yom Kippur Mahzor; Ashkenaz, Yom Kippur Evening, Shir HaYichud 3",741
"The Koren Yom Kippur Mahzor; Ashkenaz, Yom Kippur Evening, Shir HaYichud 4",742
"The Koren Yom Kippur Mahzor; Ashkenaz, Yom Kippur Evening, Shir HaYichud 5",743
"The Koren Yom Kippur Mahzor; Ashkenaz, Yom Kippur Evening, Shir HaYichud 6",744
"The Koren Yom Kippur Mahzor; Ashkenaz, Yom Kippur Evening, Shir HaYichud 7",745
"The Koren Yom Kippur Mahzor; Ashkenaz, Yom Kippur Evening, Shir HaYichud 8",746
"The Koren Yom Kippur Mahzor; Ashkenaz, Yom Kippur Evening, Shir HaYichud 9",747
"The Koren Yom Kippur Mahzor; Ashkenaz, Yom Kippur Evening, Shir HaYichud 10",748
"The Koren Yom Kippur Mahzor; Ashkenaz, Yom Kippur Evening, Shir HaYichud 11",749
"The Koren Yom Kippur Mahzor; Ashkenaz, Yom Kippur Evening, Shir HaYichud 12",750
"The Koren Yom Kippur Mahzor; Ashkenaz, Yom Kippur Evening, Shir HaYichud 13",751
"The Koren Yom Kippur Mahzor; Ashkenaz, Yom Kippur Evening, Shir HaYichud 14",752
"The Koren Yom Kippur Mahzor; Ashkenaz, Yom Kippur Evening, Shir HaYichud 15",753
"The Koren Yom Kippur Mahzor; Ashkenaz, Yom Kippur Evening, Shir HaYichud 16",754
"The Koren Yom Kippur Mahzor; Ashkenaz, Yom Kippur Evening, Shir HaYichud 17",755
"The Koren Yom Kippur Mahzor; Ashkenaz, Yom Kippur Evening, Shir HaYichud 18",756
"The Koren Yom Kippur Mahzor; Ashkenaz, Yom Kippur Evening, Shir HaYichud 19",757
"The Koren Yom Kippur Mahzor; Ashkenaz, Yom Kippur Evening, Shir HaYichud 20",758
"The Koren Yom Kippur Mahzor; Ashkenaz, Yom Kippur Evening, Shir HaYichud 21",759
"The Koren Yom Kippur Mahzor; Ashkenaz, Yom Kippur Evening, Shir HaYichud 22",760
"The Koren Yom Kippur Mahzor; Ashkenaz, Yom Kippur Evening, Shir HaYichud 23",761
"The Koren Yom Kippur Mahzor; Ashkenaz, Yom Kippur Evening, Shir HaYichud 24",762
"The Koren Yom Kippur Mahzor; Ashkenaz, Yom Kippur Evening, Shir HaYichud 25",763
"The Koren Yom Kippur Mahzor; Ashkenaz, Yom Kippur Evening, Shir HaYichud 26",764
"The Koren Yom Kippur Mahzor; Ashkenaz, Yom Kippur Evening, Shir HaYichud 27",765
"The Koren Yom Kippur Mahzor; Ashkenaz, Yom Kippur Evening, Shir HaYichud 28",766
"The Koren Yom Kippur Mahzor; Ashkenaz, Yom Kippur Evening, Shir HaYichud 29",767
"The Koren Yom Kippur Mahzor; Ashkenaz, Yom Kippur Evening, Shir HaYichud 30",768
"The Koren Yom Kippur Mahzor; Ashkenaz, Yom Kippur Evening, Shir HaYichud 31",769
"The Koren Yom Kippur Mahzor; Ashkenaz, Yom Kippur Evening, Shir HaYichud 32",770
"The Koren Yom Kippur Mahzor; Ashkenaz, Yom Kippur Evening, Shir HaYichud 33",771
"The Koren Yom Kippur Mahzor; Ashkenaz, Yom Kippur Evening, Shir HaYichud 34",772
"The Koren Yom Kippur Mahzor; Ashkenaz, Yom Kippur Evening, Shir HaYichud 35",773
"The Koren Yom Kippur Mahzor; Ashkenaz, Yom Kippur Evening, Shir HaYichud 36",774
"The Koren Yom Kippur Mahzor; Ashkenaz, Yom Kippur Evening, Shir HaYichud 37",775
"The Koren Yom Kippur Mahzor; Ashkenaz, Yom Kippur Evening, Shir HaYichud 38",776
"The Koren Yom Kippur Mahzor; Ashkenaz, Yom Kippur Evening, Shir HaYichud 39",777
"The Koren Yom Kippur Mahzor; Ashkenaz, Yom Kippur Evening, Shir HaYichud 40",778
"The Koren Yom Kippur Mahzor; Ashkenaz, Yom Kippur Evening, Shir HaYichud 41",779
"The Koren Yom Kippur Mahzor; Ashkenaz, Yom Kippur Evening, Shir HaYichud 42",780
"The Koren Yom Kippur Mahzor; Ashkenaz, Yom Kippur Evening, Shir HaYichud 43",781
"The Koren Yom Kippur Mahzor; Ashkenaz, Yom Kippur Evening, Shir HaYichud 44",782
"The Koren Yom Kippur Mahzor; Ashkenaz, Yom Kippur Evening, Shir HaYichud 45",783
"The Koren Yom Kippur Mahzor; Ashkenaz, Yom Kippur Evening, Shir HaYichud 46",784
"The Koren Yom Kippur Mahzor; Ashkenaz, Yom Kippur Evening, Shir HaYichud 47",785
"The Koren Yom Kippur Mahzor; Ashkenaz, Yom Kippur Evening, Shir HaYichud 48",786
"The Koren Yom Kippur Mahzor; Ashkenaz, Yom Kippur Evening, Shir HaYichud 49",787
"The Koren Yom Kippur Mahzor; Ashkenaz, Yom Kippur Evening, Shir HaYichud 50",788
"The Koren Yom Kippur Mahzor; Ashkenaz, Yom Kippur Evening, Shir HaYichud 51",789
"The Koren Yom Kippur Mahzor; Ashkenaz, Yom Kippur Evening, Shir HaYichud 52",790
"The Koren Yom Kippur Mahzor; Ashkenaz, Yom Kippur Evening, Shir HaYichud 53",791
"The Koren Yom Kippur Mahzor; Ashkenaz, Yom Kippur Evening, Shir HaYichud 54",792
"The Koren Yom Kippur Mahzor; Ashkenaz, Yom Kippur Evening, Shir HaYichud 55",793
"The Koren Yom Kippur Mahzor; Ashkenaz, Yom Kippur Evening, Shir HaYichud 56",794
"The Koren Yom Kippur Mahzor; Ashkenaz, Yom Kippur Evening, Shir HaYichud 57",795
"The Koren Yom Kippur Mahzor; Ashkenaz, Yom Kippur Evening, Shir HaYichud 58",796
"The Koren Yom Kippur Mahzor; Ashkenaz, Yom Kippur Evening, Shir HaYichud 59",797
"The Koren Yom Kippur Mahzor; Ashkenaz, Yom Kippur Evening, Shir HaYichud 60",798
"The Koren Yom Kippur Mahzor; Ashkenaz, Yom Kippur Evening, Shir HaYichud 61",799
"The Koren Yom Kippur Mahzor; Ashkenaz, Yom Kippur Evening, Shir HaYichud 62",800
"The Koren Yom Kippur Mahzor; Ashkenaz, Yom Kippur Evening, Shir HaYichud 63",801
"The Koren Yom Kippur Mahzor; Ashkenaz, Yom Kippur Evening, Shir HaYichud 64",802
"The Koren Yom Kippur Mahzor; Ashkenaz, Yom Kippur Evening, Shir HaYichud 65",803
"The Koren Yom Kippur Mahzor; Ashkenaz, Yom Kippur Evening, Shir HaYichud 66",804
"The Koren Yom Kippur Mahzor; Ashkenaz, Yom Kippur Evening, Shir HaYichud 67",805
"The Koren Yom Kippur Mahzor; Ashkenaz, Yom Kippur Evening, Shir HaYichud 68",806
"The Koren Yom Kippur Mahzor; Ashkenaz, Yom Kippur Evening, Shir HaYichud 69",807
"The Koren Yom Kippur Mahzor; Ashkenaz, Yom Kippur Evening, Shir HaYichud 70",808
"The Koren Yom Kippur Mahzor; Ashkenaz, Yom Kippur Evening, Shir HaYichud 71",809
"The Koren Yom Kippur Mahzor; Ashkenaz, Yom Kippur Evening, Shir HaYichud 72",810
"The Koren Yom Kippur Mahzor; Ashkenaz, Yom Kippur Evening, Shir HaYichud 73",811
"The Koren Yom Kippur Mahzor; Ashkenaz, Yom Kippur Evening, Shir HaYichud 74",812
"The Koren Yom Kippur Mahzor; Ashkenaz, Yom Kippur Evening, Shir HaYichud 75",813
"The Koren Yom Kippur Mahzor; Ashkenaz, Yom Kippur Evening, Shir HaYichud 76",814
"The Koren Yom Kippur Mahzor; Ashkenaz, Yom Kippur Evening, Shir HaYichud 77",815
"The Koren Yom Kippur Mahzor; Ashkenaz, Yom Kippur Evening, Shir HaYichud 78",816
"The Koren Yom Kippur Mahzor; Ashkenaz, Yom Kippur Evening, Shir HaYichud 79",817
"The Koren Yom Kippur Mahzor; Ashkenaz, Yom Kippur Evening, Shir HaYichud 80",818
"The Koren Yom Kippur Mahzor; Ashkenaz, Yom Kippur Evening, Shir HaYichud 81",819
"The Koren Yom Kippur Mahzor; Ashkenaz, Yom Kippur Evening, Shir HaYichud 82",820
"The Koren Yom Kippur Mahzor; Ashkenaz, Yom Kippur Evening, Shir HaYichud 83",821
"The Koren Yom Kippur Mahzor; Ashkenaz, Yom Kippur Evening, Shir HaYichud 84",822
"The Koren Yom Kippur Mahzor; Ashkenaz, Yom Kippur Evening, Shir HaYichud 85",823
"The Koren Yom Kippur Mahzor; Ashkenaz, Yom Kippur Evening, Shir HaYichud 86",824
"The Koren Yom Kippur Mahzor; Ashkenaz, Yom Kippur Evening, Shir HaYichud 87",825
"The Koren Yom Kippur Mahzor; Ashkenaz, Yom Kippur Evening, Shir HaYichud 88",826
"The Koren Yom Kippur Mahzor; Ashkenaz, Yom Kippur Evening, Shir HaYichud 89",827
"The Koren Yom Kippur Mahzor; Ashkenaz, Yom Kippur Evening, Shir HaYichud 90",828
"The Koren Yom Kippur Mahzor; Ashkenaz, Yom Kippur Evening, Shir HaYichud 91",829
"The Koren Yom Kippur Mahzor; Ashkenaz, Yom Kippur Evening, Shir HaYichud 92",830
"The Koren Yom Kippur Mahzor; Ashkenaz, Yom Kippur Evening, Shir HaYichud 93",831
"The Koren Yom Kippur Mahzor; Ashkenaz, Yom Kippur Evening, Shir HaYichud 94",832
"The Koren Yom Kippur Mahzor; Ashkenaz, Yom Kippur Evening, Shir HaYichud 95",833
"The Koren Yom Kippur Mahzor; Ashkenaz, Yom Kippur Evening, Shir HaYichud 96",834
"The Koren Yom Kippur Mahzor; Ashkenaz, Yom Kippur Evening, Shir HaYichud 97",835
"The Koren Yom Kippur Mahzor; Ashkenaz, Yom Kippur Evening, Shir HaYichud 98",836
"The Koren Yom Kippur Mahzor; Ashkenaz, Yom Kippur Evening, Shir HaYichud 99",837
"The Koren Yom Kippur Mahzor; Ashkenaz, Yom Kippur Evening, Shir HaYichud 100",838
"The Koren Yom Kippur Mahzor; Ashkenaz, Yom Kippur Evening, Shir HaYichud 101",839
"The Koren Yom Kippur Mahzor; Ashkenaz, Yom Kippur Evening, Shir HaYichud 102",840
"The Koren Yom Kippur Mahzor; Ashkenaz, Yom Kippur Evening, Shir HaYichud 103",841
"The Koren Yom Kippur Mahzor; Ashkenaz, Yom Kippur Evening, Shir HaYichud 104",842
"The Koren Yom Kippur Mahzor; Ashkenaz, Yom Kippur Evening, Shir HaYichud 105",843
"The Koren Yom Kippur Mahzor; Ashkenaz, Yom Kippur Evening, Shir HaYichud 106",844
"The Koren Yom Kippur Mahzor; Ashkenaz, Yom Kippur Evening, Shir HaYichud 107",845
"The Koren Yom Kippur Mahzor; Ashkenaz, Yom Kippur Evening, Shir HaYichud 108",846
"The Koren Yom Kippur Mahzor; Ashkenaz, Yom Kippur Evening, Shir HaYichud 109",847
"The Koren Yom Kippur Mahzor; Ashkenaz, Yom Kippur Evening, Shir HaYichud 110",848
"The Koren Yom Kippur Mahzor; Ashkenaz, Yom Kippur Evening, Shir HaYichud 111",849
"The Koren Yom Kippur Mahzor; Ashkenaz, Yom Kippur Evening, Shir HaYichud 112",850
"The Koren Yom Kippur Mahzor; Ashkenaz, Yom Kippur Evening, Shir HaYichud 113",851
"The Koren Yom Kippur Mahzor; Ashkenaz, Yom Kippur Evening, Shir HaYichud 114",852
"The Koren Yom Kippur Mahzor; Ashkenaz, Yom Kippur Evening, Shir HaYichud 115",853
"The Koren Yom Kippur Mahzor; Ashkenaz, Yom Kippur Evening, Shir HaYichud 116",854
"The Koren Yom Kippur Mahzor; Ashkenaz, Yom Kippur Evening, Shir HaYichud 117",855
"The Koren Yom Kippur Mahzor; Ashkenaz, Yom Kippur Evening, Shir HaYichud 118",856
"The Koren Yom Kippur Mahzor; Ashkenaz, Yom Kippur Evening, Shir HaYichud 119",857
"The Koren Yom Kippur Mahzor; Ashkenaz, Yom Kippur Evening, Shir HaYichud 120",858
"The Koren Yom Kippur Mahzor; Ashkenaz, Yom Kippur Evening, Shir HaYichud 121",859
"The Koren Yom Kippur Mahzor; Ashkenaz, Yom Kippur Evening, Shir HaYichud 122",860
"The Koren Yom Kippur Mahzor; Ashkenaz, Yom Kippur Evening, Shir HaYichud 123",861
"The Koren Yom Kippur Mahzor; Ashkenaz, Yom Kippur Evening, Shir HaYichud 124",862
"The Koren Yom Kippur Mahzor; Ashkenaz, Yom Kippur Evening, Shir HaYichud 125",863
"The Koren Yom Kippur Mahzor; Ashkenaz, Yom Kippur Evening, Shir HaYichud 126",864
"The Koren Yom Kippur Mahzor; Ashkenaz, Yom Kippur Evening, Shir HaYichud 127",865
"The Koren Yom Kippur Mahzor; Ashkenaz, Yom Kippur Evening, Shir HaYichud 128",866
"The Koren Yom Kippur Mahzor; Ashkenaz, Yom Kippur Evening, Shir HaYichud 129",867
"The Koren Yom Kippur Mahzor; Ashkenaz, Yom Kippur Evening, Shir HaYichud 130",868
"The Koren Yom Kippur Mahzor; Ashkenaz, Yom Kippur Evening, Shir HaYichud 131",869
"The Koren Yom Kippur Mahzor; Ashkenaz, Yom Kippur Evening, Shir HaYichud 132",870
"The Koren Yom Kippur Mahzor; Ashkenaz, Yom Kippur Evening, Shir HaYichud 133",871
"The Koren Yom Kippur Mahzor; Ashkenaz, Yom Kippur Evening, Shir HaYichud 134",872
"The Koren Yom Kippur Mahzor; Ashkenaz, Yom Kippur Evening, Shir HaYichud 135",873
"The Koren Yom Kippur Mahzor; Ashkenaz, Yom Kippur Evening, Shir HaYichud 136",874
"The Koren Yom Kippur Mahzor; Ashkenaz, Yom Kippur Evening, Shir HaYichud 137",875
"The Koren Yom Kippur Mahzor; Ashkenaz, Yom Kippur Evening, Shir HaYichud 138",876
"The Koren Yom Kippur Mahzor; Ashkenaz, Yom Kippur Evening, Shir HaYichud 139",877
"The Koren Yom Kippur Mahzor; Ashkenaz, Yom Kippur Evening, Shir HaYichud 140",878
"The Koren Yom Kippur Mahzor; Ashkenaz, Yom Kippur Evening, Shir HaYichud 141",879
"The Koren Yom Kippur Mahzor; Ashkenaz, Yom Kippur Evening, Shir HaYichud 142",880
"The Koren Yom Kippur Mahzor; Ashkenaz, Yom Kippur Evening, Shir HaYichud 143",881
"The Koren Yom Kippur Mahzor; Ashkenaz, Yom Kippur Evening, Shir HaYichud 144",882
"The Koren Yom Kippur Mahzor; Ashkenaz, Yom Kippur Evening, Shir HaYichud 145",883
"The Koren Yom Kippur Mahzor; Ashkenaz, Yom Kippur Evening, Shir HaYichud 146",884
"The Koren Yom Kippur Mahzor; Ashkenaz, Yom Kippur Evening, Shir HaYichud 147",885
"The Koren Yom Kippur Mahzor; Ashkenaz, Yom Kippur Evening, Shir HaYichud 148",886
"The Koren Yom Kippur Mahzor; Ashkenaz, Yom Kippur Evening, Shir HaYichud 149",887
"The Koren Yom Kippur Mahzor; Ashkenaz, Yom Kippur Evening, Shir HaYichud 150",888
"The Koren Yom Kippur Mahzor; Ashkenaz, Yom Kippur Evening, Shir HaYichud 151",889
"The Koren Yom Kippur Mahzor; Ashkenaz, Yom Kippur Evening, Shir HaYichud 152",890
"The Koren Yom Kippur Mahzor; Ashkenaz, Yom Kippur Evening, Shir HaYichud 153",891
"The Koren Yom Kippur Mahzor; Ashkenaz, Yom Kippur Evening, Shir HaYichud 154",892
"The Koren Yom Kippur Mahzor; Ashkenaz, Yom Kippur Evening, Shir HaYichud 155",893
"The Koren Yom Kippur Mahzor; Ashkenaz, Yom Kippur Evening, Shir HaYichud 156",894
"The Koren Yom Kippur Mahzor; Ashkenaz, Yom Kippur Evening, Shir HaYichud 157",895
"The Koren Yom Kippur Mahzor; Ashkenaz, Yom Kippur Evening, Shir HaYichud 158",896
"The Koren Yom Kippur Mahzor; Ashkenaz, Yom Kippur Evening, Shir HaYichud 159",897
"The Koren Yom Kippur Mahzor; Ashkenaz, Yom Kippur Evening, Shir HaYichud 160",898
"The Koren Yom Kippur Mahzor; Ashkenaz, Yom Kippur Evening, Shir HaYichud 161",899
"The Koren Yom Kippur Mahzor; Ashkenaz, Yom Kippur Evening, Shir HaYichud 162",900
"The Koren Yom Kippur Mahzor; Ashkenaz, Yom Kippur Evening, Shir HaYichud 163",901
"The Koren Yom Kippur Mahzor; Ashkenaz, Yom Kippur Evening, Shir HaYichud 164",902
"The Koren Yom Kippur Mahzor; Ashkenaz, Yom Kippur Evening, Shir HaYichud 165",903
"The Koren Yom Kippur Mahzor; Ashkenaz, Yom Kippur Evening, Shir HaYichud 166",904
"The Koren Yom Kippur Mahzor; Ashkenaz, Yom Kippur Evening, Shir HaYichud 167",905
"The Koren Yom Kippur Mahzor; Ashkenaz, Yom Kippur Evening, Shir HaYichud 168",906
"The Koren Yom Kippur Mahzor; Ashkenaz, Yom Kippur Evening, Shir HaYichud 169",907
"The Koren Yom Kippur Mahzor; Ashkenaz, Yom Kippur Evening, Shir HaYichud 170",908
"The Koren Yom Kippur Mahzor; Ashkenaz, Yom Kippur Evening, Shir HaYichud 171",909
"The Koren Yom Kippur Mahzor; Ashkenaz, Yom Kippur Evening, Shir HaYichud 172",910
"The Koren Yom Kippur Mahzor; Ashkenaz, Yom Kippur Evening, Shir HaYichud 173",911
"The Koren Yom Kippur Mahzor; Ashkenaz, Yom Kippur Evening, Shir HaYichud 174",912
"The Koren Yom Kippur Mahzor; Ashkenaz, Yom Kippur Evening, Shir HaYichud 175",913
"The Koren Yom Kippur Mahzor; Ashkenaz, Yom Kippur Evening, Shir HaYichud 176",914
"The Koren Yom Kippur Mahzor; Ashkenaz, Yom Kippur Evening, Shir HaYichud 177",915
"The Koren Yom Kippur Mahzor; Ashkenaz, Yom Kippur Evening, Shir HaYichud 178",916
"The Koren Yom Kippur Mahzor; Ashkenaz, Yom Kippur Evening, Shir HaYichud 179",917
"The Koren Yom Kippur Mahzor; Ashkenaz, Yom Kippur Evening, Shir HaYichud 180",918
"The Koren Yom Kippur Mahzor; Ashkenaz, Yom Kippur Evening, Shir HaYichud 181",919
"The Koren Yom Kippur Mahzor; Ashkenaz, Yom Kippur Evening, Shir HaYichud 182",920
"The Koren Yom Kippur Mahzor; Ashkenaz, Yom Kippur Evening, Shir HaYichud 183",921
"The Koren Yom Kippur Mahzor; Ashkenaz, Yom Kippur Evening, Shir HaYichud 184",922
"The Koren Yom Kippur Mahzor; Ashkenaz, Yom Kippur Evening, Shir HaYichud 185",923
"The Koren Yom Kippur Mahzor; Ashkenaz, Yom Kippur Evening, Shir HaYichud 186",924
"The Koren Yom Kippur Mahzor; Ashkenaz, Yom Kippur Evening, Shir HaYichud 187",925
"The Koren Yom Kippur Mahzor; Ashkenaz, Yom Kippur Evening, Shir HaYichud 188",926
"The Koren Yom Kippur Mahzor; Ashkenaz, Yom Kippur Evening, Shir HaYichud 189",927
"The Koren Yom Kippur Mahzor; Ashkenaz, Yom Kippur Evening, Shir HaYichud 190",928
"The Koren Yom Kippur Mahzor; Ashkenaz, Yom Kippur Evening, Shir HaYichud 191",929
"The Koren Yom Kippur Mahzor; Ashkenaz, Yom Kippur Evening, Shir HaYichud 192",930
"The Koren Yom Kippur Mahzor; Ashkenaz, Yom Kippur Evening, Shir HaYichud 193",931
"The Koren Yom Kippur Mahzor; Ashkenaz, Yom Kippur Evening, Shir HaYichud 194",932
"The Koren Yom Kippur Mahzor; Ashkenaz, Yom Kippur Evening, Shir HaYichud 195",933
"The Koren Yom Kippur Mahzor; Ashkenaz, Yom Kippur Evening, Shir HaYichud 196",934
"The Koren Yom Kippur Mahzor; Ashkenaz, Yom Kippur Evening, Shir HaYichud 197",935
"The Koren Yom Kippur Mahzor; Ashkenaz, Yom Kippur Evening, Shir HaYichud 198",936
"The Koren Yom Kippur Mahzor; Ashkenaz, Yom Kippur Evening, Shir HaYichud 199",937
"The Koren Yom Kippur Mahzor; Ashkenaz, Yom Kippur Evening, Shir HaYichud 200",938
"The Koren Yom Kippur Mahzor; Ashkenaz, Yom Kippur Evening, Shir HaYichud 201",939
"The Koren Yom Kippur Mahzor; Ashkenaz, Yom Kippur Evening, Shir HaYichud 202",940
"The Koren Yom Kippur Mahzor; Ashkenaz, Yom Kippur Evening, Shir HaYichud 203",941
"The Koren Yom Kippur Mahzor; Ashkenaz, Yom Kippur Evening, Shir HaYichud 204",942
"The Koren Yom Kippur Mahzor; Ashkenaz, Yom Kippur Evening, Shir HaYichud 205",943
"The Koren Yom Kippur Mahzor; Ashkenaz, Yom Kippur Evening, Shir HaYichud 206",944
"The Koren Yom Kippur Mahzor; Ashkenaz, Yom Kippur Evening, Shir HaYichud 207",945
"The Koren Yom Kippur Mahzor; Ashkenaz, Yom Kippur Evening, Shir HaYichud 208",946
"The Koren Yom Kippur Mahzor; Ashkenaz, Yom Kippur Evening, Shir HaYichud 209",947
"The Koren Yom Kippur Mahzor; Ashkenaz, Yom Kippur Evening, Shir HaYichud 210",948
"The Koren Yom Kippur Mahzor; Ashkenaz, Yom Kippur Evening, Shir HaYichud 211",949
"The Koren Yom Kippur Mahzor; Ashkenaz, Yom Kippur Evening, Shir HaYichud 212",950
"The Koren Yom Kippur Mahzor; Ashkenaz, Yom Kippur Evening, Shir HaYichud 213",951
"The Koren Yom Kippur Mahzor; Ashkenaz, Yom Kippur Evening, Shir HaYichud 214",952
"The Koren Yom Kippur Mahzor; Ashkenaz, Yom Kippur Evening, Shir HaYichud 215",953
"The Koren Yom Kippur Mahzor; Ashkenaz, Yom Kippur Evening, Shir HaYichud 216",954
"The Koren Yom Kippur Mahzor; Ashkenaz, Yom Kippur Evening, Shir HaYichud 217",955
"The Koren Yom Kippur Mahzor; Ashkenaz, Yom Kippur Evening, Shir HaYichud 218",956
"The Koren Yom Kippur Mahzor; Ashkenaz, Yom Kippur Evening, Shir HaYichud 219",957
"The Koren Yom Kippur Mahzor; Ashkenaz, Yom Kippur Evening, Shir HaYichud 220",958
"The Koren Yom Kippur Mahzor; Ashkenaz, Yom Kippur Evening, Shir HaYichud 221",959
"The Koren Yom Kippur Mahzor; Ashkenaz, Yom Kippur Evening, Shir HaYichud 222",960
"The Koren Yom Kippur Mahzor; Ashkenaz, Yom Kippur Evening, Shir HaYichud 223",961
"The Koren Yom Kippur Mahzor; Ashkenaz, Yom Kippur Evening, Shir HaYichud 224",962
"The Koren Yom Kippur Mahzor; Ashkenaz, Yom Kippur Evening, Shir HaYichud 225",963
"The Koren Yom Kippur Mahzor; Ashkenaz, Yom Kippur Evening, Shir HaYichud 226",964
"The Koren Yom Kippur Mahzor; Ashkenaz, Yom Kippur Evening, Shir HaYichud 227",965
"The Koren Yom Kippur Mahzor; Ashkenaz, Yom Kippur Evening, Shir HaYichud 228",966
"The Koren Yom Kippur Mahzor; Ashkenaz, Yom Kippur Evening, Shir HaYichud 229",967
"The Koren Yom Kippur Mahzor; Ashkenaz, Yom Kippur Evening, Shir HaYichud 230",968
"The Koren Yom Kippur Mahzor; Ashkenaz, Yom Kippur Evening, Shir HaYichud 231",969
"The Koren Yom Kippur Mahzor; Ashkenaz, Yom Kippur Evening, Shir HaYichud 232",970
"The Koren Yom Kippur Mahzor; Ashkenaz, Yom Kippur Evening, Shir HaYichud 233",971
"The Koren Yom Kippur Mahzor; Ashkenaz, Yom Kippur Evening, Shir HaYichud 234",972
"The Koren Yom Kippur Mahzor; Ashkenaz, Yom Kippur Evening, Shir HaYichud 235",973
"The Koren Yom Kippur Mahzor; Ashkenaz, Yom Kippur Evening, Shir HaYichud 236",974
"The Koren Yom Kippur Mahzor; Ashkenaz, Yom Kippur Evening, Shir HaYichud 237",975
"The Koren Yom Kippur Mahzor; Ashkenaz, Yom Kippur Evening, Shir HaYichud 238",976
"The Koren Yom Kippur Mahzor; Ashkenaz, Yom Kippur Evening, Shir HaYichud 239",977
"The Koren Yom Kippur Mahzor; Ashkenaz, Yom Kippur Evening, Shir HaYichud 240",978
"The Koren Yom Kippur Mahzor; Ashkenaz, Yom Kippur Evening, Shir HaYichud 241",979
"The Koren Yom Kippur Mahzor; Ashkenaz, Yom Kippur Evening, Shir HaYichud 242",980
"The Koren Yom Kippur Mahzor; Ashkenaz, Yom Kippur Evening, Shir HaYichud 243",981
"The Koren Yom Kippur Mahzor; Ashkenaz, Yom Kippur Evening, Shir HaYichud 244",982
"The Koren Yom Kippur Mahzor; Ashkenaz, Yom Kippur Evening, Shir HaYichud 245",983
"The Koren Yom Kippur Mahzor; Ashkenaz, Yom Kippur Evening, Shir HaYichud 246",984
"The Koren Yom Kippur Mahzor; Ashkenaz, Yom Kippur Evening, Shir HaYichud 247",985
"The Koren Yom Kippur Mahzor; Ashkenaz, Yom Kippur Evening, Shir HaYichud 248",986
"The Koren Yom Kippur Mahzor; Ashkenaz, Yom Kippur Evening, Shir HaYichud 249",987
"The Koren Yom Kippur Mahzor; Ashkenaz, Yom Kippur Evening, Shir HaYichud 250",988
"The Koren Yom Kippur Mahzor; Ashkenaz, Yom Kippur Evening, Shir HaYichud 251",989
"The Koren Yom Kippur Mahzor; Ashkenaz, Yom Kippur Evening, Shir HaYichud 252",990
"The Koren Yom Kippur Mahzor; Ashkenaz, Yom Kippur Evening, Shir HaYichud 253",991
"The Koren Yom Kippur Mahzor; Ashkenaz, Yom Kippur Evening, Shir HaYichud 254",992
"The Koren Yom Kippur Mahzor; Ashkenaz, Yom Kippur Evening, Shir HaYichud 255",993
"The Koren Yom Kippur Mahzor; Ashkenaz, Yom Kippur Evening, Shir HaYichud 256",994
"The Koren Yom Kippur Mahzor; Ashkenaz, Yom Kippur Evening, Shir HaYichud 257",995
"The Koren Yom Kippur Mahzor; Ashkenaz, Yom Kippur Evening, Shir HaYichud 258",996
"The Koren Yom Kippur Mahzor; Ashkenaz, Yom Kippur Evening, Shir HaYichud 259",997
"The Koren Yom Kippur Mahzor; Ashkenaz, Yom Kippur Evening, Shir HaYichud 260",998
"The Koren Yom Kippur Mahzor; Ashkenaz, Yom Kippur Evening, Shir HaYichud 261",999
"The Koren Yom Kippur Mahzor; Ashkenaz, Yom Kippur Evening, Shir HaYichud 262",1000
"The Koren Yom Kippur Mahzor; Ashkenaz, Yom Kippur Evening, Shir HaYichud 263",1001
"The Koren Yom Kippur Mahzor; Ashkenaz, Yom Kippur Evening, Shir HaYichud 264",1002
"The Koren Yom Kippur Mahzor; Ashkenaz, Yom Kippur Evening, Shir HaYichud 265",1003
"The Koren Yom Kippur Mahzor; Ashkenaz, Yom Kippur Evening, Shir HaYichud 266",1004
"The Koren Yom Kippur Mahzor; Ashkenaz, Yom Kippur Evening, Shir HaYichud 267",1005
"The Koren Yom Kippur Mahzor; Ashkenaz, Yom Kippur Evening, Shir HaYichud 268",1006
"The Koren Yom Kippur Mahzor; Ashkenaz, Yom Kippur Evening, Shir HaYichud 269",1007
"The Koren Yom Kippur Mahzor; Ashkenaz, Yom Kippur Evening, Shir HaYichud 270",1008
"The Koren Yom Kippur Mahzor; Ashkenaz, Yom Kippur Evening, Shir HaYichud 271",1009
"The Koren Yom Kippur Mahzor; Ashkenaz, Yom Kippur Evening, Shir HaYichud 272",1010
"The Koren Yom Kippur Mahzor; Ashkenaz, Yom Kippur Evening, Shir HaYichud 273",1011
"The Koren Yom Kippur Mahzor; Ashkenaz, Yom Kippur Evening, Shir HaYichud 274",1012
"The Koren Yom Kippur Mahzor; Ashkenaz, Yom Kippur Evening, Shir HaYichud 275",1013
"The Koren Yom Kippur Mahzor; Ashkenaz, Yom Kippur Evening, Shir HaYichud 276",1014
"The Koren Yom Kippur Mahzor; Ashkenaz, Yom Kippur Evening, Shir HaYichud 277",1015
"The Koren Yom Kippur Mahzor; Ashkenaz, Yom Kippur Evening, Shir HaYichud 278",1016
"The Koren Yom Kippur Mahzor; Ashkenaz, Yom Kippur Evening, Shir HaYichud 279",1017
"The Koren Yom Kippur Mahzor; Ashkenaz, Yom Kippur Evening, Shir HaYichud 280",1018
"The Koren Yom Kippur Mahzor; Ashkenaz, Yom Kippur Evening, Shir HaYichud 281",1019
"The Koren Yom Kippur Mahzor; Ashkenaz, Yom Kippur Evening, Shir HaYichud 282",1020
"The Koren Yom Kippur Mahzor; Ashkenaz, Yom Kippur Evening, Shir HaYichud 283",1021
"The Koren Yom Kippur Mahzor; Ashkenaz, Yom Kippur Evening, Shir HaYichud 284",1022
"The Koren Yom Kippur Mahzor; Ashkenaz, Yom Kippur Evening, Shir HaYichud 285",1023
"The Koren Yom Kippur Mahzor; Ashkenaz, Yom Kippur Evening, Shir HaYichud 286",1024
"The Koren Yom Kippur Mahzor; Ashkenaz, Yom Kippur Evening, Shir HaYichud 287",1025
"The Koren Yom Kippur Mahzor; Ashkenaz, Yom Kippur Evening, Shir HaYichud 288",1026
"The Koren Yom Kippur Mahzor; Ashkenaz, Yom Kippur Evening, Shir HaYichud 289",1027
"The Koren Yom Kippur Mahzor; Ashkenaz, Yom Kippur Evening, Shir HaYichud 290",1028
"The Koren Yom Kippur Mahzor; Ashkenaz, Yom Kippur Evening, Shir HaYichud 291",1029
"The Koren Yom Kippur Mahzor; Ashkenaz, Yom Kippur Evening, Shir HaYichud 292",1030
"The Koren Yom Kippur Mahzor; Ashkenaz, Yom Kippur Evening, Shir HaYichud 293",1031
"The Koren Yom Kippur Mahzor; Ashkenaz, Yom Kippur Evening, Shir HaYichud 294",1032
"The Koren Yom Kippur Mahzor; Ashkenaz, Yom Kippur Evening, Shir HaYichud 295",1033
"The Koren Yom Kippur Mahzor; Ashkenaz, Yom Kippur Evening, Shir HaYichud 296",1034
"The Koren Yom Kippur Mahzor; Ashkenaz, Yom Kippur Evening, Shir HaYichud 297",1035
"The Koren Yom Kippur Mahzor; Ashkenaz, Yom Kippur Evening, Shir HaYichud 298",1036
"The Koren Yom Kippur Mahzor; Ashkenaz, Yom Kippur Evening, Shir HaYichud 299",1037
"The Koren Yom Kippur Mahzor; Ashkenaz, Yom Kippur Evening, Shir HaYichud 300",1038
"The Koren Yom Kippur Mahzor; Ashkenaz, Yom Kippur Evening, Shir HaYichud 301",1039
"The Koren Yom Kippur Mahzor; Ashkenaz, Yom Kippur Evening, Shir HaYichud 302",1040
"The Koren Yom Kippur Mahzor; Ashkenaz, Yom Kippur Evening, Shir HaYichud 303",1041
"The Koren Yom Kippur Mahzor; Ashkenaz, Yom Kippur Evening, Shir HaYichud 304",1042
"The Koren Yom Kippur Mahzor; Ashkenaz, Yom Kippur Evening, Shir HaYichud 305",1043
"The Koren Yom Kippur Mahzor; Ashkenaz, Yom Kippur Evening, Shir HaYichud 306",1044
"The Koren Yom Kippur Mahzor; Ashkenaz, Yom Kippur Evening, Shir HaYichud 307",1045
"The Koren Yom Kippur Mahzor; Ashkenaz, Yom Kippur Evening, Shir HaYichud 308",1046
"The Koren Yom Kippur Mahzor; Ashkenaz, Yom Kippur Evening, Shir HaYichud 309",1047
"The Koren Yom Kippur Mahzor; Ashkenaz, Yom Kippur Evening, Shir HaYichud 310",1048
"The Koren Yom Kippur Mahzor; Ashkenaz, Yom Kippur Evening, Shir HaYichud 311",1049
"The Koren Yom Kippur Mahzor; Ashkenaz, Yom Kippur Evening, Shir HaYichud 312",1050
"The Koren Yom Kippur Mahzor; Ashkenaz, Yom Kippur Evening, Shir HaYichud 313",1051
"The Koren Yom Kippur Mahzor; Ashkenaz, Yom Kippur Evening, Shir HaYichud 314",1052
"The Koren Yom Kippur Mahzor; Ashkenaz, Yom Kippur Evening, Shir HaYichud 315",1053
"The Koren Yom Kippur Mahzor; Ashkenaz, Yom Kippur Evening, Shir HaYichud 316",1054
"The Koren Yom Kippur Mahzor; Ashkenaz, Yom Kippur Evening, Shir HaYichud 317",1055
"The Koren Yom Kippur Mahzor; Ashkenaz, Yom Kippur Evening, Shir HaYichud 318",1056
"The Koren Yom Kippur Mahzor; Ashkenaz, Yom Kippur Evening, Shir HaYichud 319",1057
"The Koren Yom Kippur Mahzor; Ashkenaz, Yom Kippur Evening, Shir HaYichud 320",1058
"The Koren Yom Kippur Mahzor; Ashkenaz, Yom Kippur Evening, Shir HaYichud 321",1059
"The Koren Yom Kippur Mahzor; Ashkenaz, Yom Kippur Evening, Shir HaYichud 322",1060
"The Koren Yom Kippur Mahzor; Ashkenaz, Yom Kippur Evening, Shir HaYichud 323",1061
"The Koren Yom Kippur Mahzor; Ashkenaz, Yom Kippur Evening, Shir HaYichud 324",1062
"The Koren Yom Kippur Mahzor; Ashkenaz, Yom Kippur Evening, Shir HaYichud 325",1063
"The Koren Yom Kippur Mahzor; Ashkenaz, Yom Kippur Evening, Shir HaYichud 326",1064
"The Koren Yom Kippur Mahzor; Ashkenaz, Yom Kippur Evening, Shir HaYichud 327",1065
"The Koren Yom Kippur Mahzor; Ashkenaz, Yom Kippur Evening, Shir HaYichud 328",1066
"The Koren Yom Kippur Mahzor; Ashkenaz, Yom Kippur Evening, Shir HaYichud 329",1067
"The Koren Yom Kippur Mahzor; Ashkenaz, Yom Kippur Evening, Shir HaYichud 330",1068
"The Koren Yom Kippur Mahzor; Ashkenaz, Yom Kippur Evening, Shir HaYichud 331",1069
"The Koren Yom Kippur Mahzor; Ashkenaz, Yom Kippur Evening, Shir HaYichud 332",1070
"The Koren Yom Kippur Mahzor; Ashkenaz, Yom Kippur Evening, Shir HaYichud 333",1071
"The Koren Yom Kippur Mahzor; Ashkenaz, Yom Kippur Evening, Shir HaYichud 334",1072
"The Koren Yom Kippur Mahzor; Ashkenaz, Yom Kippur Evening, Shir HaYichud 335",1073
"The Koren Yom Kippur Mahzor; Ashkenaz, Yom Kippur Evening, Shir HaYichud 336",1074
"The Koren Yom Kippur Mahzor; Ashkenaz, Yom Kippur Evening, Shir HaYichud 337",1075
"The Koren Yom Kippur Mahzor; Ashkenaz, Yom Kippur Evening, Shir HaYichud 338",1076
"The Koren Yom Kippur Mahzor; Ashkenaz, Yom Kippur Evening, Shir HaYichud 339",1077
"The Koren Yom Kippur Mahzor; Ashkenaz, Yom Kippur Evening, Shir HaYichud 340",1078
"The Koren Yom Kippur Mahzor; Ashkenaz, Yom Kippur Evening, Shir HaYichud 341",1079
"The Koren Yom Kippur Mahzor; Ashkenaz, Yom Kippur Evening, Shir HaYichud 342",1080
"The Koren Yom Kippur Mahzor; Ashkenaz, Yom Kippur Evening, Shir HaYichud 343",1081
"The Koren Yom Kippur Mahzor; Ashkenaz, Yom Kippur Evening, Shir HaYichud 344",1082
"The Koren Yom Kippur Mahzor; Ashkenaz, Yom Kippur Evening, Shir HaYichud 345",1083
"The Koren Yom Kippur Mahzor; Ashkenaz, Yom Kippur Evening, Shir HaYichud 346",1084
"The Koren Yom Kippur Mahzor; Ashkenaz, Yom Kippur Evening, Shir HaYichud 347",1085
"The Koren Yom Kippur Mahzor; Ashkenaz, Yom Kippur Evening, Shir HaYichud 348",1086
"The Koren Yom Kippur Mahzor; Ashkenaz, Yom Kippur Evening, Shir HaYichud 349",1087
"The Koren Yom Kippur Mahzor; Ashkenaz, Yom Kippur Evening, Shir HaYichud 350",1088
"The Koren Yom Kippur Mahzor; Ashkenaz, Yom Kippur Evening, Shir HaYichud 351",1089
"The Koren Yom Kippur Mahzor; Ashkenaz, Yom Kippur Evening, Shir HaYichud 352",1090
"The Koren Yom Kippur Mahzor; Ashkenaz, Yom Kippur Evening, Shir HaYichud 353",1091
"The Koren Yom Kippur Mahzor; Ashkenaz, Yom Kippur Evening, Shir HaYichud 354",1092
"The Koren Yom Kippur Mahzor; Ashkenaz, Yom Kippur Evening, Shir HaYichud 355",1093
"The Koren Yom Kippur Mahzor; Ashkenaz, Yom Kippur Evening, Shir HaYichud 356",1094
"The Koren Yom Kippur Mahzor; Ashkenaz, Yom Kippur Evening, Shir HaYichud 357",1095
"The Koren Yom Kippur Mahzor; Ashkenaz, Yom Kippur Evening, Shir HaYichud 358",1096
"The Koren Yom Kippur Mahzor; Ashkenaz, Yom Kippur Evening, Shir HaYichud 359",1097
"The Koren Yom Kippur Mahzor; Ashkenaz, Yom Kippur Evening, Shir HaYichud 360",1098
"The Koren Yom Kippur Mahzor; Ashkenaz, Yom Kippur Evening, Shir HaYichud 361",1099
"The Koren Yom Kippur Mahzor; Ashkenaz, Yom Kippur Evening, Shir HaYichud 362",1100
"The Koren Yom Kippur Mahzor; Ashkenaz, Yom Kippur Evening, Shir HaYichud 363",1101
"The Koren Yom Kippur Mahzor; Ashkenaz, Yom Kippur Evening, Shir HaYichud 364",1102
"The Koren Yom Kippur Mahzor; Ashkenaz, Yom Kippur Evening, Shir HaYichud 365",1103
"The Koren Yom Kippur Mahzor; Ashkenaz, Yom Kippur Evening, Shir HaYichud 366",1104
"The Koren Yom Kippur Mahzor; Ashkenaz, Yom Kippur Evening, Shir HaYichud 367",1105
"The Koren Yom Kippur Mahzor; Ashkenaz, Yom Kippur Evening, Shir HaYichud 368",1106
"The Koren Yom Kippur Mahzor; Ashkenaz, Yom Kippur Evening, Shir HaYichud 369",1107
"The Koren Yom Kippur Mahzor; Ashkenaz, Yom Kippur Evening, Shir HaYichud 370",1108
"The Koren Yom Kippur Mahzor; Ashkenaz, Yom Kippur Evening, Shir HaYichud 371",1109
"The Koren Yom Kippur Mahzor; Ashkenaz, Yom Kippur Evening, Shir HaYichud 372",1110
"The Koren Yom Kippur Mahzor; Ashkenaz, Yom Kippur Evening, Shir HaYichud 373",1111
"The Koren Yom Kippur Mahzor; Ashkenaz, Yom Kippur Evening, Shir HaYichud 374",1112
"The Koren Yom Kippur Mahzor; Ashkenaz, Yom Kippur Evening, Shir HaYichud 375",1113
"The Koren Yom Kippur Mahzor; Ashkenaz, Yom Kippur Evening, Shir HaYichud 376",1114
"The Koren Yom Kippur Mahzor; Ashkenaz, Yom Kippur Evening, Shir HaYichud 377",1115
"The Koren Yom Kippur Mahzor; Ashkenaz, Yom Kippur Evening, Shir HaYichud 378",1116
"The Koren Yom Kippur Mahzor; Ashkenaz, Yom Kippur Evening, Shir HaYichud 379",1117
"The Koren Yom Kippur Mahzor; Ashkenaz, Yom Kippur Evening, Shir HaYichud 380",1118
"The Koren Yom Kippur Mahzor; Ashkenaz, Yom Kippur Evening, Shir HaYichud 381",1119
"The Koren Yom Kippur Mahzor; Ashkenaz, Yom Kippur Evening, Shir HaYichud 382",1120
"The Koren Yom Kippur Mahzor; Ashkenaz, Yom Kippur Evening, Shir HaYichud 383",1121
"The Koren Yom Kippur Mahzor; Ashkenaz, Yom Kippur Evening, Shir HaYichud 384",1122
"The Koren Yom Kippur Mahzor; Ashkenaz, Yom Kippur Evening, Shir HaYichud 385",1123
"The Koren Yom Kippur Mahzor; Ashkenaz, Yom Kippur Evening, Shir HaYichud 386",1124
"The Koren Yom Kippur Mahzor; Ashkenaz, Yom Kippur Evening, Shir HaYichud 387",1125
"The Koren Yom Kippur Mahzor; Ashkenaz, Yom Kippur Evening, Shir HaYichud 388",1126
"The Koren Yom Kippur Mahzor; Ashkenaz, Yom Kippur Evening, Shir HaYichud 389",1127
"The Koren Yom Kippur Mahzor; Ashkenaz, Yom Kippur Evening, Shir HaYichud 390",1128
"The Koren Yom Kippur Mahzor; Ashkenaz, Yom Kippur Evening, Shir HaYichud 391",1129
"The Koren Yom Kippur Mahzor; Ashkenaz, Yom Kippur Evening, Shir HaYichud 392",1130
"The Koren Yom Kippur Mahzor; Ashkenaz, Yom Kippur Evening, Shir HaYichud 393",1131
"The Koren Yom Kippur Mahzor; Ashkenaz, Yom Kippur Evening, Shir HaYichud 394",1132
"The Koren Yom Kippur Mahzor; Ashkenaz, Yom Kippur Evening, Shir HaYichud 395",1133
"The Koren Yom Kippur Mahzor; Ashkenaz, Yom Kippur Evening, Shir HaYichud 396",1134
"The Koren Yom Kippur Mahzor; Ashkenaz, Yom Kippur Evening, Shir HaYichud 397",1135
"The Koren Yom Kippur Mahzor; Ashkenaz, Yom Kippur Evening, Shir HaYichud 398",1136
"The Koren Yom Kippur Mahzor; Ashkenaz, Yom Kippur Evening, Shir HaYichud 399",1137
"The Koren Yom Kippur Mahzor; Ashkenaz, Yom Kippur Evening, Shir HaYichud 400",1138
"The Koren Yom Kippur Mahzor; Ashkenaz, Yom Kippur Evening, Shir HaYichud 401",1139
"The Koren Yom Kippur Mahzor; Ashkenaz, Yom Kippur Evening, Shir HaYichud 402",1140
"The Koren Yom Kippur Mahzor; Ashkenaz, Yom Kippur Evening, Shir HaYichud 403",1141
"The Koren Yom Kippur Mahzor; Ashkenaz, Yom Kippur Evening, Shir HaYichud 404",1142
"The Koren Yom Kippur Mahzor; Ashkenaz, Yom Kippur Evening, Shir HaYichud 405",1143
"The Koren Yom Kippur Mahzor; Ashkenaz, Yom Kippur Evening, Shir HaYichud 406",1144
"The Koren Yom Kippur Mahzor; Ashkenaz, Yom Kippur Evening, Shir HaYichud 407",1145
"The Koren Yom Kippur Mahzor; Ashkenaz, Yom Kippur Evening, Shir HaYichud 408",1146
"The Koren Yom Kippur Mahzor; Ashkenaz, Yom Kippur Evening, Shir HaYichud 409",1147
"The Koren Yom Kippur Mahzor; Ashkenaz, Yom Kippur Evening, Shir HaYichud 410",1148
"The Koren Yom Kippur Mahzor; Ashkenaz, Yom Kippur Evening, Shir HaYichud 411",1149
"The Koren Yom Kippur Mahzor; Ashkenaz, Yom Kippur Evening, Shir HaYichud 412",1150
"The Koren Yom Kippur Mahzor; Ashkenaz, Yom Kippur Evening, Shir HaYichud 413",1151
"The Koren Yom Kippur Mahzor; Ashkenaz, Yom Kippur Evening, Shir HaYichud 414",1152
"The Koren Yom Kippur Mahzor; Ashkenaz, Yom Kippur Evening, Shir HaYichud 415",1153
"The Koren Yom Kippur Mahzor; Ashkenaz, Yom Kippur Evening, Shir HaYichud 416",1154
"The Koren Yom Kippur Mahzor; Ashkenaz, Yom Kippur Evening, Shir HaYichud 417",1155
"The Koren Yom Kippur Mahzor; Ashkenaz, Yom Kippur Evening, Shir HaYichud 418",1156
"The Koren Yom Kippur Mahzor; Ashkenaz, Yom Kippur Evening, Shir HaYichud 419",1157
"The Koren Yom Kippur Mahzor; Ashkenaz, Yom Kippur Evening, Shir HaYichud 420",1158
"The Koren Yom Kippur Mahzor; Ashkenaz, Yom Kippur Evening, Shir HaYichud 421",1159
"The Koren Yom Kippur Mahzor; Ashkenaz, Yom Kippur Evening, Shir HaYichud 422",1160
"The Koren Yom Kippur Mahzor; Ashkenaz, Yom Kippur Evening, Shir HaYichud 423",1161
"The Koren Yom Kippur Mahzor; Ashkenaz, Yom Kippur Evening, Shir HaYichud 424",1162
"The Koren Yom Kippur Mahzor; Ashkenaz, Yom Kippur Evening, Shir HaYichud 425",1163
"The Koren Yom Kippur Mahzor; Ashkenaz, Yom Kippur Evening, Shir HaYichud 426",1164
"The Koren Yom Kippur Mahzor; Ashkenaz, Yom Kippur Evening, Shir HaYichud 427",1165
"The Koren Yom Kippur Mahzor; Ashkenaz, Yom Kippur Evening, Shir HaYichud 428",1166
"The Koren Yom Kippur Mahzor; Ashkenaz, Yom Kippur Evening, Shir HaYichud 429",1167
"The Koren Yom Kippur Mahzor; Ashkenaz, Yom Kippur Evening, Shir HaYichud 430",1168
"The Koren Yom Kippur Mahzor; Ashkenaz, Yom Kippur Evening, Shir HaYichud 431",1169
"The Koren Yom Kippur Mahzor; Ashkenaz, Yom Kippur Evening, Shir HaYichud 432",1170
"The Koren Yom Kippur Mahzor; Ashkenaz, Yom Kippur Evening, Shir HaYichud 433",1171
"The Koren Yom Kippur Mahzor; Ashkenaz, Yom Kippur Evening, Shir HaYichud 434",1172
"The Koren Yom Kippur Mahzor; Ashkenaz, Yom Kippur Evening, Shir HaYichud 435",1173
"The Koren Yom Kippur Mahzor; Ashkenaz, Yom Kippur Evening, Shir HaYichud 436",1174
"The Koren Yom Kippur Mahzor; Ashkenaz, Yom Kippur Evening, Shir HaYichud 437",1175
"The Koren Yom Kippur Mahzor; Ashkenaz, Yom Kippur Evening, Shir HaYichud 438",1176
"The Koren Yom Kippur Mahzor; Ashkenaz, Yom Kippur Evening, Shir HaYichud 439",1177
"The Koren Yom Kippur Mahzor; Ashkenaz, Yom Kippur Evening, Shir HaYichud 440",1178
"The Koren Yom Kippur Mahzor; Ashkenaz, Yom Kippur Evening, Shir HaYichud 441",1179
"The Koren Yom Kippur Mahzor; Ashkenaz, Yom Kippur Evening, Shir HaYichud 442",1180
"The Koren Yom Kippur Mahzor; Ashkenaz, Yom Kippur Evening, Shir HaYichud 443",1181
"The Koren Yom Kippur Mahzor; Ashkenaz, Yom Kippur Evening, Shir HaYichud 444",1182
"The Koren Yom Kippur Mahzor; Ashkenaz, Yom Kippur Evening, Shir HaYichud 445",1183
"The Koren Yom Kippur Mahzor; Ashkenaz, Yom Kippur Evening, Shir HaYichud 446",1184
"The Koren Yom Kippur Mahzor; Ashkenaz, Yom Kippur Evening, Shir HaYichud 447",1185
"The Koren Yom Kippur Mahzor; Ashkenaz, Yom Kippur Evening, Shir HaYichud 448",1186
"The Koren Yom Kippur Mahzor; Ashkenaz, Yom Kippur Evening, Shir HaYichud 449",1187
"The Koren Yom Kippur Mahzor; Ashkenaz, Yom Kippur Evening, Shir HaYichud 450",1188
"The Koren Yom Kippur Mahzor; Ashkenaz, Yom Kippur Evening, Shir HaYichud 451",1189
"The Koren Yom Kippur Mahzor; Ashkenaz, Yom Kippur Evening, Shir HaYichud 452",1190
"The Koren Yom Kippur Mahzor; Ashkenaz, Yom Kippur Evening, Shir HaYichud 453",1191
"The Koren Yom Kippur Mahzor; Ashkenaz, Yom Kippur Evening, Shir HaYichud 454",1192
"The Koren Yom Kippur Mahzor; Ashkenaz, Yom Kippur Evening, Shir HaYichud 455",1193
"The Koren Yom Kippur Mahzor; Ashkenaz, Yom Kippur Evening, Shir HaYichud 456",1194
"The Koren Yom Kippur Mahzor; Ashkenaz, Yom Kippur Evening, Shir HaYichud 457",1195
"The Koren Yom Kippur Mahzor; Ashkenaz, Yom Kippur Evening, Shir HaYichud 458",1196
"The Koren Yom Kippur Mahzor; Ashkenaz, Yom Kippur Evening, Shir HaYichud 459",1197
"The Koren Yom Kippur Mahzor; Ashkenaz, Yom Kippur Evening, Shir HaYichud 460",1198
"The Koren Yom Kippur Mahzor; Ashkenaz, Yom Kippur Evening, Shir HaYichud 461",1199
"The Koren Yom Kippur Mahzor; Ashkenaz, Yom Kippur Evening, Shir HaYichud 462",1200
"The Koren Yom Kippur Mahzor; Ashkenaz, Yom Kippur Evening, Shir HaKavod 1",1202
"The Koren Yom Kippur Mahzor; Ashkenaz, Yom Kippur Evening, Shir HaKavod 2",1203
"The Koren Yom Kippur Mahzor; Ashkenaz, Yom Kippur Evening, Shir HaKavod 3",1204
"The Koren Yom Kippur Mahzor; Ashkenaz, Yom Kippur Evening, Shir HaKavod 4",1205
"The Koren Yom Kippur Mahzor; Ashkenaz, Yom Kippur Evening, Shir HaKavod 5",1206
"The Koren Yom Kippur Mahzor; Ashkenaz, Yom Kippur Evening, Shir HaKavod 6",1207
"The Koren Yom Kippur Mahzor; Ashkenaz, Yom Kippur Evening, Shir HaKavod 7",1208
"The Koren Yom Kippur Mahzor; Ashkenaz, Yom Kippur Evening, Shir HaKavod 8",1209
"The Koren Yom Kippur Mahzor; Ashkenaz, Yom Kippur Evening, Shir HaKavod 9",1210
"The Koren Yom Kippur Mahzor; Ashkenaz, Yom Kippur Evening, Shir HaKavod 10",1211
"The Koren Yom Kippur Mahzor; Ashkenaz, Yom Kippur Evening, Shir HaKavod 11",1212
"The Koren Yom Kippur Mahzor; Ashkenaz, Yom Kippur Evening, Shir HaKavod 12",1213
"The Koren Yom Kippur Mahzor; Ashkenaz, Yom Kippur Evening, Shir HaKavod 13",1214
"The Koren Yom Kippur Mahzor; Ashkenaz, Yom Kippur Evening, Shir HaKavod 14",1215
"The Koren Yom Kippur Mahzor; Ashkenaz, Yom Kippur Evening, Shir HaKavod 15",1216
"The Koren Yom Kippur Mahzor; Ashkenaz, Yom Kippur Evening, Shir HaKavod 16",1217
"The Koren Yom Kippur Mahzor; Ashkenaz, Yom Kippur Evening, Shir HaKavod 17",1218
"The Koren Yom Kippur Mahzor; Ashkenaz, Yom Kippur Evening, Shir HaKavod 18",1219
"The Koren Yom Kippur Mahzor; Ashkenaz, Yom Kippur Evening, Shir HaKavod 19",1220
"The Koren Yom Kippur Mahzor; Ashkenaz, Yom Kippur Evening, Shir HaKavod 20",1221
"The Koren Yom Kippur Mahzor; Ashkenaz, Yom Kippur Evening, Shir HaKavod 21",1222
"The Koren Yom Kippur Mahzor; Ashkenaz, Yom Kippur Evening, Shir HaKavod 22",1223
"The Koren Yom Kippur Mahzor; Ashkenaz, Yom Kippur Evening, Shir HaKavod 23",1224
"The Koren Yom Kippur Mahzor; Ashkenaz, Yom Kippur Evening, Shir HaKavod 24",1225
"The Koren Yom Kippur Mahzor; Ashkenaz, Yom Kippur Evening, Shir HaKavod 25",1226
"The Koren Yom Kippur Mahzor; Ashkenaz, Yom Kippur Evening, Shir HaKavod 26",1227
"The Koren Yom Kippur Mahzor; Ashkenaz, Yom Kippur Evening, Shir HaKavod 27",1228
"The Koren Yom Kippur Mahzor; Ashkenaz, Yom Kippur Evening, Shir HaKavod 28",1229
"The Koren Yom Kippur Mahzor; Ashkenaz, Yom Kippur Evening, Shir HaKavod 29",1230
"The Koren Yom Kippur Mahzor; Ashkenaz, Yom Kippur Evening, Shir HaKavod 30",1231
"The Koren Yom Kippur Mahzor; Ashkenaz, Yom Kippur Evening, Shir HaKavod 31",1232
"The Koren Yom Kippur Mahzor; Ashkenaz, Yom Kippur Evening, Shir HaKavod 32",1233
"The Koren Yom Kippur Mahzor; Ashkenaz, Yom Kippur Evening, Shir HaKavod 33",1234
"The Koren Yom Kippur Mahzor; Ashkenaz, Yom Kippur Evening, Shir HaKavod 34",1235
"The Koren Yom Kippur Mahzor; Ashkenaz, Yom Kippur Evening, Shir HaKavod 35",1236
"The Koren Yom Kippur Mahzor; Ashkenaz, Yom Kippur Evening, Shir HaKavod 36",1237
"The Koren Yom Kippur Mahzor; Ashkenaz, Yom Kippur Evening, Shir HaKavod 37",1238
"The Koren Yom Kippur Mahzor; Ashkenaz, Yom Kippur Evening, Shir HaKavod 38",1239
"The Koren Yom Kippur Mahzor; Ashkenaz, Yom Kippur Evening, Shir HaKavod 39",1240
"The Koren Yom Kippur Mahzor; Ashkenaz, Yom Kippur Evening, Shir HaKavod 40",1241
"The Koren Yom Kippur Mahzor; Ashkenaz, Yom Kippur Evening, Shir HaKavod 41",1242
"The Koren Yom Kippur Mahzor; Ashkenaz, Yom Kippur Evening, Shir HaKavod 42",1243
"The Koren Yom Kippur Mahzor; Ashkenaz, Yom Kippur Evening, Massekhet Yoma 1:1",1248
"The Koren Yom Kippur Mahzor; Ashkenaz, Yom Kippur Evening, Massekhet Yoma 1:2",1250
"The Koren Yom Kippur Mahzor; Ashkenaz, Yom Kippur Evening, Massekhet Yoma 1:3",1252
"The Koren Yom Kippur Mahzor; Ashkenaz, Yom Kippur Evening, Massekhet Yoma 1:4",1254
"The Koren Yom Kippur Mahzor; Ashkenaz, Yom Kippur Evening, Massekhet Yoma 1:5",1256
"The Koren Yom Kippur Mahzor; Ashkenaz, Yom Kippur Evening, Massekhet Yoma 1:6",1258
"The Koren Yom Kippur Mahzor; Ashkenaz, Yom Kippur Evening, Massekhet Yoma 1:7",1260
"The Koren Yom Kippur Mahzor; Ashkenaz, Yom Kippur Evening, Massekhet Yoma 1:8",1262
"The Koren Yom Kippur Mahzor; Ashkenaz, Yom Kippur Evening, Massekhet Yoma 2:1",1265
"The Koren Yom Kippur Mahzor; Ashkenaz, Yom Kippur Evening, Massekhet Yoma 2:2",1267
"The Koren Yom Kippur Mahzor; Ashkenaz, Yom Kippur Evening, Massekhet Yoma 2:3",1269
"The Koren Yom Kippur Mahzor; Ashkenaz, Yom Kippur Evening, Massekhet Yoma 2:4",1271
"The Koren Yom Kippur Mahzor; Ashkenaz, Yom Kippur Evening, Massekhet Yoma 2:5",1273
"The Koren Yom Kippur Mahzor; Ashkenaz, Yom Kippur Evening, Massekhet Yoma 2:6",1275
"The Koren Yom Kippur Mahzor; Ashkenaz, Yom Kippur Evening, Massekhet Yoma 2:7",1277
"The Koren Yom Kippur Mahzor; Ashkenaz, Yom Kippur Evening, Massekhet Yoma 3:1",1280
"The Koren Yom Kippur Mahzor; Ashkenaz, Yom Kippur Evening, Massekhet Yoma 3:2",1282
"The Koren Yom Kippur Mahzor; Ashkenaz, Yom Kippur Evening, Massekhet Yoma 3:3",1284
"The Koren Yom Kippur Mahzor; Ashkenaz, Yom Kippur Evening, Massekhet Yoma 3:4",1286
"The Koren Yom Kippur Mahzor; Ashkenaz, Yom Kippur Evening, Massekhet Yoma 3:5",1288
"The Koren Yom Kippur Mahzor; Ashkenaz, Yom Kippur Evening, Massekhet Yoma 3:6",1290
"The Koren Yom Kippur Mahzor; Ashkenaz, Yom Kippur Evening, Massekhet Yoma 3:7",1292
"The Koren Yom Kippur Mahzor; Ashkenaz, Yom Kippur Evening, Massekhet Yoma 3:8",1294
"The Koren Yom Kippur Mahzor; Ashkenaz, Yom Kippur Evening, Massekhet Yoma 3:9",1296
"The Koren Yom Kippur Mahzor; Ashkenaz, Yom Kippur Evening, Massekhet Yoma 3:10",1298
"The Koren Yom Kippur Mahzor; Ashkenaz, Yom Kippur Evening, Massekhet Yoma 3:11",1300
"The Koren Yom Kippur Mahzor; Ashkenaz, Yom Kippur Evening, Massekhet Yoma 4:1",1303
"The Koren Yom Kippur Mahzor; Ashkenaz, Yom Kippur Evening, Massekhet Yoma 4:2",1305
"The Koren Yom Kippur Mahzor; Ashkenaz, Yom Kippur Evening, Massekhet Yoma 4:3",1307
"The Koren Yom Kippur Mahzor; Ashkenaz, Yom Kippur Evening, Massekhet Yoma 4:4",1309
"The Koren Yom Kippur Mahzor; Ashkenaz, Yom Kippur Evening, Massekhet Yoma 4:5",1311
"The Koren Yom Kippur Mahzor; Ashkenaz, Yom Kippur Evening, Massekhet Yoma 4:6",1313
"The Koren Yom Kippur Mahzor; Ashkenaz, Yom Kippur Evening, Massekhet Yoma 5:1",1316
"The Koren Yom Kippur Mahzor; Ashkenaz, Yom Kippur Evening, Massekhet Yoma 5:2",1318
"The Koren Yom Kippur Mahzor; Ashkenaz, Yom Kippur Evening, Massekhet Yoma 5:3",1320
"The Koren Yom Kippur Mahzor; Ashkenaz, Yom Kippur Evening, Massekhet Yoma 5:4",1322
"The Koren Yom Kippur Mahzor; Ashkenaz, Yom Kippur Evening, Massekhet Yoma 5:5",1324
"The Koren Yom Kippur Mahzor; Ashkenaz, Yom Kippur Evening, Massekhet Yoma 5:6",1326
"The Koren Yom Kippur Mahzor; Ashkenaz, Yom Kippur Evening, Massekhet Yoma 5:7",1328
"The Koren Yom Kippur Mahzor; Ashkenaz, Yom Kippur Evening, Massekhet Yoma 6:1",1331
"The Koren Yom Kippur Mahzor; Ashkenaz, Yom Kippur Evening, Massekhet Yoma 6:2",1333
"The Koren Yom Kippur Mahzor; Ashkenaz, Yom Kippur Evening, Massekhet Yoma 6:3",1335
"The Koren Yom Kippur Mahzor; Ashkenaz, Yom Kippur Evening, Massekhet Yoma 6:4",1337
"The Koren Yom Kippur Mahzor; Ashkenaz, Yom Kippur Evening, Massekhet Yoma 6:5",1339
"The Koren Yom Kippur Mahzor; Ashkenaz, Yom Kippur Evening, Massekhet Yoma 6:6",1341
"The Koren Yom Kippur Mahzor; Ashkenaz, Yom Kippur Evening, Massekhet Yoma 6:7",1343
"The Koren Yom Kippur Mahzor; Ashkenaz, Yom Kippur Evening, Massekhet Yoma 6:8",1345
"The Koren Yom Kippur Mahzor; Ashkenaz, Yom Kippur Evening, Massekhet Yoma 7:1",1348
"The Koren Yom Kippur Mahzor; Ashkenaz, Yom Kippur Evening, Massekhet Yoma 7:2",1350
"The Koren Yom Kippur Mahzor; Ashkenaz, Yom Kippur Evening, Massekhet Yoma 7:3",1352
"The Koren Yom Kippur Mahzor; Ashkenaz, Yom Kippur Evening, Massekhet Yoma 7:4",1354
"The Koren Yom Kippur Mahzor; Ashkenaz, Yom Kippur Evening, Massekhet Yoma 7:5",1356
"The Koren Yom Kippur Mahzor; Ashkenaz, Yom Kippur Evening, Massekhet Yoma 8:1",1359
"The Koren Yom Kippur Mahzor; Ashkenaz, Yom Kippur Evening, Massekhet Yoma 8:2",1361
"The Koren Yom Kippur Mahzor; Ashkenaz, Yom Kippur Evening, Massekhet Yoma 8:3",1363
"The Koren Yom Kippur Mahzor; Ashkenaz, Yom Kippur Evening, Massekhet Yoma 8:4",1365
"The Koren Yom Kippur Mahzor; Ashkenaz, Yom Kippur Evening, Massekhet Yoma 8:5",1367
"The Koren Yom Kippur Mahzor; Ashkenaz, Yom Kippur Evening, Massekhet Yoma 8:6",1369
"The Koren Yom Kippur Mahzor; Ashkenaz, Yom Kippur Evening, Massekhet Yoma 8:7",1371
"The Koren Yom Kippur Mahzor; Ashkenaz, Yom Kippur Evening, Massekhet Yoma 8:8",1373
"The Koren Yom Kippur Mahzor; Ashkenaz, Yom Kippur Evening, Massekhet Yoma 8:9",1375
"The Koren Yom Kippur Mahzor; Ashkenaz, Shaharit, On Waking 1",1379
"The Koren Yom Kippur Mahzor; Ashkenaz, Shaharit, On Waking 2",1380
"The Koren Yom Kippur Mahzor; Ashkenaz, Shaharit, On Waking 3",1381
"The Koren Yom Kippur Mahzor; Ashkenaz, Shaharit, On Waking 4",1382
"The Koren Yom Kippur Mahzor; Ashkenaz, Shaharit, On Waking 5",1383
"The Koren Yom Kippur Mahzor; Ashkenaz, Shaharit, On Waking 6",1384
"The Koren Yom Kippur Mahzor; Ashkenaz, Shaharit, On Waking 7",1385
"The Koren Yom Kippur Mahzor; Ashkenaz, Shaharit, On Waking 8",1386
"The Koren Yom Kippur Mahzor; Ashkenaz, Shaharit, On Waking 9",1387
"The Koren Yom Kippur Mahzor; Ashkenaz, Shaharit, On Waking 10",1388
"The Koren Yom Kippur Mahzor; Ashkenaz, Shaharit, On Waking 11",1389
"The Koren Yom Kippur Mahzor; Ashkenaz, Shaharit, On Waking 12",1390
"The Koren Yom Kippur Mahzor; Ashkenaz, Shaharit, Blessings over the Torah 1",1392
"The Koren Yom Kippur Mahzor; Ashkenaz, Shaharit, Blessings over the Torah 2",1393
"The Koren Yom Kippur Mahzor; Ashkenaz, Shaharit, Blessings over the Torah 3",1394
"The Koren Yom Kippur Mahzor; Ashkenaz, Shaharit, Blessings over the Torah 4",1395
"The Koren Yom Kippur Mahzor; Ashkenaz, Shaharit, Blessings over the Torah 5",1396
"The Koren Yom Kippur Mahzor; Ashkenaz, Shaharit, Blessings over the Torah 6",1397
"The Koren Yom Kippur Mahzor; Ashkenaz, Shaharit, Blessings over the Torah 7",1398
"The Koren Yom Kippur Mahzor; Ashkenaz, Shaharit, Blessings over the Torah 8",1399
"The Koren Yom Kippur Mahzor; Ashkenaz, Shaharit, Tallit 1",1401
"The Koren Yom Kippur Mahzor; Ashkenaz, Shaharit, Tallit 2",1402
"The Koren Yom Kippur Mahzor; Ashkenaz, Shaharit, Tallit 3",1403
"The Koren Yom Kippur Mahzor; Ashkenaz, Shaharit, Tallit 4",1404
"The Koren Yom Kippur Mahzor; Ashkenaz, Shaharit, Tallit 5",1405
"The Koren Yom Kippur Mahzor; Ashkenaz, Shaharit, Tallit 6",1406
"The Koren Yom Kippur Mahzor; Ashkenaz, Shaharit, Tallit 7",1407
"The Koren Yom Kippur Mahzor; Ashkenaz, Shaharit, Tallit 8",1408
"The Koren Yom Kippur Mahzor; Ashkenaz, Shaharit, Preparation for Prayer 1",1410
"The Koren Yom Kippur Mahzor; Ashkenaz, Shaharit, Preparation for Prayer 2",1411
"The Koren Yom Kippur Mahzor; Ashkenaz, Shaharit, Preparation for Prayer 3",1412
"The Koren Yom Kippur Mahzor; Ashkenaz, Shaharit, Preparation for Prayer 4",1413
"The Koren Yom Kippur Mahzor; Ashkenaz, Shaharit, Daily Psalm 1",1415
"The Koren Yom Kippur Mahzor; Ashkenaz, Shaharit, Daily Psalm 2",1416
"The Koren Yom Kippur Mahzor; Ashkenaz, Shaharit, Daily Psalm 3",1417
"The Koren Yom Kippur Mahzor; Ashkenaz, Shaharit, Daily Psalm 4",1418
"The Koren Yom Kippur Mahzor; Ashkenaz, Shaharit, Daily Psalm 5",1419
"The Koren Yom Kippur Mahzor; Ashkenaz, Shaharit, Daily Psalm 6",1420
"The Koren Yom Kippur Mahzor; Ashkenaz, Shaharit, Daily Psalm 7",1421
"The Koren Yom Kippur Mahzor; Ashkenaz, Shaharit, Daily Psalm 8",1422
"The Koren Yom Kippur Mahzor; Ashkenaz, Shaharit, Daily Psalm 9",1423
"The Koren Yom Kippur Mahzor; Ashkenaz, Shaharit, Daily Psalm 10",1424
"The Koren Yom Kippur Mahzor; Ashkenaz, Shaharit, Daily Psalm 11",1425
"The Koren Yom Kippur Mahzor; Ashkenaz, Shaharit, Daily Psalm 12",1426
"The Koren Yom Kippur Mahzor; Ashkenaz, Shaharit, Daily Psalm 13",1427
"The Koren Yom Kippur Mahzor; Ashkenaz, Shaharit, Daily Psalm 14",1428
"The Koren Yom Kippur Mahzor; Ashkenaz, Shaharit, Daily Psalm 15",1429
"The Koren Yom Kippur Mahzor; Ashkenaz, Shaharit, Daily Psalm 16",1430
"The Koren Yom Kippur Mahzor; Ashkenaz, Shaharit, Daily Psalm 17",1431
"The Koren Yom Kippur Mahzor; Ashkenaz, Shaharit, Daily Psalm 18",1432
"The Koren Yom Kippur Mahzor; Ashkenaz, Shaharit, Daily Psalm 19",1433
"The Koren Yom Kippur Mahzor; Ashkenaz, Shaharit, Daily Psalm 20",1434
"The Koren Yom Kippur Mahzor; Ashkenaz, Shaharit, Daily Psalm 21",1435
"The Koren Yom Kippur Mahzor; Ashkenaz, Shaharit, Daily Psalm 22",1436
"The Koren Yom Kippur Mahzor; Ashkenaz, Shaharit, Daily Psalm 23",1437
"The Koren Yom Kippur Mahzor; Ashkenaz, Shaharit, Morning Blessings 1",1439
"The Koren Yom Kippur Mahzor; Ashkenaz, Shaharit, Morning Blessings 2",1440
"The Koren Yom Kippur Mahzor; Ashkenaz, Shaharit, Morning Blessings 3",1441
"The Koren Yom Kippur Mahzor; Ashkenaz, Shaharit, Morning Blessings 4",1442
"The Koren Yom Kippur Mahzor; Ashkenaz, Shaharit, Morning Blessings 5",1443
"The Koren Yom Kippur Mahzor; Ashkenaz, Shaharit, Morning Blessings 6",1444
"The Koren Yom Kippur Mahzor; Ashkenaz, Shaharit, Morning Blessings 7",1445
"The Koren Yom Kippur Mahzor; Ashkenaz, Shaharit, Morning Blessings 8",1446
"The Koren Yom Kippur Mahzor; Ashkenaz, Shaharit, Morning Blessings 9",1447
"The Koren Yom Kippur Mahzor; Ashkenaz, Shaharit, Morning Blessings 10",1448
"The Koren Yom Kippur Mahzor; Ashkenaz, Shaharit, Morning Blessings 11",1449
"The Koren Yom Kippur Mahzor; Ashkenaz, Shaharit, Morning Blessings 12",1450
"The Koren Yom Kippur Mahzor; Ashkenaz, Shaharit, Morning Blessings 13",1451
"The Koren Yom Kippur Mahzor; Ashkenaz, Shaharit, Morning Blessings 14",1452
"The Koren Yom Kippur Mahzor; Ashkenaz, Shaharit, Morning Blessings 15",1453
"The Koren Yom Kippur Mahzor; Ashkenaz, Shaharit, Morning Blessings 16",1454
"The Koren Yom Kippur Mahzor; Ashkenaz, Shaharit, Morning Blessings 17",1455
"The Koren Yom Kippur Mahzor; Ashkenaz, Shaharit, Morning Blessings 18",1456
"The Koren Yom Kippur Mahzor; Ashkenaz, Shaharit, Morning Blessings 19",1457
"The Koren Yom Kippur Mahzor; Ashkenaz, Shaharit, Morning Blessings 20",1458
"The Koren Yom Kippur Mahzor; Ashkenaz, Shaharit, Morning Blessings 21",1459
"The Koren Yom Kippur Mahzor; Ashkenaz, Shaharit, Morning Blessings 22",1460
"The Koren Yom Kippur Mahzor; Ashkenaz, Shaharit, Morning Blessings 23",1461
"The Koren Yom Kippur Mahzor; Ashkenaz, Shaharit, Morning Blessings 24",1462
"The Koren Yom Kippur Mahzor; Ashkenaz, Shaharit, Morning Blessings 25",1463
"The Koren Yom Kippur Mahzor; Ashkenaz, Shaharit, Morning Blessings 26",1464
"The Koren Yom Kippur Mahzor; Ashkenaz, Shaharit, Morning Blessings 27",1465
"The Koren Yom Kippur Mahzor; Ashkenaz, Shaharit, Morning Blessings 28",1466
"The Koren Yom Kippur Mahzor; Ashkenaz, Shaharit, Morning Blessings 29",1467
"The Koren Yom Kippur Mahzor; Ashkenaz, Shaharit, Morning Blessings 30",1468
"The Koren Yom Kippur Mahzor; Ashkenaz, Shaharit, Morning Blessings 31",1469
"The Koren Yom Kippur Mahzor; Ashkenaz, Shaharit, Morning Blessings 32",1470
"The Koren Yom Kippur Mahzor; Ashkenaz, Shaharit, Morning Blessings 33",1471
"The Koren Yom Kippur Mahzor; Ashkenaz, Shaharit, Morning Blessings 34",1472
"The Koren Yom Kippur Mahzor; Ashkenaz, Shaharit, Morning Blessings 35",1473
"The Koren Yom Kippur Mahzor; Ashkenaz, Shaharit, Morning Blessings 36",1474
"The Koren Yom Kippur Mahzor; Ashkenaz, Shaharit, Morning Blessings 37",1475
"The Koren Yom Kippur Mahzor; Ashkenaz, Shaharit, Morning Blessings 38",1476
"The Koren Yom Kippur Mahzor; Ashkenaz, Shaharit, Morning Blessings 39",1477
"The Koren Yom Kippur Mahzor; Ashkenaz, Shaharit, Morning Blessings 40",1478
"The Koren Yom Kippur Mahzor; Ashkenaz, Shaharit, Morning Blessings 41",1479
"The Koren Yom Kippur Mahzor; Ashkenaz, Shaharit, The Binding of Isaac 1",1481
"The Koren Yom Kippur Mahzor; Ashkenaz, Shaharit, The Binding of Isaac 2",1482
"The Koren Yom Kippur Mahzor; Ashkenaz, Shaharit, The Binding of Isaac 3",1483
"The Koren Yom Kippur Mahzor; Ashkenaz, Shaharit, The Binding of Isaac 4",1484
"The Koren Yom Kippur Mahzor; Ashkenaz, Shaharit, The Binding of Isaac 5",1485
"The Koren Yom Kippur Mahzor; Ashkenaz, Shaharit, The Binding of Isaac 6",1486
"The Koren Yom Kippur Mahzor; Ashkenaz, Shaharit, Accepting the Sovereignty of Heaven 1",1488
"The Koren Yom Kippur Mahzor; Ashkenaz, Shaharit, Accepting the Sovereignty of Heaven 2",1489
"The Koren Yom Kippur Mahzor; Ashkenaz, Shaharit, Accepting the Sovereignty of Heaven 3",1490
"The Koren Yom Kippur Mahzor; Ashkenaz, Shaharit, Accepting the Sovereignty of Heaven 4",1491
"The Koren Yom Kippur Mahzor; Ashkenaz, Shaharit, Accepting the Sovereignty of Heaven 5",1492
"The Koren Yom Kippur Mahzor; Ashkenaz, Shaharit, Accepting the Sovereignty of Heaven 6",1493
"The Koren Yom Kippur Mahzor; Ashkenaz, Shaharit, Accepting the Sovereignty of Heaven 7",1494
"The Koren Yom Kippur Mahzor; Ashkenaz, Shaharit, Accepting the Sovereignty of Heaven 8",1495
"The Koren Yom Kippur Mahzor; Ashkenaz, Shaharit, Accepting the Sovereignty of Heaven 9",1496
"The Koren Yom Kippur Mahzor; Ashkenaz, Shaharit, Accepting the Sovereignty of Heaven 10",1497
"The Koren Yom Kippur Mahzor; Ashkenaz, Shaharit, Accepting the Sovereignty of Heaven 11",1498
"The Koren Yom Kippur Mahzor; Ashkenaz, Shaharit, Accepting the Sovereignty of Heaven 12",1499
"The Koren Yom Kippur Mahzor; Ashkenaz, Shaharit, Accepting the Sovereignty of Heaven 13",1500
"The Koren Yom Kippur Mahzor; Ashkenaz, Shaharit, Accepting the Sovereignty of Heaven 14",1501
"The Koren Yom Kippur Mahzor; Ashkenaz, Shaharit, Offerings 1",1503
"The Koren Yom Kippur Mahzor; Ashkenaz, Shaharit, Offerings 2",1504
"The Koren Yom Kippur Mahzor; Ashkenaz, Shaharit, Offerings 3",1505
"The Koren Yom Kippur Mahzor; Ashkenaz, Shaharit, Offerings 4",1506
"The Koren Yom Kippur Mahzor; Ashkenaz, Shaharit, Offerings 5",1507
"The Koren Yom Kippur Mahzor; Ashkenaz, Shaharit, Offerings 6",1508
"The Koren Yom Kippur Mahzor; Ashkenaz, Shaharit, Offerings 7",1509
"The Koren Yom Kippur Mahzor; Ashkenaz, Shaharit, Offerings 8",1510
"The Koren Yom Kippur Mahzor; Ashkenaz, Shaharit, Offerings 9",1511
"The Koren Yom Kippur Mahzor; Ashkenaz, Shaharit, Offerings 10",1512
"The Koren Yom Kippur Mahzor; Ashkenaz, Shaharit, Offerings 11",1513
"The Koren Yom Kippur Mahzor; Ashkenaz, Shaharit, Offerings 12",1514
"The Koren Yom Kippur Mahzor; Ashkenaz, Shaharit, Offerings 13",1515
"The Koren Yom Kippur Mahzor; Ashkenaz, Shaharit, Offerings 14",1516
"The Koren Yom Kippur Mahzor; Ashkenaz, Shaharit, Offerings 15",1517
"The Koren Yom Kippur Mahzor; Ashkenaz, Shaharit, Offerings 16",1518
"The Koren Yom Kippur Mahzor; Ashkenaz, Shaharit, Offerings 17",1519
"The Koren Yom Kippur Mahzor; Ashkenaz, Shaharit, Offerings 18",1520
"The Koren Yom Kippur Mahzor; Ashkenaz, Shaharit, Offerings 19",1521
"The Koren Yom Kippur Mahzor; Ashkenaz, Shaharit, Offerings 20",1522
"The Koren Yom Kippur Mahzor; Ashkenaz, Shaharit, Offerings 21",1523
"The Koren Yom Kippur Mahzor; Ashkenaz, Shaharit, Offerings 22",1524
"The Koren Yom Kippur Mahzor; Ashkenaz, Shaharit, Offerings 23",1525
"The Koren Yom Kippur Mahzor; Ashkenaz, Shaharit, Offerings 24",1526
"The Koren Yom Kippur Mahzor; Ashkenaz, Shaharit, Offerings 25",1527
"The Koren Yom Kippur Mahzor; Ashkenaz, Shaharit, Offerings 26",1528
"The Koren Yom Kippur Mahzor; Ashkenaz, Shaharit, Offerings 27",1529
"The Koren Yom Kippur Mahzor; Ashkenaz, Shaharit, Offerings 28",1530
"The Koren Yom Kippur Mahzor; Ashkenaz, Shaharit, Offerings 29",1531
"The Koren Yom Kippur Mahzor; Ashkenaz, Shaharit, Offerings 30",1532
"The Koren Yom Kippur Mahzor; Ashkenaz, Shaharit, Offerings 31",1533
"The Koren Yom Kippur Mahzor; Ashkenaz, Shaharit, Offerings 32",1534
"The Koren Yom Kippur Mahzor; Ashkenaz, Shaharit, Offerings 33",1535
"The Koren Yom Kippur Mahzor; Ashkenaz, Shaharit, Offerings 34",1536
"The Koren Yom Kippur Mahzor; Ashkenaz, Shaharit, Offerings 35",1537
"The Koren Yom Kippur Mahzor; Ashkenaz, Shaharit, Offerings 36",1538
"The Koren Yom Kippur Mahzor; Ashkenaz, Shaharit, Offerings 37",1539
"The Koren Yom Kippur Mahzor; Ashkenaz, Shaharit, Offerings 38",1540
"The Koren Yom Kippur Mahzor; Ashkenaz, Shaharit, The Interpretive Principles of Rabbi Yishmael 1",1542
"The Koren Yom Kippur Mahzor; Ashkenaz, Shaharit, The Interpretive Principles of Rabbi Yishmael 2",1543
"The Koren Yom Kippur Mahzor; Ashkenaz, Shaharit, The Interpretive Principles of Rabbi Yishmael 3",1544
"The Koren Yom Kippur Mahzor; Ashkenaz, Shaharit, The Interpretive Principles of Rabbi Yishmael 4",1545
"The Koren Yom Kippur Mahzor; Ashkenaz, Shaharit, The Interpretive Principles of Rabbi Yishmael 5",1546
"The Koren Yom Kippur Mahzor; Ashkenaz, Shaharit, The Interpretive Principles of Rabbi Yishmael 6",1547
"The Koren Yom Kippur Mahzor; Ashkenaz, Shaharit, The Interpretive Principles of Rabbi Yishmael 7",1548
"The Koren Yom Kippur Mahzor; Ashkenaz, Shaharit, The Interpretive Principles of Rabbi Yishmael 8",1549
"The Koren Yom Kippur Mahzor; Ashkenaz, Shaharit, The Interpretive Principles of Rabbi Yishmael 9",1550
"The Koren Yom Kippur Mahzor; Ashkenaz, Shaharit, The Interpretive Principles of Rabbi Yishmael 10",1551
"The Koren Yom Kippur Mahzor; Ashkenaz, Shaharit, The Interpretive Principles of Rabbi Yishmael 11",1552
"The Koren Yom Kippur Mahzor; Ashkenaz, Shaharit, The Interpretive Principles of Rabbi Yishmael 12",1553
"The Koren Yom Kippur Mahzor; Ashkenaz, Shaharit, The Interpretive Principles of Rabbi Yishmael 13",1554
"The Koren Yom Kippur Mahzor; Ashkenaz, Shaharit, The Interpretive Principles of Rabbi Yishmael 14",1555
"The Koren Yom Kippur Mahzor; Ashkenaz, Shaharit, The Interpretive Principles of Rabbi Yishmael 15",1556
"The Koren Yom Kippur Mahzor; Ashkenaz, Shaharit, The Rabbis' Kaddish 1",1558
"The Koren Yom Kippur Mahzor; Ashkenaz, Shaharit, The Rabbis' Kaddish 2",1559
"The Koren Yom Kippur Mahzor; Ashkenaz, Shaharit, The Rabbis' Kaddish 3",1560
"The Koren Yom Kippur Mahzor; Ashkenaz, Shaharit, The Rabbis' Kaddish 4",1561
"The Koren Yom Kippur Mahzor; Ashkenaz, Shaharit, The Rabbis' Kaddish 5",1562
"The Koren Yom Kippur Mahzor; Ashkenaz, Shaharit, The Rabbis' Kaddish 6",1563
"The Koren Yom Kippur Mahzor; Ashkenaz, Shaharit, The Rabbis' Kaddish 7",1564
"The Koren Yom Kippur Mahzor; Ashkenaz, Shaharit, The Rabbis' Kaddish 8",1565
"The Koren Yom Kippur Mahzor; Ashkenaz, Shaharit, The Rabbis' Kaddish 9",1566
"The Koren Yom Kippur Mahzor; Ashkenaz, Shaharit, A Psalm Before Verses of Praise 1",1568
"The Koren Yom Kippur Mahzor; Ashkenaz, Shaharit, A Psalm Before Verses of Praise 2",1569
"The Koren Yom Kippur Mahzor; Ashkenaz, Shaharit, A Psalm Before Verses of Praise 3",1570
"The Koren Yom Kippur Mahzor; Ashkenaz, Shaharit, A Psalm Before Verses of Praise 4",1571
"The Koren Yom Kippur Mahzor; Ashkenaz, Shaharit, A Psalm Before Verses of Praise 5",1572
"The Koren Yom Kippur Mahzor; Ashkenaz, Shaharit, A Psalm Before Verses of Praise 6",1573
"The Koren Yom Kippur Mahzor; Ashkenaz, Shaharit, A Psalm Before Verses of Praise 7",1574
"The Koren Yom Kippur Mahzor; Ashkenaz, Shaharit, A Psalm Before Verses of Praise 8",1575
"The Koren Yom Kippur Mahzor; Ashkenaz, Shaharit, A Psalm Before Verses of Praise 9",1576
"The Koren Yom Kippur Mahzor; Ashkenaz, Shaharit, Pesukei DeZimra 1",1578
"The Koren Yom Kippur Mahzor; Ashkenaz, Shaharit, Pesukei DeZimra 2",1579
"The Koren Yom Kippur Mahzor; Ashkenaz, Shaharit, Pesukei DeZimra 3",1580
"The Koren Yom Kippur Mahzor; Ashkenaz, Shaharit, Pesukei DeZimra 4",1581
"The Koren Yom Kippur Mahzor; Ashkenaz, Shaharit, Pesukei DeZimra 5",1582
"The Koren Yom Kippur Mahzor; Ashkenaz, Shaharit, Pesukei DeZimra 6",1583
"The Koren Yom Kippur Mahzor; Ashkenaz, Shaharit, Pesukei DeZimra 7",1584
"The Koren Yom Kippur Mahzor; Ashkenaz, Shaharit, Pesukei DeZimra 8",1585
"The Koren Yom Kippur Mahzor; Ashkenaz, Shaharit, Pesukei DeZimra 9",1586
"The Koren Yom Kippur Mahzor; Ashkenaz, Shaharit, Pesukei DeZimra 10",1587
"The Koren Yom Kippur Mahzor; Ashkenaz, Shaharit, Pesukei DeZimra 11",1588
"The Koren Yom Kippur Mahzor; Ashkenaz, Shaharit, Pesukei DeZimra 12",1589
"The Koren Yom Kippur Mahzor; Ashkenaz, Shaharit, Pesukei DeZimra 13",1590
"The Koren Yom Kippur Mahzor; Ashkenaz, Shaharit, Pesukei DeZimra 14",1591
"The Koren Yom Kippur Mahzor; Ashkenaz, Shaharit, Pesukei DeZimra 15",1592
"The Koren Yom Kippur Mahzor; Ashkenaz, Shaharit, Pesukei DeZimra 16",1593
"The Koren Yom Kippur Mahzor; Ashkenaz, Shaharit, Pesukei DeZimra 17",1594
"The Koren Yom Kippur Mahzor; Ashkenaz, Shaharit, Pesukei DeZimra 18",1595
"The Koren Yom Kippur Mahzor; Ashkenaz, Shaharit, Pesukei DeZimra 19",1596
"The Koren Yom Kippur Mahzor; Ashkenaz, Shaharit, Pesukei DeZimra 20",1597
"The Koren Yom Kippur Mahzor; Ashkenaz, Shaharit, Pesukei DeZimra 21",1598
"The Koren Yom Kippur Mahzor; Ashkenaz, Shaharit, Pesukei DeZimra 22",1599
"The Koren Yom Kippur Mahzor; Ashkenaz, Shaharit, Pesukei DeZimra 23",1600
"The Koren Yom Kippur Mahzor; Ashkenaz, Shaharit, Pesukei DeZimra 24",1601
"The Koren Yom Kippur Mahzor; Ashkenaz, Shaharit, Pesukei DeZimra 25",1602
"The Koren Yom Kippur Mahzor; Ashkenaz, Shaharit, Pesukei DeZimra 26",1603
"The Koren Yom Kippur Mahzor; Ashkenaz, Shaharit, Pesukei DeZimra 27",1604
"The Koren Yom Kippur Mahzor; Ashkenaz, Shaharit, Pesukei DeZimra 28",1605
"The Koren Yom Kippur Mahzor; Ashkenaz, Shaharit, Pesukei DeZimra 29",1606
"The Koren Yom Kippur Mahzor; Ashkenaz, Shaharit, Pesukei DeZimra 30",1607
"The Koren Yom Kippur Mahzor; Ashkenaz, Shaharit, Pesukei DeZimra 31",1608
"The Koren Yom Kippur Mahzor; Ashkenaz, Shaharit, Pesukei DeZimra 32",1609
"The Koren Yom Kippur Mahzor; Ashkenaz, Shaharit, Pesukei DeZimra 33",1610
"The Koren Yom Kippur Mahzor; Ashkenaz, Shaharit, Pesukei DeZimra 34",1611
"The Koren Yom Kippur Mahzor; Ashkenaz, Shaharit, Pesukei DeZimra 35",1612
"The Koren Yom Kippur Mahzor; Ashkenaz, Shaharit, Pesukei DeZimra 36",1613
"The Koren Yom Kippur Mahzor; Ashkenaz, Shaharit, Pesukei DeZimra 37",1614
"The Koren Yom Kippur Mahzor; Ashkenaz, Shaharit, Pesukei DeZimra 38",1615
"The Koren Yom Kippur Mahzor; Ashkenaz, Shaharit, Nishmat 1",1617
"The Koren Yom Kippur Mahzor; Ashkenaz, Shaharit, Nishmat 2",1618
"The Koren Yom Kippur Mahzor; Ashkenaz, Shaharit, Nishmat 3",1619
"The Koren Yom Kippur Mahzor; Ashkenaz, Shaharit, Nishmat 4",1620
"The Koren Yom Kippur Mahzor; Ashkenaz, Shaharit, Nishmat 5",1621
"The Koren Yom Kippur Mahzor; Ashkenaz, Shaharit, HaMelekh 1",1623
"The Koren Yom Kippur Mahzor; Ashkenaz, Shaharit, HaMelekh 2",1624
"The Koren Yom Kippur Mahzor; Ashkenaz, Shaharit, HaMelekh 3",1625
"The Koren Yom Kippur Mahzor; Ashkenaz, Shaharit, HaMelekh 4",1626
"The Koren Yom Kippur Mahzor; Ashkenaz, Shaharit, HaMelekh 5",1627
"The Koren Yom Kippur Mahzor; Ashkenaz, Shaharit, HaMelekh 6",1628
"The Koren Yom Kippur Mahzor; Ashkenaz, Shaharit, HaMelekh 7",1629
"The Koren Yom Kippur Mahzor; Ashkenaz, Shaharit, HaMelekh 8",1630
"The Koren Yom Kippur Mahzor; Ashkenaz, Shaharit, HaMelekh 9",1631
"The Koren Yom Kippur Mahzor; Ashkenaz, Shaharit, HaMelekh 10",1632
"The Koren Yom Kippur Mahzor; Ashkenaz, Shaharit, HaMelekh 11",1633
"The Koren Yom Kippur Mahzor; Ashkenaz, Shaharit, HaMelekh 12",1634
"The Koren Yom Kippur Mahzor; Ashkenaz, Shaharit, HaMelekh 13",1635
"The Koren Yom Kippur Mahzor; Ashkenaz, Shaharit, HaMelekh 14",1636
"The Koren Yom Kippur Mahzor; Ashkenaz, Shaharit, Blessings of the Shema 1",1638
"The Koren Yom Kippur Mahzor; Ashkenaz, Shaharit, Blessings of the Shema 2",1639
"The Koren Yom Kippur Mahzor; Ashkenaz, Shaharit, Blessings of the Shema 3",1640
"The Koren Yom Kippur Mahzor; Ashkenaz, Shaharit, Blessings of the Shema 4",1641
"The Koren Yom Kippur Mahzor; Ashkenaz, Shaharit, Blessings of the Shema 5",1642
"The Koren Yom Kippur Mahzor; Ashkenaz, Shaharit, Blessings of the Shema 6",1643
"The Koren Yom Kippur Mahzor; Ashkenaz, Shaharit, Blessings of the Shema 7",1644
"The Koren Yom Kippur Mahzor; Ashkenaz, Shaharit, Blessings of the Shema 8",1645
"The Koren Yom Kippur Mahzor; Ashkenaz, Shaharit, Blessings of the Shema 9",1646
"The Koren Yom Kippur Mahzor; Ashkenaz, Shaharit, Blessings of the Shema 10",1647
"The Koren Yom Kippur Mahzor; Ashkenaz, Shaharit, Blessings of the Shema 11",1648
"The Koren Yom Kippur Mahzor; Ashkenaz, Shaharit, Blessings of the Shema 12",1649
"The Koren Yom Kippur Mahzor; Ashkenaz, Shaharit, Blessings of the Shema 13",1650
"The Koren Yom Kippur Mahzor; Ashkenaz, Shaharit, Blessings of the Shema 14",1651
"The Koren Yom Kippur Mahzor; Ashkenaz, Shaharit, Blessings of the Shema 15",1652
"The Koren Yom Kippur Mahzor; Ashkenaz, Shaharit, Blessings of the Shema 16",1653
"The Koren Yom Kippur Mahzor; Ashkenaz, Shaharit, Blessings of the Shema 17",1654
"The Koren Yom Kippur Mahzor; Ashkenaz, Shaharit, Blessings of the Shema 18",1655
"The Koren Yom Kippur Mahzor; Ashkenaz, Shaharit, Blessings of the Shema 19",1656
"The Koren Yom Kippur Mahzor; Ashkenaz, Shaharit, Blessings of the Shema 20",1657
"The Koren Yom Kippur Mahzor; Ashkenaz, Shaharit, Blessings of the Shema 21",1658
"The Koren Yom Kippur Mahzor; Ashkenaz, Shaharit, Blessings of the Shema 22",1659
"The Koren Yom Kippur Mahzor; Ashkenaz, Shaharit, Blessings of the Shema 23",1660
"The Koren Yom Kippur Mahzor; Ashkenaz, Shaharit, Blessings of the Shema 24",1661
"The Koren Yom Kippur Mahzor; Ashkenaz, Shaharit, Blessings of the Shema 25",1662
"The Koren Yom Kippur Mahzor; Ashkenaz, Shaharit, Blessings of the Shema 26",1663
"The Koren Yom Kippur Mahzor; Ashkenaz, Shaharit, Blessings of the Shema 27",1664
"The Koren Yom Kippur Mahzor; Ashkenaz, Shaharit, Blessings of the Shema 28",1665
"The Koren Yom Kippur Mahzor; Ashkenaz, Shaharit, Blessings of the Shema 29",1666
"The Koren Yom Kippur Mahzor; Ashkenaz, Shaharit, Blessings of the Shema 30",1667
"The Koren Yom Kippur Mahzor; Ashkenaz, Shaharit, Blessings of the Shema 31",1668
"The Koren Yom Kippur Mahzor; Ashkenaz, Shaharit, Blessings of the Shema 32",1669
"The Koren Yom Kippur Mahzor; Ashkenaz, Shaharit, Blessings of the Shema 33",1670
"The Koren Yom Kippur Mahzor; Ashkenaz, Shaharit, Blessings of the Shema 34",1671
"The Koren Yom Kippur Mahzor; Ashkenaz, Shaharit, Blessings of the Shema 35",1672
"The Koren Yom Kippur Mahzor; Ashkenaz, Shaharit, Blessings of the Shema 36",1673
"The Koren Yom Kippur Mahzor; Ashkenaz, Shaharit, Blessings of the Shema 37",1674
"The Koren Yom Kippur Mahzor; Ashkenaz, Shaharit, Blessings of the Shema 38",1675
"The Koren Yom Kippur Mahzor; Ashkenaz, Shaharit, Blessings of the Shema 39",1676
"The Koren Yom Kippur Mahzor; Ashkenaz, Shaharit, Blessings of the Shema 40",1677
"The Koren Yom Kippur Mahzor; Ashkenaz, Shaharit, Blessings of the Shema 41",1678
"The Koren Yom Kippur Mahzor; Ashkenaz, Shaharit, Blessings of the Shema 42",1679
"The Koren Yom Kippur Mahzor; Ashkenaz, Shaharit, Blessings of the Shema 43",1680
"The Koren Yom Kippur Mahzor; Ashkenaz, Shaharit, Blessings of the Shema 44",1681
"The Koren Yom Kippur Mahzor; Ashkenaz, Shaharit, Blessings of the Shema 45",1682
"The Koren Yom Kippur Mahzor; Ashkenaz, Shaharit, Blessings of the Shema 46",1683
"The Koren Yom Kippur Mahzor; Ashkenaz, Shaharit, Blessings of the Shema 47",1684
"The Koren Yom Kippur Mahzor; Ashkenaz, Shaharit, Blessings of the Shema 48",1685
"The Koren Yom Kippur Mahzor; Ashkenaz, Shaharit, Blessings of the Shema 49",1686
"The Koren Yom Kippur Mahzor; Ashkenaz, Shaharit, Blessings of the Shema 50",1687
"The Koren Yom Kippur Mahzor; Ashkenaz, Shaharit, Blessings of the Shema 51",1688
"The Koren Yom Kippur Mahzor; Ashkenaz, Shaharit, Blessings of the Shema 52",1689
"The Koren Yom Kippur Mahzor; Ashkenaz, Shaharit, Blessings of the Shema 53",1690
"The Koren Yom Kippur Mahzor; Ashkenaz, Shaharit, Blessings of the Shema 54",1691
"The Koren Yom Kippur Mahzor; Ashkenaz, Shaharit, Blessings of the Shema 55",1692
"The Koren Yom Kippur Mahzor; Ashkenaz, Shaharit, Blessings of the Shema 56",1693
"The Koren Yom Kippur Mahzor; Ashkenaz, Shaharit, Blessings of the Shema 57",1694
"The Koren Yom Kippur Mahzor; Ashkenaz, Shaharit, Blessings of the Shema 58",1695
"The Koren Yom Kippur Mahzor; Ashkenaz, Shaharit, Blessings of the Shema 59",1696
"The Koren Yom Kippur Mahzor; Ashkenaz, Shaharit, Blessings of the Shema 60",1697
"The Koren Yom Kippur Mahzor; Ashkenaz, Shaharit, Blessings of the Shema 61",1698
"The Koren Yom Kippur Mahzor; Ashkenaz, Shaharit, Blessings of the Shema 62",1699
"The Koren Yom Kippur Mahzor; Ashkenaz, Shaharit, Blessings of the Shema 63",1700
"The Koren Yom Kippur Mahzor; Ashkenaz, Shaharit, Blessings of the Shema 64",1701
"The Koren Yom Kippur Mahzor; Ashkenaz, Shaharit, Blessings of the Shema 65",1702
"The Koren Yom Kippur Mahzor; Ashkenaz, Shaharit, Blessings of the Shema 66",1703
"The Koren Yom Kippur Mahzor; Ashkenaz, Shaharit, Blessings of the Shema 67",1704
"The Koren Yom Kippur Mahzor; Ashkenaz, Shaharit, Blessings of the Shema 68",1705
"The Koren Yom Kippur Mahzor; Ashkenaz, Shaharit, Blessings of the Shema 69",1706
"The Koren Yom Kippur Mahzor; Ashkenaz, Shaharit, Blessings of the Shema 70",1707
"The Koren Yom Kippur Mahzor; Ashkenaz, Shaharit, Blessings of the Shema 71",1708
"The Koren Yom Kippur Mahzor; Ashkenaz, Shaharit, Blessings of the Shema 72",1709
"The Koren Yom Kippur Mahzor; Ashkenaz, Shaharit, Blessings of the Shema 73",1710
"The Koren Yom Kippur Mahzor; Ashkenaz, Shaharit, The Amida 1",1712
"The Koren Yom Kippur Mahzor; Ashkenaz, Shaharit, The Amida 2",1713
"The Koren Yom Kippur Mahzor; Ashkenaz, Shaharit, The Amida 3",1714
"The Koren Yom Kippur Mahzor; Ashkenaz, Shaharit, The Amida 4",1715
"The Koren Yom Kippur Mahzor; Ashkenaz, Shaharit, The Amida 5",1716
"The Koren Yom Kippur Mahzor; Ashkenaz, Shaharit, The Amida 6",1717
"The Koren Yom Kippur Mahzor; Ashkenaz, Shaharit, The Amida 7",1718
"The Koren Yom Kippur Mahzor; Ashkenaz, Shaharit, The Amida 8",1719
"The Koren Yom Kippur Mahzor; Ashkenaz, Shaharit, The Amida 9",1720
"The Koren Yom Kippur Mahzor; Ashkenaz, Shaharit, The Amida 10",1721
"The Koren Yom Kippur Mahzor; Ashkenaz, Shaharit, The Amida 11",1722
"The Koren Yom Kippur Mahzor; Ashkenaz, Shaharit, The Amida 12",1723
"The Koren Yom Kippur Mahzor; Ashkenaz, Shaharit, The Amida 13",1724
"The Koren Yom Kippur Mahzor; Ashkenaz, Shaharit, The Amida 14",1725
"The Koren Yom Kippur Mahzor; Ashkenaz, Shaharit, The Amida 15",1726
"The Koren Yom Kippur Mahzor; Ashkenaz, Shaharit, The Amida 16",1727
"The Koren Yom Kippur Mahzor; Ashkenaz, Shaharit, The Amida 17",1728
"The Koren Yom Kippur Mahzor; Ashkenaz, Shaharit, The Amida 18",1729
"The Koren Yom Kippur Mahzor; Ashkenaz, Shaharit, The Amida 19",1730
"The Koren Yom Kippur Mahzor; Ashkenaz, Shaharit, The Amida 20",1731
"The Koren Yom Kippur Mahzor; Ashkenaz, Shaharit, The Amida 21",1732
"The Koren Yom Kippur Mahzor; Ashkenaz, Shaharit, The Amida 22",1733
"The Koren Yom Kippur Mahzor; Ashkenaz, Shaharit, The Amida 23",1734
"The Koren Yom Kippur Mahzor; Ashkenaz, Shaharit, The Amida 24",1735
"The Koren Yom Kippur Mahzor; Ashkenaz, Shaharit, The Amida 25",1736
"The Koren Yom Kippur Mahzor; Ashkenaz, Shaharit, The Amida 26",1737
"The Koren Yom Kippur Mahzor; Ashkenaz, Shaharit, The Amida 27",1738
"The Koren Yom Kippur Mahzor; Ashkenaz, Shaharit, The Amida 28",1739
"The Koren Yom Kippur Mahzor; Ashkenaz, Shaharit, The Amida 29",1740
"The Koren Yom Kippur Mahzor; Ashkenaz, Shaharit, The Amida 30",1741
"The Koren Yom Kippur Mahzor; Ashkenaz, Shaharit, The Amida 31",1742
"The Koren Yom Kippur Mahzor; Ashkenaz, Shaharit, The Amida 32",1743
"The Koren Yom Kippur Mahzor; Ashkenaz, Shaharit, The Amida 33",1744
"The Koren Yom Kippur Mahzor; Ashkenaz, Shaharit, The Amida 34",1745
"The Koren Yom Kippur Mahzor; Ashkenaz, Shaharit, The Amida 35",1746
"The Koren Yom Kippur Mahzor; Ashkenaz, Shaharit, The Amida 36",1747
"The Koren Yom Kippur Mahzor; Ashkenaz, Shaharit, The Amida 37",1748
"The Koren Yom Kippur Mahzor; Ashkenaz, Shaharit, The Amida 38",1749
"The Koren Yom Kippur Mahzor; Ashkenaz, Shaharit, The Amida 39",1750
"The Koren Yom Kippur Mahzor; Ashkenaz, Shaharit, The Amida 40",1751
"The Koren Yom Kippur Mahzor; Ashkenaz, Shaharit, The Amida 41",1752
"The Koren Yom Kippur Mahzor; Ashkenaz, Shaharit, The Amida 42",1753
"The Koren Yom Kippur Mahzor; Ashkenaz, Shaharit, The Amida 43",1754
"The Koren Yom Kippur Mahzor; Ashkenaz, Shaharit, The Amida 44",1755
"The Koren Yom Kippur Mahzor; Ashkenaz, Shaharit, The Amida 45",1756
"The Koren Yom Kippur Mahzor; Ashkenaz, Shaharit, The Amida 46",1757
"The Koren Yom Kippur Mahzor; Ashkenaz, Shaharit, The Amida 47",1758
"The Koren Yom Kippur Mahzor; Ashkenaz, Shaharit, The Amida 48",1759
"The Koren Yom Kippur Mahzor; Ashkenaz, Shaharit, The Amida 49",1760
"The Koren Yom Kippur Mahzor; Ashkenaz, Shaharit, The Amida 50",1761
"The Koren Yom Kippur Mahzor; Ashkenaz, Shaharit, The Amida 51",1762
"The Koren Yom Kippur Mahzor; Ashkenaz, Shaharit, The Amida 52",1763
"The Koren Yom Kippur Mahzor; Ashkenaz, Shaharit, The Amida 53",1764
"The Koren Yom Kippur Mahzor; Ashkenaz, Shaharit, The Amida 54",1765
"The Koren Yom Kippur Mahzor; Ashkenaz, Shaharit, The Amida 55",1766
"The Koren Yom Kippur Mahzor; Ashkenaz, Shaharit, The Amida 56",1767
"The Koren Yom Kippur Mahzor; Ashkenaz, Shaharit, The Amida 57",1768
"The Koren Yom Kippur Mahzor; Ashkenaz, Shaharit, The Amida 58",1769
"The Koren Yom Kippur Mahzor; Ashkenaz, Shaharit, The Amida 59",1770
"The Koren Yom Kippur Mahzor; Ashkenaz, Shaharit, The Amida 60",1771
"The Koren Yom Kippur Mahzor; Ashkenaz, Shaharit, The Amida 61",1772
"The Koren Yom Kippur Mahzor; Ashkenaz, Shaharit, The Amida 62",1773
"The Koren Yom Kippur Mahzor; Ashkenaz, Shaharit, The Amida 63",1774
"The Koren Yom Kippur Mahzor; Ashkenaz, Shaharit, The Amida 64",1775
"The Koren Yom Kippur Mahzor; Ashkenaz, Shaharit, The Amida 65",1776
"The Koren Yom Kippur Mahzor; Ashkenaz, Shaharit, The Amida 66",1777
"The Koren Yom Kippur Mahzor; Ashkenaz, Shaharit, The Amida 67",1778
"The Koren Yom Kippur Mahzor; Ashkenaz, Shaharit, The Amida 68",1779
"The Koren Yom Kippur Mahzor; Ashkenaz, Shaharit, The Amida 69",1780
"The Koren Yom Kippur Mahzor; Ashkenaz, Shaharit, The Amida 70",1781
"The Koren Yom Kippur Mahzor; Ashkenaz, Shaharit, The Amida 71",1782
"The Koren Yom Kippur Mahzor; Ashkenaz, Shaharit, The Amida 72",1783
"The Koren Yom Kippur Mahzor; Ashkenaz, Shaharit, The Amida 73",1784
"The Koren Yom Kippur Mahzor; Ashkenaz, Shaharit, The Amida 74",1785
"The Koren Yom Kippur Mahzor; Ashkenaz, Shaharit, The Amida 75",1786
"The Koren Yom Kippur Mahzor; Ashkenaz, Shaharit, The Amida 76",1787
"The Koren Yom Kippur Mahzor; Ashkenaz, Shaharit, The Amida 77",1788
"The Koren Yom Kippur Mahzor; Ashkenaz, Shaharit, The Amida 78",1789
"The Koren Yom Kippur Mahzor; Ashkenaz, Shaharit, The Amida 79",1790
"The Koren Yom Kippur Mahzor; Ashkenaz, Shaharit, The Amida 80",1791
"The Koren Yom Kippur Mahzor; Ashkenaz, Shaharit, The Amida 81",1792
"The Koren Yom Kippur Mahzor; Ashkenaz, Shaharit, The Amida 82",1793
"The Koren Yom Kippur Mahzor; Ashkenaz, Shaharit, The Amida 83",1794
"The Koren Yom Kippur Mahzor; Ashkenaz, Shaharit, The Amida 84",1795
"The Koren Yom Kippur Mahzor; Ashkenaz, Shaharit, The Amida 85",1796
"The Koren Yom Kippur Mahzor; Ashkenaz, Shaharit, The Amida 86",1797
"The Koren Yom Kippur Mahzor; Ashkenaz, Shaharit, The Amida 87",1798
"The Koren Yom Kippur Mahzor; Ashkenaz, Shaharit, The Amida 88",1799
"The Koren Yom Kippur Mahzor; Ashkenaz, Shaharit, The Amida 89",1800
"The Koren Yom Kippur Mahzor; Ashkenaz, Shaharit, The Amida 90",1801
"The Koren Yom Kippur Mahzor; Ashkenaz, Shaharit, The Amida 91",1802
"The Koren Yom Kippur Mahzor; Ashkenaz, Shaharit, Leader's Repetition for Shaharit 1",1804
"The Koren Yom Kippur Mahzor; Ashkenaz, Shaharit, Leader's Repetition for Shaharit 2",1805
"The Koren Yom Kippur Mahzor; Ashkenaz, Shaharit, Leader's Repetition for Shaharit 3",1806
"The Koren Yom Kippur Mahzor; Ashkenaz, Shaharit, Leader's Repetition for Shaharit 4",1807
"The Koren Yom Kippur Mahzor; Ashkenaz, Shaharit, Leader's Repetition for Shaharit 5",1808
"The Koren Yom Kippur Mahzor; Ashkenaz, Shaharit, Leader's Repetition for Shaharit 6",1809
"The Koren Yom Kippur Mahzor; Ashkenaz, Shaharit, Leader's Repetition for Shaharit 7",1810
"The Koren Yom Kippur Mahzor; Ashkenaz, Shaharit, Leader's Repetition for Shaharit 8",1811
"The Koren Yom Kippur Mahzor; Ashkenaz, Shaharit, Leader's Repetition for Shaharit 9",1812
"The Koren Yom Kippur Mahzor; Ashkenaz, Shaharit, Leader's Repetition for Shaharit 10",1813
"The Koren Yom Kippur Mahzor; Ashkenaz, Shaharit, Leader's Repetition for Shaharit 11",1814
"The Koren Yom Kippur Mahzor; Ashkenaz, Shaharit, Leader's Repetition for Shaharit 12",1815
"The Koren Yom Kippur Mahzor; Ashkenaz, Shaharit, Leader's Repetition for Shaharit 13",1816
"The Koren Yom Kippur Mahzor; Ashkenaz, Shaharit, Leader's Repetition for Shaharit 14",1817
"The Koren Yom Kippur Mahzor; Ashkenaz, Shaharit, Leader's Repetition for Shaharit 15",1818
"The Koren Yom Kippur Mahzor; Ashkenaz, Shaharit, Leader's Repetition for Shaharit 16",1819
"The Koren Yom Kippur Mahzor; Ashkenaz, Shaharit, Leader's Repetition for Shaharit 17",1820
"The Koren Yom Kippur Mahzor; Ashkenaz, Shaharit, Leader's Repetition for Shaharit 18",1821
"The Koren Yom Kippur Mahzor; Ashkenaz, Shaharit, Leader's Repetition for Shaharit 19",1822
"The Koren Yom Kippur Mahzor; Ashkenaz, Shaharit, Leader's Repetition for Shaharit 20",1823
"The Koren Yom Kippur Mahzor; Ashkenaz, Shaharit, Leader's Repetition for Shaharit 21",1824
"The Koren Yom Kippur Mahzor; Ashkenaz, Shaharit, Leader's Repetition for Shaharit 22",1825
"The Koren Yom Kippur Mahzor; Ashkenaz, Shaharit, Leader's Repetition for Shaharit 23",1826
"The Koren Yom Kippur Mahzor; Ashkenaz, Shaharit, Leader's Repetition for Shaharit 24",1827
"The Koren Yom Kippur Mahzor; Ashkenaz, Shaharit, Leader's Repetition for Shaharit 25",1828
"The Koren Yom Kippur Mahzor; Ashkenaz, Shaharit, Leader's Repetition for Shaharit 26",1829
"The Koren Yom Kippur Mahzor; Ashkenaz, Shaharit, Leader's Repetition for Shaharit 27",1830
"The Koren Yom Kippur Mahzor; Ashkenaz, Shaharit, Leader's Repetition for Shaharit 28",1831
"The Koren Yom Kippur Mahzor; Ashkenaz, Shaharit, Leader's Repetition for Shaharit 29",1832
"The Koren Yom Kippur Mahzor; Ashkenaz, Shaharit, Leader's Repetition for Shaharit 30",1833
"The Koren Yom Kippur Mahzor; Ashkenaz, Shaharit, Leader's Repetition for Shaharit 31",1834
"The Koren Yom Kippur Mahzor; Ashkenaz, Shaharit, Leader's Repetition for Shaharit 32",1835
"The Koren Yom Kippur Mahzor; Ashkenaz, Shaharit, Leader's Repetition for Shaharit 33",1836
"The Koren Yom Kippur Mahzor; Ashkenaz, Shaharit, Leader's Repetition for Shaharit 34",1837
"The Koren Yom Kippur Mahzor; Ashkenaz, Shaharit, Leader's Repetition for Shaharit 35",1838
"The Koren Yom Kippur Mahzor; Ashkenaz, Shaharit, Leader's Repetition for Shaharit 36",1839
"The Koren Yom Kippur Mahzor; Ashkenaz, Shaharit, Leader's Repetition for Shaharit 37",1840
"The Koren Yom Kippur Mahzor; Ashkenaz, Shaharit, Leader's Repetition for Shaharit 38",1841
"The Koren Yom Kippur Mahzor; Ashkenaz, Shaharit, Leader's Repetition for Shaharit 39",1842
"The Koren Yom Kippur Mahzor; Ashkenaz, Shaharit, Leader's Repetition for Shaharit 40",1843
"The Koren Yom Kippur Mahzor; Ashkenaz, Shaharit, Leader's Repetition for Shaharit 41",1844
"The Koren Yom Kippur Mahzor; Ashkenaz, Shaharit, Leader's Repetition for Shaharit 42",1845
"The Koren Yom Kippur Mahzor; Ashkenaz, Shaharit, Leader's Repetition for Shaharit 43",1846
"The Koren Yom Kippur Mahzor; Ashkenaz, Shaharit, Leader's Repetition for Shaharit 44",1847
"The Koren Yom Kippur Mahzor; Ashkenaz, Shaharit, Leader's Repetition for Shaharit 45",1848
"The Koren Yom Kippur Mahzor; Ashkenaz, Shaharit, Leader's Repetition for Shaharit 46",1849
"The Koren Yom Kippur Mahzor; Ashkenaz, Shaharit, Leader's Repetition for Shaharit 47",1850
"The Koren Yom Kippur Mahzor; Ashkenaz, Shaharit, Leader's Repetition for Shaharit 48",1851
"The Koren Yom Kippur Mahzor; Ashkenaz, Shaharit, Leader's Repetition for Shaharit 49",1852
"The Koren Yom Kippur Mahzor; Ashkenaz, Shaharit, Leader's Repetition for Shaharit 50",1853
"The Koren Yom Kippur Mahzor; Ashkenaz, Shaharit, Leader's Repetition for Shaharit 51",1854
"The Koren Yom Kippur Mahzor; Ashkenaz, Shaharit, Leader's Repetition for Shaharit 52",1855
"The Koren Yom Kippur Mahzor; Ashkenaz, Shaharit, Leader's Repetition for Shaharit 53",1856
"The Koren Yom Kippur Mahzor; Ashkenaz, Shaharit, Leader's Repetition for Shaharit 54",1857
"The Koren Yom Kippur Mahzor; Ashkenaz, Shaharit, Leader's Repetition for Shaharit 55",1858
"The Koren Yom Kippur Mahzor; Ashkenaz, Shaharit, Leader's Repetition for Shaharit 56",1859
"The Koren Yom Kippur Mahzor; Ashkenaz, Shaharit, Leader's Repetition for Shaharit 57",1860
"The Koren Yom Kippur Mahzor; Ashkenaz, Shaharit, Leader's Repetition for Shaharit 58",1861
"The Koren Yom Kippur Mahzor; Ashkenaz, Shaharit, Leader's Repetition for Shaharit 59",1862
"The Koren Yom Kippur Mahzor; Ashkenaz, Shaharit, Leader's Repetition for Shaharit 60",1863
"The Koren Yom Kippur Mahzor; Ashkenaz, Shaharit, Leader's Repetition for Shaharit 61",1864
"The Koren Yom Kippur Mahzor; Ashkenaz, Shaharit, Leader's Repetition for Shaharit 62",1865
"The Koren Yom Kippur Mahzor; Ashkenaz, Shaharit, Leader's Repetition for Shaharit 63",1866
"The Koren Yom Kippur Mahzor; Ashkenaz, Shaharit, Leader's Repetition for Shaharit 64",1867
"The Koren Yom Kippur Mahzor; Ashkenaz, Shaharit, Leader's Repetition for Shaharit 65",1868
"The Koren Yom Kippur Mahzor; Ashkenaz, Shaharit, Leader's Repetition for Shaharit 66",1869
"The Koren Yom Kippur Mahzor; Ashkenaz, Shaharit, Leader's Repetition for Shaharit 67",1870
"The Koren Yom Kippur Mahzor; Ashkenaz, Shaharit, Leader's Repetition for Shaharit 68",1871
"The Koren Yom Kippur Mahzor; Ashkenaz, Shaharit, Leader's Repetition for Shaharit 69",1872
"The Koren Yom Kippur Mahzor; Ashkenaz, Shaharit, Leader's Repetition for Shaharit 70",1873
"The Koren Yom Kippur Mahzor; Ashkenaz, Shaharit, Leader's Repetition for Shaharit 71",1874
"The Koren Yom Kippur Mahzor; Ashkenaz, Shaharit, Leader's Repetition for Shaharit 72",1875
"The Koren Yom Kippur Mahzor; Ashkenaz, Shaharit, Leader's Repetition for Shaharit 73",1876
"The Koren Yom Kippur Mahzor; Ashkenaz, Shaharit, Leader's Repetition for Shaharit 74",1877
"The Koren Yom Kippur Mahzor; Ashkenaz, Shaharit, Leader's Repetition for Shaharit 75",1878
"The Koren Yom Kippur Mahzor; Ashkenaz, Shaharit, Leader's Repetition for Shaharit 76",1879
"The Koren Yom Kippur Mahzor; Ashkenaz, Shaharit, Leader's Repetition for Shaharit 77",1880
"The Koren Yom Kippur Mahzor; Ashkenaz, Shaharit, Leader's Repetition for Shaharit 78",1881
"The Koren Yom Kippur Mahzor; Ashkenaz, Shaharit, Leader's Repetition for Shaharit 79",1882
"The Koren Yom Kippur Mahzor; Ashkenaz, Shaharit, Leader's Repetition for Shaharit 80",1883
"The Koren Yom Kippur Mahzor; Ashkenaz, Shaharit, Leader's Repetition for Shaharit 81",1884
"The Koren Yom Kippur Mahzor; Ashkenaz, Shaharit, Leader's Repetition for Shaharit 82",1885
"The Koren Yom Kippur Mahzor; Ashkenaz, Shaharit, Leader's Repetition for Shaharit 83",1886
"The Koren Yom Kippur Mahzor; Ashkenaz, Shaharit, Leader's Repetition for Shaharit 84",1887
"The Koren Yom Kippur Mahzor; Ashkenaz, Shaharit, Leader's Repetition for Shaharit 85",1888
"The Koren Yom Kippur Mahzor; Ashkenaz, Shaharit, Leader's Repetition for Shaharit 86",1889
"The Koren Yom Kippur Mahzor; Ashkenaz, Shaharit, Leader's Repetition for Shaharit 87",1890
"The Koren Yom Kippur Mahzor; Ashkenaz, Shaharit, Leader's Repetition for Shaharit 88",1891
"The Koren Yom Kippur Mahzor; Ashkenaz, Shaharit, Leader's Repetition for Shaharit 89",1892
"The Koren Yom Kippur Mahzor; Ashkenaz, Shaharit, Leader's Repetition for Shaharit 90",1893
"The Koren Yom Kippur Mahzor; Ashkenaz, Shaharit, Leader's Repetition for Shaharit 91",1894
"The Koren Yom Kippur Mahzor; Ashkenaz, Shaharit, Leader's Repetition for Shaharit 92",1895
"The Koren Yom Kippur Mahzor; Ashkenaz, Shaharit, Leader's Repetition for Shaharit 93",1896
"The Koren Yom Kippur Mahzor; Ashkenaz, Shaharit, Leader's Repetition for Shaharit 94",1897
"The Koren Yom Kippur Mahzor; Ashkenaz, Shaharit, Leader's Repetition for Shaharit 95",1898
"The Koren Yom Kippur Mahzor; Ashkenaz, Shaharit, Leader's Repetition for Shaharit 96",1899
"The Koren Yom Kippur Mahzor; Ashkenaz, Shaharit, Leader's Repetition for Shaharit 97",1900
"The Koren Yom Kippur Mahzor; Ashkenaz, Shaharit, Leader's Repetition for Shaharit 98",1901
"The Koren Yom Kippur Mahzor; Ashkenaz, Shaharit, Leader's Repetition for Shaharit 99",1902
"The Koren Yom Kippur Mahzor; Ashkenaz, Shaharit, Leader's Repetition for Shaharit 100",1903
"The Koren Yom Kippur Mahzor; Ashkenaz, Shaharit, Leader's Repetition for Shaharit 101",1904
"The Koren Yom Kippur Mahzor; Ashkenaz, Shaharit, Leader's Repetition for Shaharit 102",1905
"The Koren Yom Kippur Mahzor; Ashkenaz, Shaharit, Leader's Repetition for Shaharit 103",1906
"The Koren Yom Kippur Mahzor; Ashkenaz, Shaharit, Leader's Repetition for Shaharit 104",1907
"The Koren Yom Kippur Mahzor; Ashkenaz, Shaharit, Leader's Repetition for Shaharit 105",1908
"The Koren Yom Kippur Mahzor; Ashkenaz, Shaharit, Leader's Repetition for Shaharit 106",1909
"The Koren Yom Kippur Mahzor; Ashkenaz, Shaharit, Leader's Repetition for Shaharit 107",1910
"The Koren Yom Kippur Mahzor; Ashkenaz, Shaharit, Leader's Repetition for Shaharit 108",1911
"The Koren Yom Kippur Mahzor; Ashkenaz, Shaharit, Leader's Repetition for Shaharit 109",1912
"The Koren Yom Kippur Mahzor; Ashkenaz, Shaharit, Leader's Repetition for Shaharit 110",1913
"The Koren Yom Kippur Mahzor; Ashkenaz, Shaharit, Leader's Repetition for Shaharit 111",1914
"The Koren Yom Kippur Mahzor; Ashkenaz, Shaharit, Leader's Repetition for Shaharit 112",1915
"The Koren Yom Kippur Mahzor; Ashkenaz, Shaharit, Leader's Repetition for Shaharit 113",1916
"The Koren Yom Kippur Mahzor; Ashkenaz, Shaharit, Leader's Repetition for Shaharit 114",1917
"The Koren Yom Kippur Mahzor; Ashkenaz, Shaharit, Leader's Repetition for Shaharit 115",1918
"The Koren Yom Kippur Mahzor; Ashkenaz, Shaharit, Leader's Repetition for Shaharit 116",1919
"The Koren Yom Kippur Mahzor; Ashkenaz, Shaharit, Leader's Repetition for Shaharit 117",1920
"The Koren Yom Kippur Mahzor; Ashkenaz, Shaharit, Leader's Repetition for Shaharit 118",1921
"The Koren Yom Kippur Mahzor; Ashkenaz, Shaharit, Leader's Repetition for Shaharit 119",1922
"The Koren Yom Kippur Mahzor; Ashkenaz, Shaharit, Leader's Repetition for Shaharit 120",1923
"The Koren Yom Kippur Mahzor; Ashkenaz, Shaharit, Leader's Repetition for Shaharit 121",1924
"The Koren Yom Kippur Mahzor; Ashkenaz, Shaharit, Leader's Repetition for Shaharit 122",1925
"The Koren Yom Kippur Mahzor; Ashkenaz, Shaharit, Leader's Repetition for Shaharit 123",1926
"The Koren Yom Kippur Mahzor; Ashkenaz, Shaharit, Leader's Repetition for Shaharit 124",1927
"The Koren Yom Kippur Mahzor; Ashkenaz, Shaharit, Leader's Repetition for Shaharit 125",1928
"The Koren Yom Kippur Mahzor; Ashkenaz, Shaharit, Leader's Repetition for Shaharit 126",1929
"The Koren Yom Kippur Mahzor; Ashkenaz, Shaharit, Leader's Repetition for Shaharit 127",1930
"The Koren Yom Kippur Mahzor; Ashkenaz, Shaharit, Leader's Repetition for Shaharit 128",1931
"The Koren Yom Kippur Mahzor; Ashkenaz, Shaharit, Leader's Repetition for Shaharit 129",1932
"The Koren Yom Kippur Mahzor; Ashkenaz, Shaharit, Leader's Repetition for Shaharit 130",1933
"The Koren Yom Kippur Mahzor; Ashkenaz, Shaharit, Leader's Repetition for Shaharit 131",1934
"The Koren Yom Kippur Mahzor; Ashkenaz, Shaharit, Leader's Repetition for Shaharit 132",1935
"The Koren Yom Kippur Mahzor; Ashkenaz, Shaharit, Leader's Repetition for Shaharit 133",1936
"The Koren Yom Kippur Mahzor; Ashkenaz, Shaharit, Leader's Repetition for Shaharit 134",1937
"The Koren Yom Kippur Mahzor; Ashkenaz, Shaharit, Leader's Repetition for Shaharit 135",1938
"The Koren Yom Kippur Mahzor; Ashkenaz, Shaharit, Leader's Repetition for Shaharit 136",1939
"The Koren Yom Kippur Mahzor; Ashkenaz, Shaharit, Leader's Repetition for Shaharit 137",1940
"The Koren Yom Kippur Mahzor; Ashkenaz, Shaharit, Leader's Repetition for Shaharit 138",1941
"The Koren Yom Kippur Mahzor; Ashkenaz, Shaharit, Leader's Repetition for Shaharit 139",1942
"The Koren Yom Kippur Mahzor; Ashkenaz, Shaharit, Leader's Repetition for Shaharit 140",1943
"The Koren Yom Kippur Mahzor; Ashkenaz, Shaharit, Leader's Repetition for Shaharit 141",1944
"The Koren Yom Kippur Mahzor; Ashkenaz, Shaharit, Leader's Repetition for Shaharit 142",1945
"The Koren Yom Kippur Mahzor; Ashkenaz, Shaharit, Leader's Repetition for Shaharit 143",1946
"The Koren Yom Kippur Mahzor; Ashkenaz, Shaharit, Leader's Repetition for Shaharit 144",1947
"The Koren Yom Kippur Mahzor; Ashkenaz, Shaharit, Leader's Repetition for Shaharit 145",1948
"The Koren Yom Kippur Mahzor; Ashkenaz, Shaharit, Leader's Repetition for Shaharit 146",1949
"The Koren Yom Kippur Mahzor; Ashkenaz, Shaharit, Leader's Repetition for Shaharit 147",1950
"The Koren Yom Kippur Mahzor; Ashkenaz, Shaharit, Leader's Repetition for Shaharit 148",1951
"The Koren Yom Kippur Mahzor; Ashkenaz, Shaharit, Leader's Repetition for Shaharit 149",1952
"The Koren Yom Kippur Mahzor; Ashkenaz, Shaharit, Leader's Repetition for Shaharit 150",1953
"The Koren Yom Kippur Mahzor; Ashkenaz, Shaharit, Leader's Repetition for Shaharit 151",1954
"The Koren Yom Kippur Mahzor; Ashkenaz, Shaharit, Leader's Repetition for Shaharit 152",1955
"The Koren Yom Kippur Mahzor; Ashkenaz, Shaharit, Leader's Repetition for Shaharit 153",1956
"The Koren Yom Kippur Mahzor; Ashkenaz, Shaharit, Leader's Repetition for Shaharit 154",1957
"The Koren Yom Kippur Mahzor; Ashkenaz, Shaharit, Leader's Repetition for Shaharit 155",1958
"The Koren Yom Kippur Mahzor; Ashkenaz, Shaharit, Leader's Repetition for Shaharit 156",1959
"The Koren Yom Kippur Mahzor; Ashkenaz, Shaharit, Leader's Repetition for Shaharit 157",1960
"The Koren Yom Kippur Mahzor; Ashkenaz, Shaharit, Leader's Repetition for Shaharit 158",1961
"The Koren Yom Kippur Mahzor; Ashkenaz, Shaharit, Leader's Repetition for Shaharit 159",1962
"The Koren Yom Kippur Mahzor; Ashkenaz, Shaharit, Leader's Repetition for Shaharit 160",1963
"The Koren Yom Kippur Mahzor; Ashkenaz, Shaharit, Leader's Repetition for Shaharit 161",1964
"The Koren Yom Kippur Mahzor; Ashkenaz, Shaharit, Leader's Repetition for Shaharit 162",1965
"The Koren Yom Kippur Mahzor; Ashkenaz, Shaharit, Leader's Repetition for Shaharit 163",1966
"The Koren Yom Kippur Mahzor; Ashkenaz, Shaharit, Leader's Repetition for Shaharit 164",1967
"The Koren Yom Kippur Mahzor; Ashkenaz, Shaharit, Leader's Repetition for Shaharit 165",1968
"The Koren Yom Kippur Mahzor; Ashkenaz, Shaharit, Leader's Repetition for Shaharit 166",1969
"The Koren Yom Kippur Mahzor; Ashkenaz, Shaharit, Leader's Repetition for Shaharit 167",1970
"The Koren Yom Kippur Mahzor; Ashkenaz, Shaharit, Leader's Repetition for Shaharit 168",1971
"The Koren Yom Kippur Mahzor; Ashkenaz, Shaharit, Leader's Repetition for Shaharit 169",1972
"The Koren Yom Kippur Mahzor; Ashkenaz, Shaharit, Leader's Repetition for Shaharit 170",1973
"The Koren Yom Kippur Mahzor; Ashkenaz, Shaharit, Leader's Repetition for Shaharit 171",1974
"The Koren Yom Kippur Mahzor; Ashkenaz, Shaharit, Leader's Repetition for Shaharit 172",1975
"The Koren Yom Kippur Mahzor; Ashkenaz, Shaharit, Leader's Repetition for Shaharit 173",1976
"The Koren Yom Kippur Mahzor; Ashkenaz, Shaharit, Leader's Repetition for Shaharit 174",1977
"The Koren Yom Kippur Mahzor; Ashkenaz, Shaharit, Leader's Repetition for Shaharit 175",1978
"The Koren Yom Kippur Mahzor; Ashkenaz, Shaharit, Leader's Repetition for Shaharit 176",1979
"The Koren Yom Kippur Mahzor; Ashkenaz, Shaharit, Leader's Repetition for Shaharit 177",1980
"The Koren Yom Kippur Mahzor; Ashkenaz, Shaharit, Leader's Repetition for Shaharit 178",1981
"The Koren Yom Kippur Mahzor; Ashkenaz, Shaharit, Leader's Repetition for Shaharit 179",1982
"The Koren Yom Kippur Mahzor; Ashkenaz, Shaharit, Leader's Repetition for Shaharit 180",1983
"The Koren Yom Kippur Mahzor; Ashkenaz, Shaharit, Leader's Repetition for Shaharit 181",1984
"The Koren Yom Kippur Mahzor; Ashkenaz, Shaharit, Leader's Repetition for Shaharit 182",1985
"The Koren Yom Kippur Mahzor; Ashkenaz, Shaharit, Leader's Repetition for Shaharit 183",1986
"The Koren Yom Kippur Mahzor; Ashkenaz, Shaharit, Leader's Repetition for Shaharit 184",1987
"The Koren Yom Kippur Mahzor; Ashkenaz, Shaharit, Leader's Repetition for Shaharit 185",1988
"The Koren Yom Kippur Mahzor; Ashkenaz, Shaharit, Leader's Repetition for Shaharit 186",1989
"The Koren Yom Kippur Mahzor; Ashkenaz, Shaharit, Leader's Repetition for Shaharit 187",1990
"The Koren Yom Kippur Mahzor; Ashkenaz, Shaharit, Leader's Repetition for Shaharit 188",1991
"The Koren Yom Kippur Mahzor; Ashkenaz, Shaharit, Leader's Repetition for Shaharit 189",1992
"The Koren Yom Kippur Mahzor; Ashkenaz, Shaharit, Leader's Repetition for Shaharit 190",1993
"The Koren Yom Kippur Mahzor; Ashkenaz, Shaharit, Leader's Repetition for Shaharit 191",1994
"The Koren Yom Kippur Mahzor; Ashkenaz, Shaharit, Leader's Repetition for Shaharit 192",1995
"The Koren Yom Kippur Mahzor; Ashkenaz, Shaharit, Leader's Repetition for Shaharit 193",1996
"The Koren Yom Kippur Mahzor; Ashkenaz, Shaharit, Leader's Repetition for Shaharit 194",1997
"The Koren Yom Kippur Mahzor; Ashkenaz, Shaharit, Leader's Repetition for Shaharit 195",1998
"The Koren Yom Kippur Mahzor; Ashkenaz, Shaharit, Leader's Repetition for Shaharit 196",1999
"The Koren Yom Kippur Mahzor; Ashkenaz, Shaharit, Leader's Repetition for Shaharit 197",2000
"The Koren Yom Kippur Mahzor; Ashkenaz, Shaharit, Leader's Repetition for Shaharit 198",2001
"The Koren Yom Kippur Mahzor; Ashkenaz, Shaharit, Leader's Repetition for Shaharit 199",2002
"The Koren Yom Kippur Mahzor; Ashkenaz, Shaharit, Leader's Repetition for Shaharit 200",2003
"The Koren Yom Kippur Mahzor; Ashkenaz, Shaharit, Leader's Repetition for Shaharit 201",2004
"The Koren Yom Kippur Mahzor; Ashkenaz, Shaharit, Leader's Repetition for Shaharit 202",2005
"The Koren Yom Kippur Mahzor; Ashkenaz, Shaharit, Leader's Repetition for Shaharit 203",2006
"The Koren Yom Kippur Mahzor; Ashkenaz, Shaharit, Leader's Repetition for Shaharit 204",2007
"The Koren Yom Kippur Mahzor; Ashkenaz, Shaharit, Leader's Repetition for Shaharit 205",2008
"The Koren Yom Kippur Mahzor; Ashkenaz, Shaharit, Leader's Repetition for Shaharit 206",2009
"The Koren Yom Kippur Mahzor; Ashkenaz, Shaharit, Leader's Repetition for Shaharit 207",2010
"The Koren Yom Kippur Mahzor; Ashkenaz, Shaharit, Leader's Repetition for Shaharit 208",2011
"The Koren Yom Kippur Mahzor; Ashkenaz, Shaharit, Leader's Repetition for Shaharit 209",2012
"The Koren Yom Kippur Mahzor; Ashkenaz, Shaharit, Leader's Repetition for Shaharit 210",2013
"The Koren Yom Kippur Mahzor; Ashkenaz, Shaharit, Leader's Repetition for Shaharit 211",2014
"The Koren Yom Kippur Mahzor; Ashkenaz, Shaharit, Leader's Repetition for Shaharit 212",2015
"The Koren Yom Kippur Mahzor; Ashkenaz, Shaharit, Leader's Repetition for Shaharit 213",2016
"The Koren Yom Kippur Mahzor; Ashkenaz, Shaharit, Leader's Repetition for Shaharit 214",2017
"The Koren Yom Kippur Mahzor; Ashkenaz, Shaharit, Leader's Repetition for Shaharit 215",2018
"The Koren Yom Kippur Mahzor; Ashkenaz, Shaharit, Leader's Repetition for Shaharit 216",2019
"The Koren Yom Kippur Mahzor; Ashkenaz, Shaharit, Leader's Repetition for Shaharit 217",2020
"The Koren Yom Kippur Mahzor; Ashkenaz, Shaharit, Leader's Repetition for Shaharit 218",2021
"The Koren Yom Kippur Mahzor; Ashkenaz, Shaharit, Leader's Repetition for Shaharit 219",2022
"The Koren Yom Kippur Mahzor; Ashkenaz, Shaharit, Leader's Repetition for Shaharit 220",2023
"The Koren Yom Kippur Mahzor; Ashkenaz, Shaharit, Leader's Repetition for Shaharit 221",2024
"The Koren Yom Kippur Mahzor; Ashkenaz, Shaharit, Leader's Repetition for Shaharit 222",2025
"The Koren Yom Kippur Mahzor; Ashkenaz, Shaharit, Leader's Repetition for Shaharit 223",2026
"The Koren Yom Kippur Mahzor; Ashkenaz, Shaharit, Leader's Repetition for Shaharit 224",2027
"The Koren Yom Kippur Mahzor; Ashkenaz, Shaharit, Leader's Repetition for Shaharit 225",2028
"The Koren Yom Kippur Mahzor; Ashkenaz, Shaharit, Leader's Repetition for Shaharit 226",2029
"The Koren Yom Kippur Mahzor; Ashkenaz, Shaharit, Leader's Repetition for Shaharit 227",2030
"The Koren Yom Kippur Mahzor; Ashkenaz, Shaharit, Leader's Repetition for Shaharit 228",2031
"The Koren Yom Kippur Mahzor; Ashkenaz, Shaharit, Leader's Repetition for Shaharit 229",2032
"The Koren Yom Kippur Mahzor; Ashkenaz, Shaharit, Leader's Repetition for Shaharit 230",2033
"The Koren Yom Kippur Mahzor; Ashkenaz, Shaharit, Leader's Repetition for Shaharit 231",2034
"The Koren Yom Kippur Mahzor; Ashkenaz, Shaharit, Leader's Repetition for Shaharit 232",2035
"The Koren Yom Kippur Mahzor; Ashkenaz, Shaharit, Leader's Repetition for Shaharit 233",2036
"The Koren Yom Kippur Mahzor; Ashkenaz, Shaharit, Leader's Repetition for Shaharit 234",2037
"The Koren Yom Kippur Mahzor; Ashkenaz, Shaharit, Leader's Repetition for Shaharit 235",2038
"The Koren Yom Kippur Mahzor; Ashkenaz, Shaharit, Leader's Repetition for Shaharit 236",2039
"The Koren Yom Kippur Mahzor; Ashkenaz, Shaharit, Leader's Repetition for Shaharit 237",2040
"The Koren Yom Kippur Mahzor; Ashkenaz, Shaharit, Leader's Repetition for Shaharit 238",2041
"The Koren Yom Kippur Mahzor; Ashkenaz, Shaharit, Leader's Repetition for Shaharit 239",2042
"The Koren Yom Kippur Mahzor; Ashkenaz, Shaharit, Leader's Repetition for Shaharit 240",2043
"The Koren Yom Kippur Mahzor; Ashkenaz, Shaharit, Leader's Repetition for Shaharit 241",2044
"The Koren Yom Kippur Mahzor; Ashkenaz, Shaharit, Leader's Repetition for Shaharit 242",2045
"The Koren Yom Kippur Mahzor; Ashkenaz, Shaharit, Leader's Repetition for Shaharit 243",2046
"The Koren Yom Kippur Mahzor; Ashkenaz, Shaharit, Leader's Repetition for Shaharit 244",2047
"The Koren Yom Kippur Mahzor; Ashkenaz, Shaharit, Leader's Repetition for Shaharit 245",2048
"The Koren Yom Kippur Mahzor; Ashkenaz, Shaharit, Leader's Repetition for Shaharit 246",2049
"The Koren Yom Kippur Mahzor; Ashkenaz, Shaharit, Leader's Repetition for Shaharit 247",2050
"The Koren Yom Kippur Mahzor; Ashkenaz, Shaharit, Leader's Repetition for Shaharit 248",2051
"The Koren Yom Kippur Mahzor; Ashkenaz, Shaharit, Leader's Repetition for Shaharit 249",2052
"The Koren Yom Kippur Mahzor; Ashkenaz, Shaharit, Leader's Repetition for Shaharit 250",2053
"The Koren Yom Kippur Mahzor; Ashkenaz, Shaharit, Leader's Repetition for Shaharit 251",2054
"The Koren Yom Kippur Mahzor; Ashkenaz, Shaharit, Leader's Repetition for Shaharit 252",2055
"The Koren Yom Kippur Mahzor; Ashkenaz, Shaharit, Leader's Repetition for Shaharit 253",2056
"The Koren Yom Kippur Mahzor; Ashkenaz, Shaharit, Leader's Repetition for Shaharit 254",2057
"The Koren Yom Kippur Mahzor; Ashkenaz, Shaharit, Leader's Repetition for Shaharit 255",2058
"The Koren Yom Kippur Mahzor; Ashkenaz, Shaharit, Leader's Repetition for Shaharit 256",2059
"The Koren Yom Kippur Mahzor; Ashkenaz, Shaharit, Leader's Repetition for Shaharit 257",2060
"The Koren Yom Kippur Mahzor; Ashkenaz, Shaharit, Leader's Repetition for Shaharit 258",2061
"The Koren Yom Kippur Mahzor; Ashkenaz, Shaharit, Leader's Repetition for Shaharit 259",2062
"The Koren Yom Kippur Mahzor; Ashkenaz, Shaharit, Leader's Repetition for Shaharit 260",2063
"The Koren Yom Kippur Mahzor; Ashkenaz, Shaharit, Leader's Repetition for Shaharit 261",2064
"The Koren Yom Kippur Mahzor; Ashkenaz, Shaharit, Leader's Repetition for Shaharit 262",2065
"The Koren Yom Kippur Mahzor; Ashkenaz, Shaharit, Leader's Repetition for Shaharit 263",2066
"The Koren Yom Kippur Mahzor; Ashkenaz, Shaharit, Leader's Repetition for Shaharit 264",2067
"The Koren Yom Kippur Mahzor; Ashkenaz, Shaharit, Leader's Repetition for Shaharit 265",2068
"The Koren Yom Kippur Mahzor; Ashkenaz, Shaharit, Leader's Repetition for Shaharit 266",2069
"The Koren Yom Kippur Mahzor; Ashkenaz, Shaharit, Leader's Repetition for Shaharit 267",2070
"The Koren Yom Kippur Mahzor; Ashkenaz, Shaharit, Leader's Repetition for Shaharit 268",2071
"The Koren Yom Kippur Mahzor; Ashkenaz, Shaharit, Leader's Repetition for Shaharit 269",2072
"The Koren Yom Kippur Mahzor; Ashkenaz, Shaharit, Leader's Repetition for Shaharit 270",2073
"The Koren Yom Kippur Mahzor; Ashkenaz, Shaharit, Leader's Repetition for Shaharit 271",2074
"The Koren Yom Kippur Mahzor; Ashkenaz, Shaharit, Leader's Repetition for Shaharit 272",2075
"The Koren Yom Kippur Mahzor; Ashkenaz, Shaharit, Leader's Repetition for Shaharit 273",2076
"The Koren Yom Kippur Mahzor; Ashkenaz, Shaharit, Leader's Repetition for Shaharit 274",2077
"The Koren Yom Kippur Mahzor; Ashkenaz, Shaharit, Leader's Repetition for Shaharit 275",2078
"The Koren Yom Kippur Mahzor; Ashkenaz, Shaharit, Leader's Repetition for Shaharit 276",2079
"The Koren Yom Kippur Mahzor; Ashkenaz, Shaharit, Leader's Repetition for Shaharit 277",2080
"The Koren Yom Kippur Mahzor; Ashkenaz, Shaharit, Leader's Repetition for Shaharit 278",2081
"The Koren Yom Kippur Mahzor; Ashkenaz, Shaharit, Leader's Repetition for Shaharit 279",2082
"The Koren Yom Kippur Mahzor; Ashkenaz, Shaharit, Leader's Repetition for Shaharit 280",2083
"The Koren Yom Kippur Mahzor; Ashkenaz, Shaharit, Leader's Repetition for Shaharit 281",2084
"The Koren Yom Kippur Mahzor; Ashkenaz, Shaharit, Leader's Repetition for Shaharit 282",2085
"The Koren Yom Kippur Mahzor; Ashkenaz, Shaharit, Leader's Repetition for Shaharit 283",2086
"The Koren Yom Kippur Mahzor; Ashkenaz, Shaharit, Leader's Repetition for Shaharit 284",2087
"The Koren Yom Kippur Mahzor; Ashkenaz, Shaharit, Leader's Repetition for Shaharit 285",2088
"The Koren Yom Kippur Mahzor; Ashkenaz, Shaharit, Leader's Repetition for Shaharit 286",2089
"The Koren Yom Kippur Mahzor; Ashkenaz, Shaharit, Leader's Repetition for Shaharit 287",2090
"The Koren Yom Kippur Mahzor; Ashkenaz, Shaharit, Leader's Repetition for Shaharit 288",2091
"The Koren Yom Kippur Mahzor; Ashkenaz, Shaharit, Leader's Repetition for Shaharit 289",2092
"The Koren Yom Kippur Mahzor; Ashkenaz, Shaharit, Leader's Repetition for Shaharit 290",2093
"The Koren Yom Kippur Mahzor; Ashkenaz, Shaharit, Leader's Repetition for Shaharit 291",2094
"The Koren Yom Kippur Mahzor; Ashkenaz, Shaharit, Leader's Repetition for Shaharit 292",2095
"The Koren Yom Kippur Mahzor; Ashkenaz, Shaharit, Leader's Repetition for Shaharit 293",2096
"The Koren Yom Kippur Mahzor; Ashkenaz, Shaharit, Leader's Repetition for Shaharit 294",2097
"The Koren Yom Kippur Mahzor; Ashkenaz, Shaharit, Leader's Repetition for Shaharit 295",2098
"The Koren Yom Kippur Mahzor; Ashkenaz, Shaharit, Leader's Repetition for Shaharit 296",2099
"The Koren Yom Kippur Mahzor; Ashkenaz, Shaharit, Leader's Repetition for Shaharit 297",2100
"The Koren Yom Kippur Mahzor; Ashkenaz, Shaharit, Leader's Repetition for Shaharit 298",2101
"The Koren Yom Kippur Mahzor; Ashkenaz, Shaharit, Leader's Repetition for Shaharit 299",2102
"The Koren Yom Kippur Mahzor; Ashkenaz, Shaharit, Leader's Repetition for Shaharit 300",2103
"The Koren Yom Kippur Mahzor; Ashkenaz, Shaharit, Leader's Repetition for Shaharit 301",2104
"The Koren Yom Kippur Mahzor; Ashkenaz, Shaharit, Leader's Repetition for Shaharit 302",2105
"The Koren Yom Kippur Mahzor; Ashkenaz, Shaharit, Leader's Repetition for Shaharit 303",2106
"The Koren Yom Kippur Mahzor; Ashkenaz, Shaharit, Leader's Repetition for Shaharit 304",2107
"The Koren Yom Kippur Mahzor; Ashkenaz, Shaharit, Leader's Repetition for Shaharit 305",2108
"The Koren Yom Kippur Mahzor; Ashkenaz, Shaharit, Leader's Repetition for Shaharit 306",2109
"The Koren Yom Kippur Mahzor; Ashkenaz, Shaharit, Leader's Repetition for Shaharit 307",2110
"The Koren Yom Kippur Mahzor; Ashkenaz, Shaharit, Leader's Repetition for Shaharit 308",2111
"The Koren Yom Kippur Mahzor; Ashkenaz, Shaharit, Leader's Repetition for Shaharit 309",2112
"The Koren Yom Kippur Mahzor; Ashkenaz, Shaharit, Leader's Repetition for Shaharit 310",2113
"The Koren Yom Kippur Mahzor; Ashkenaz, Shaharit, Leader's Repetition for Shaharit 311",2114
"The Koren Yom Kippur Mahzor; Ashkenaz, Shaharit, Leader's Repetition for Shaharit 312",2115
"The Koren Yom Kippur Mahzor; Ashkenaz, Shaharit, Leader's Repetition for Shaharit 313",2116
"The Koren Yom Kippur Mahzor; Ashkenaz, Shaharit, Leader's Repetition for Shaharit 314",2117
"The Koren Yom Kippur Mahzor; Ashkenaz, Shaharit, Leader's Repetition for Shaharit 315",2118
"The Koren Yom Kippur Mahzor; Ashkenaz, Shaharit, Leader's Repetition for Shaharit 316",2119
"The Koren Yom Kippur Mahzor; Ashkenaz, Shaharit, Leader's Repetition for Shaharit 317",2120
"The Koren Yom Kippur Mahzor; Ashkenaz, Shaharit, Leader's Repetition for Shaharit 318",2121
"The Koren Yom Kippur Mahzor; Ashkenaz, Shaharit, Leader's Repetition for Shaharit 319",2122
"The Koren Yom Kippur Mahzor; Ashkenaz, Shaharit, Leader's Repetition for Shaharit 320",2123
"The Koren Yom Kippur Mahzor; Ashkenaz, Shaharit, Leader's Repetition for Shaharit 321",2124
"The Koren Yom Kippur Mahzor; Ashkenaz, Shaharit, Leader's Repetition for Shaharit 322",2125
"The Koren Yom Kippur Mahzor; Ashkenaz, Shaharit, Leader's Repetition for Shaharit 323",2126
"The Koren Yom Kippur Mahzor; Ashkenaz, Shaharit, Leader's Repetition for Shaharit 324",2127
"The Koren Yom Kippur Mahzor; Ashkenaz, Shaharit, Leader's Repetition for Shaharit 325",2128
"The Koren Yom Kippur Mahzor; Ashkenaz, Shaharit, Leader's Repetition for Shaharit 326",2129
"The Koren Yom Kippur Mahzor; Ashkenaz, Shaharit, Leader's Repetition for Shaharit 327",2130
"The Koren Yom Kippur Mahzor; Ashkenaz, Shaharit, Leader's Repetition for Shaharit 328",2131
"The Koren Yom Kippur Mahzor; Ashkenaz, Shaharit, Leader's Repetition for Shaharit 329",2132
"The Koren Yom Kippur Mahzor; Ashkenaz, Shaharit, Leader's Repetition for Shaharit 330",2133
"The Koren Yom Kippur Mahzor; Ashkenaz, Shaharit, Leader's Repetition for Shaharit 331",2134
"The Koren Yom Kippur Mahzor; Ashkenaz, Shaharit, Leader's Repetition for Shaharit 332",2135
"The Koren Yom Kippur Mahzor; Ashkenaz, Shaharit, Leader's Repetition for Shaharit 333",2136
"The Koren Yom Kippur Mahzor; Ashkenaz, Shaharit, Leader's Repetition for Shaharit 334",2137
"The Koren Yom Kippur Mahzor; Ashkenaz, Shaharit, Leader's Repetition for Shaharit 335",2138
"The Koren Yom Kippur Mahzor; Ashkenaz, Shaharit, Leader's Repetition for Shaharit 336",2139
"The Koren Yom Kippur Mahzor; Ashkenaz, Shaharit, Leader's Repetition for Shaharit 337",2140
"The Koren Yom Kippur Mahzor; Ashkenaz, Shaharit, Leader's Repetition for Shaharit 338",2141
"The Koren Yom Kippur Mahzor; Ashkenaz, Shaharit, Leader's Repetition for Shaharit 339",2142
"The Koren Yom Kippur Mahzor; Ashkenaz, Shaharit, Leader's Repetition for Shaharit 340",2143
"The Koren Yom Kippur Mahzor; Ashkenaz, Shaharit, Leader's Repetition for Shaharit 341",2144
"The Koren Yom Kippur Mahzor; Ashkenaz, Shaharit, Leader's Repetition for Shaharit 342",2145
"The Koren Yom Kippur Mahzor; Ashkenaz, Shaharit, Leader's Repetition for Shaharit 343",2146
"The Koren Yom Kippur Mahzor; Ashkenaz, Shaharit, Leader's Repetition for Shaharit 344",2147
"The Koren Yom Kippur Mahzor; Ashkenaz, Shaharit, Leader's Repetition for Shaharit 345",2148
"The Koren Yom Kippur Mahzor; Ashkenaz, Shaharit, Leader's Repetition for Shaharit 346",2149
"The Koren Yom Kippur Mahzor; Ashkenaz, Shaharit, Leader's Repetition for Shaharit 347",2150
"The Koren Yom Kippur Mahzor; Ashkenaz, Shaharit, Leader's Repetition for Shaharit 348",2151
"The Koren Yom Kippur Mahzor; Ashkenaz, Shaharit, Leader's Repetition for Shaharit 349",2152
"The Koren Yom Kippur Mahzor; Ashkenaz, Shaharit, Leader's Repetition for Shaharit 350",2153
"The Koren Yom Kippur Mahzor; Ashkenaz, Shaharit, Leader's Repetition for Shaharit 351",2154
"The Koren Yom Kippur Mahzor; Ashkenaz, Shaharit, Leader's Repetition for Shaharit 352",2155
"The Koren Yom Kippur Mahzor; Ashkenaz, Shaharit, Leader's Repetition for Shaharit 353",2156
"The Koren Yom Kippur Mahzor; Ashkenaz, Shaharit, Leader's Repetition for Shaharit 354",2157
"The Koren Yom Kippur Mahzor; Ashkenaz, Shaharit, Leader's Repetition for Shaharit 355",2158
"The Koren Yom Kippur Mahzor; Ashkenaz, Shaharit, Leader's Repetition for Shaharit 356",2159
"The Koren Yom Kippur Mahzor; Ashkenaz, Shaharit, Leader's Repetition for Shaharit 357",2160
"The Koren Yom Kippur Mahzor; Ashkenaz, Shaharit, Leader's Repetition for Shaharit 358",2161
"The Koren Yom Kippur Mahzor; Ashkenaz, Shaharit, Leader's Repetition for Shaharit 359",2162
"The Koren Yom Kippur Mahzor; Ashkenaz, Shaharit, Leader's Repetition for Shaharit 360",2163
"The Koren Yom Kippur Mahzor; Ashkenaz, Shaharit, Leader's Repetition for Shaharit 361",2164
"The Koren Yom Kippur Mahzor; Ashkenaz, Shaharit, Leader's Repetition for Shaharit 362",2165
"The Koren Yom Kippur Mahzor; Ashkenaz, Shaharit, Leader's Repetition for Shaharit 363",2166
"The Koren Yom Kippur Mahzor; Ashkenaz, Shaharit, Leader's Repetition for Shaharit 364",2167
"The Koren Yom Kippur Mahzor; Ashkenaz, Shaharit, Leader's Repetition for Shaharit 365",2168
"The Koren Yom Kippur Mahzor; Ashkenaz, Shaharit, Leader's Repetition for Shaharit 366",2169
"The Koren Yom Kippur Mahzor; Ashkenaz, Shaharit, Leader's Repetition for Shaharit 367",2170
"The Koren Yom Kippur Mahzor; Ashkenaz, Shaharit, Leader's Repetition for Shaharit 368",2171
"The Koren Yom Kippur Mahzor; Ashkenaz, Shaharit, Leader's Repetition for Shaharit 369",2172
"The Koren Yom Kippur Mahzor; Ashkenaz, Shaharit, Leader's Repetition for Shaharit 370",2173
"The Koren Yom Kippur Mahzor; Ashkenaz, Shaharit, Leader's Repetition for Shaharit 371",2174
"The Koren Yom Kippur Mahzor; Ashkenaz, Shaharit, Leader's Repetition for Shaharit 372",2175
"The Koren Yom Kippur Mahzor; Ashkenaz, Shaharit, Leader's Repetition for Shaharit 373",2176
"The Koren Yom Kippur Mahzor; Ashkenaz, Shaharit, Leader's Repetition for Shaharit 374",2177
"The Koren Yom Kippur Mahzor; Ashkenaz, Shaharit, Leader's Repetition for Shaharit 375",2178
"The Koren Yom Kippur Mahzor; Ashkenaz, Shaharit, Leader's Repetition for Shaharit 376",2179
"The Koren Yom Kippur Mahzor; Ashkenaz, Shaharit, Leader's Repetition for Shaharit 377",2180
"The Koren Yom Kippur Mahzor; Ashkenaz, Shaharit, Leader's Repetition for Shaharit 378",2181
"The Koren Yom Kippur Mahzor; Ashkenaz, Shaharit, Leader's Repetition for Shaharit 379",2182
"The Koren Yom Kippur Mahzor; Ashkenaz, Shaharit, Leader's Repetition for Shaharit 380",2183
"The Koren Yom Kippur Mahzor; Ashkenaz, Shaharit, Leader's Repetition for Shaharit 381",2184
"The Koren Yom Kippur Mahzor; Ashkenaz, Shaharit, Leader's Repetition for Shaharit 382",2185
"The Koren Yom Kippur Mahzor; Ashkenaz, Shaharit, Leader's Repetition for Shaharit 383",2186
"The Koren Yom Kippur Mahzor; Ashkenaz, Shaharit, Leader's Repetition for Shaharit 384",2187
"The Koren Yom Kippur Mahzor; Ashkenaz, Shaharit, Leader's Repetition for Shaharit 385",2188
"The Koren Yom Kippur Mahzor; Ashkenaz, Shaharit, Leader's Repetition for Shaharit 386",2189
"The Koren Yom Kippur Mahzor; Ashkenaz, Shaharit, Leader's Repetition for Shaharit 387",2190
"The Koren Yom Kippur Mahzor; Ashkenaz, Shaharit, Leader's Repetition for Shaharit 388",2191
"The Koren Yom Kippur Mahzor; Ashkenaz, Shaharit, Leader's Repetition for Shaharit 389",2192
"The Koren Yom Kippur Mahzor; Ashkenaz, Shaharit, Leader's Repetition for Shaharit 390",2193
"The Koren Yom Kippur Mahzor; Ashkenaz, Shaharit, Leader's Repetition for Shaharit 391",2194
"The Koren Yom Kippur Mahzor; Ashkenaz, Shaharit, Leader's Repetition for Shaharit 392",2195
"The Koren Yom Kippur Mahzor; Ashkenaz, Shaharit, Leader's Repetition for Shaharit 393",2196
"The Koren Yom Kippur Mahzor; Ashkenaz, Shaharit, Leader's Repetition for Shaharit 394",2197
"The Koren Yom Kippur Mahzor; Ashkenaz, Shaharit, Leader's Repetition for Shaharit 395",2198
"The Koren Yom Kippur Mahzor; Ashkenaz, Shaharit, Leader's Repetition for Shaharit 396",2199
"The Koren Yom Kippur Mahzor; Ashkenaz, Shaharit, Avinu Malkenu 1",2201
"The Koren Yom Kippur Mahzor; Ashkenaz, Shaharit, Avinu Malkenu 2",2202
"The Koren Yom Kippur Mahzor; Ashkenaz, Shaharit, Avinu Malkenu 3",2203
"The Koren Yom Kippur Mahzor; Ashkenaz, Shaharit, Avinu Malkenu 4",2204
"The Koren Yom Kippur Mahzor; Ashkenaz, Shaharit, Avinu Malkenu 5",2205
"The Koren Yom Kippur Mahzor; Ashkenaz, Shaharit, Avinu Malkenu 6",2206
"The Koren Yom Kippur Mahzor; Ashkenaz, Shaharit, Avinu Malkenu 7",2207
"The Koren Yom Kippur Mahzor; Ashkenaz, Shaharit, Avinu Malkenu 8",2208
"The Koren Yom Kippur Mahzor; Ashkenaz, Shaharit, Avinu Malkenu 9",2209
"The Koren Yom Kippur Mahzor; Ashkenaz, Shaharit, Avinu Malkenu 10",2210
"The Koren Yom Kippur Mahzor; Ashkenaz, Shaharit, Avinu Malkenu 11",2211
"The Koren Yom Kippur Mahzor; Ashkenaz, Shaharit, Avinu Malkenu 12",2212
"The Koren Yom Kippur Mahzor; Ashkenaz, Shaharit, Avinu Malkenu 13",2213
"The Koren Yom Kippur Mahzor; Ashkenaz, Shaharit, Avinu Malkenu 14",2214
"The Koren Yom Kippur Mahzor; Ashkenaz, Shaharit, Avinu Malkenu 15",2215
"The Koren Yom Kippur Mahzor; Ashkenaz, Shaharit, Avinu Malkenu 16",2216
"The Koren Yom Kippur Mahzor; Ashkenaz, Shaharit, Avinu Malkenu 17",2217
"The Koren Yom Kippur Mahzor; Ashkenaz, Shaharit, Avinu Malkenu 18",2218
"The Koren Yom Kippur Mahzor; Ashkenaz, Shaharit, Avinu Malkenu 19",2219
"The Koren Yom Kippur Mahzor; Ashkenaz, Shaharit, Avinu Malkenu 20",2220
"The Koren Yom Kippur Mahzor; Ashkenaz, Shaharit, Avinu Malkenu 21",2221
"The Koren Yom Kippur Mahzor; Ashkenaz, Shaharit, Avinu Malkenu 22",2222
"The Koren Yom Kippur Mahzor; Ashkenaz, Shaharit, Avinu Malkenu 23",2223
"The Koren Yom Kippur Mahzor; Ashkenaz, Shaharit, Avinu Malkenu 24",2224
"The Koren Yom Kippur Mahzor; Ashkenaz, Shaharit, Avinu Malkenu 25",2225
"The Koren Yom Kippur Mahzor; Ashkenaz, Shaharit, Avinu Malkenu 26",2226
"The Koren Yom Kippur Mahzor; Ashkenaz, Shaharit, Avinu Malkenu 27",2227
"The Koren Yom Kippur Mahzor; Ashkenaz, Shaharit, Avinu Malkenu 28",2228
"The Koren Yom Kippur Mahzor; Ashkenaz, Shaharit, Avinu Malkenu 29",2229
"The Koren Yom Kippur Mahzor; Ashkenaz, Shaharit, Avinu Malkenu 30",2230
"The Koren Yom Kippur Mahzor; Ashkenaz, Shaharit, Avinu Malkenu 31",2231
"The Koren Yom Kippur Mahzor; Ashkenaz, Shaharit, Avinu Malkenu 32",2232
"The Koren Yom Kippur Mahzor; Ashkenaz, Shaharit, Avinu Malkenu 33",2233
"The Koren Yom Kippur Mahzor; Ashkenaz, Shaharit, Avinu Malkenu 34",2234
"The Koren Yom Kippur Mahzor; Ashkenaz, Shaharit, Avinu Malkenu 35",2235
"The Koren Yom Kippur Mahzor; Ashkenaz, Shaharit, Avinu Malkenu 36",2236
"The Koren Yom Kippur Mahzor; Ashkenaz, Shaharit, Avinu Malkenu 37",2237
"The Koren Yom Kippur Mahzor; Ashkenaz, Shaharit, Avinu Malkenu 38",2238
"The Koren Yom Kippur Mahzor; Ashkenaz, Shaharit, Avinu Malkenu 39",2239
"The Koren Yom Kippur Mahzor; Ashkenaz, Shaharit, Avinu Malkenu 40",2240
"The Koren Yom Kippur Mahzor; Ashkenaz, Shaharit, Avinu Malkenu 41",2241
"The Koren Yom Kippur Mahzor; Ashkenaz, Shaharit, Avinu Malkenu 42",2242
"The Koren Yom Kippur Mahzor; Ashkenaz, Shaharit, Avinu Malkenu 43",2243
"The Koren Yom Kippur Mahzor; Ashkenaz, Shaharit, Avinu Malkenu 44",2244
"The Koren Yom Kippur Mahzor; Ashkenaz, Shaharit, Avinu Malkenu 45",2245
"The Koren Yom Kippur Mahzor; Ashkenaz, Shaharit, Avinu Malkenu 46",2246
"The Koren Yom Kippur Mahzor; Ashkenaz, Shaharit, Avinu Malkenu 47",2247
"The Koren Yom Kippur Mahzor; Ashkenaz, Shaharit, Avinu Malkenu 48",2248
"The Koren Yom Kippur Mahzor; Ashkenaz, Shaharit, Avinu Malkenu 49",2249
"The Koren Yom Kippur Mahzor; Ashkenaz, Shaharit, Avinu Malkenu 50",2250
"The Koren Yom Kippur Mahzor; Ashkenaz, Shaharit, Avinu Malkenu 51",2251
"The Koren Yom Kippur Mahzor; Ashkenaz, Shaharit, Avinu Malkenu 52",2252
"The Koren Yom Kippur Mahzor; Ashkenaz, Shaharit, Avinu Malkenu 53",2253
"The Koren Yom Kippur Mahzor; Ashkenaz, Shaharit, Avinu Malkenu 54",2254
"The Koren Yom Kippur Mahzor; Ashkenaz, Shaharit, Avinu Malkenu 55",2255
"The Koren Yom Kippur Mahzor; Ashkenaz, Shaharit, Avinu Malkenu 56",2256
"The Koren Yom Kippur Mahzor; Ashkenaz, Shaharit, Avinu Malkenu 57",2257
"The Koren Yom Kippur Mahzor; Ashkenaz, Shaharit, Reading of the Torah 1",2259
"The Koren Yom Kippur Mahzor; Ashkenaz, Shaharit, Reading of the Torah 2",2260
"The Koren Yom Kippur Mahzor; Ashkenaz, Shaharit, Reading of the Torah 3",2261
"The Koren Yom Kippur Mahzor; Ashkenaz, Shaharit, Reading of the Torah 4",2262
"The Koren Yom Kippur Mahzor; Ashkenaz, Shaharit, Reading of the Torah 5",2263
"The Koren Yom Kippur Mahzor; Ashkenaz, Shaharit, Reading of the Torah 6",2264
"The Koren Yom Kippur Mahzor; Ashkenaz, Shaharit, Reading of the Torah 7",2265
"The Koren Yom Kippur Mahzor; Ashkenaz, Shaharit, Reading of the Torah 8",2266
"The Koren Yom Kippur Mahzor; Ashkenaz, Shaharit, Reading of the Torah 9",2267
"The Koren Yom Kippur Mahzor; Ashkenaz, Shaharit, Reading of the Torah 10",2268
"The Koren Yom Kippur Mahzor; Ashkenaz, Shaharit, Reading of the Torah 11",2269
"The Koren Yom Kippur Mahzor; Ashkenaz, Shaharit, Reading of the Torah 12",2270
"The Koren Yom Kippur Mahzor; Ashkenaz, Shaharit, Reading of the Torah 13",2271
"The Koren Yom Kippur Mahzor; Ashkenaz, Shaharit, Reading of the Torah 14",2272
"The Koren Yom Kippur Mahzor; Ashkenaz, Shaharit, Reading of the Torah 15",2273
"The Koren Yom Kippur Mahzor; Ashkenaz, Shaharit, Reading of the Torah 16",2274
"The Koren Yom Kippur Mahzor; Ashkenaz, Shaharit, Reading of the Torah 17",2275
"The Koren Yom Kippur Mahzor; Ashkenaz, Shaharit, Reading of the Torah 18",2276
"The Koren Yom Kippur Mahzor; Ashkenaz, Shaharit, Reading of the Torah 19",2277
"The Koren Yom Kippur Mahzor; Ashkenaz, Shaharit, Reading of the Torah 20",2278
"The Koren Yom Kippur Mahzor; Ashkenaz, Shaharit, Reading of the Torah 21",2279
"The Koren Yom Kippur Mahzor; Ashkenaz, Shaharit, Reading of the Torah 22",2280
"The Koren Yom Kippur Mahzor; Ashkenaz, Shaharit, Reading of the Torah 23",2281
"The Koren Yom Kippur Mahzor; Ashkenaz, Shaharit, Reading of the Torah 24",2282
"The Koren Yom Kippur Mahzor; Ashkenaz, Shaharit, Reading of the Torah 25",2283
"The Koren Yom Kippur Mahzor; Ashkenaz, Shaharit, Reading of the Torah 26",2284
"The Koren Yom Kippur Mahzor; Ashkenaz, Shaharit, Reading of the Torah 27",2285
"The Koren Yom Kippur Mahzor; Ashkenaz, Shaharit, Reading of the Torah 28",2286
"The Koren Yom Kippur Mahzor; Ashkenaz, Shaharit, Reading of the Torah 29",2287
"The Koren Yom Kippur Mahzor; Ashkenaz, Shaharit, Reading of the Torah 30",2288
"The Koren Yom Kippur Mahzor; Ashkenaz, Shaharit, Reading of the Torah 31",2289
"The Koren Yom Kippur Mahzor; Ashkenaz, Shaharit, Reading of the Torah 32",2290
"The Koren Yom Kippur Mahzor; Ashkenaz, Shaharit, Reading of the Torah 33",2291
"The Koren Yom Kippur Mahzor; Ashkenaz, Shaharit, Reading of the Torah 34",2292
"The Koren Yom Kippur Mahzor; Ashkenaz, Shaharit, Reading of the Torah 35",2293
"The Koren Yom Kippur Mahzor; Ashkenaz, Shaharit, Reading of the Torah 36",2294
"The Koren Yom Kippur Mahzor; Ashkenaz, Shaharit, Reading of the Torah 37",2295
"The Koren Yom Kippur Mahzor; Ashkenaz, Shaharit, Reading of the Torah 38",2296
"The Koren Yom Kippur Mahzor; Ashkenaz, Shaharit, Reading of the Torah 39",2297
"The Koren Yom Kippur Mahzor; Ashkenaz, Shaharit, Reading of the Torah 40",2298
"The Koren Yom Kippur Mahzor; Ashkenaz, Shaharit, Reading of the Torah 41",2299
"The Koren Yom Kippur Mahzor; Ashkenaz, Shaharit, Reading of the Torah 42",2300
"The Koren Yom Kippur Mahzor; Ashkenaz, Shaharit, Reading of the Torah 43",2301
"The Koren Yom Kippur Mahzor; Ashkenaz, Shaharit, Reading of the Torah 44",2302
"The Koren Yom Kippur Mahzor; Ashkenaz, Shaharit, Reading of the Torah 45",2303
"The Koren Yom Kippur Mahzor; Ashkenaz, Shaharit, Reading of the Torah 46",2304
"The Koren Yom Kippur Mahzor; Ashkenaz, Shaharit, Reading of the Torah 47",2305
"The Koren Yom Kippur Mahzor; Ashkenaz, Shaharit, Reading of the Torah 48",2306
"The Koren Yom Kippur Mahzor; Ashkenaz, Shaharit, Reading of the Torah 49",2307
"The Koren Yom Kippur Mahzor; Ashkenaz, Shaharit, Reading of the Torah 50",2308
"The Koren Yom Kippur Mahzor; Ashkenaz, Shaharit, Reading of the Torah 51",2309
"The Koren Yom Kippur Mahzor; Ashkenaz, Shaharit, Reading of the Torah 52",2310
"The Koren Yom Kippur Mahzor; Ashkenaz, Shaharit, Reading of the Torah 53",2311
"The Koren Yom Kippur Mahzor; Ashkenaz, Shaharit, Reading of the Torah 54",2312
"The Koren Yom Kippur Mahzor; Ashkenaz, Shaharit, Reading of the Torah 55",2313
"The Koren Yom Kippur Mahzor; Ashkenaz, Shaharit, Reading of the Torah 56",2314
"The Koren Yom Kippur Mahzor; Ashkenaz, Shaharit, Reading of the Torah 57",2315
"The Koren Yom Kippur Mahzor; Ashkenaz, Shaharit, Reading of the Torah 58",2316
"The Koren Yom Kippur Mahzor; Ashkenaz, Shaharit, Reading of the Torah 59",2317
"The Koren Yom Kippur Mahzor; Ashkenaz, Shaharit, Reading of the Torah 60",2318
"The Koren Yom Kippur Mahzor; Ashkenaz, Shaharit, Reading of the Torah 61",2319
"The Koren Yom Kippur Mahzor; Ashkenaz, Shaharit, Reading of the Torah 62",2320
"The Koren Yom Kippur Mahzor; Ashkenaz, Shaharit, Reading of the Torah 63",2321
"The Koren Yom Kippur Mahzor; Ashkenaz, Shaharit, Reading of the Torah 64",2322
"The Koren Yom Kippur Mahzor; Ashkenaz, Shaharit, Reading of the Torah 65",2323
"The Koren Yom Kippur Mahzor; Ashkenaz, Shaharit, Reading of the Torah 66",2324
"The Koren Yom Kippur Mahzor; Ashkenaz, Shaharit, Reading of the Torah 67",2325
"The Koren Yom Kippur Mahzor; Ashkenaz, Shaharit, Reading of the Torah 68",2326
"The Koren Yom Kippur Mahzor; Ashkenaz, Shaharit, Reading of the Torah 69",2327
"The Koren Yom Kippur Mahzor; Ashkenaz, Shaharit, Reading of the Torah 70",2328
"The Koren Yom Kippur Mahzor; Ashkenaz, Shaharit, Reading of the Torah 71",2329
"The Koren Yom Kippur Mahzor; Ashkenaz, Shaharit, Reading of the Torah 72",2330
"The Koren Yom Kippur Mahzor; Ashkenaz, Shaharit, Reading of the Torah 73",2331
"The Koren Yom Kippur Mahzor; Ashkenaz, Shaharit, Reading of the Torah 74",2332
"The Koren Yom Kippur Mahzor; Ashkenaz, Shaharit, Reading of the Torah 75",2333
"The Koren Yom Kippur Mahzor; Ashkenaz, Shaharit, Reading of the Torah 76",2334
"The Koren Yom Kippur Mahzor; Ashkenaz, Shaharit, Reading of the Torah 77",2335
"The Koren Yom Kippur Mahzor; Ashkenaz, Shaharit, Reading of the Torah 78",2336
"The Koren Yom Kippur Mahzor; Ashkenaz, Shaharit, Reading of the Torah 79",2337
"The Koren Yom Kippur Mahzor; Ashkenaz, Shaharit, Reading of the Torah 80",2338
"The Koren Yom Kippur Mahzor; Ashkenaz, Shaharit, Reading of the Torah 81",2339
"The Koren Yom Kippur Mahzor; Ashkenaz, Shaharit, Reading of the Torah 82",2340
"The Koren Yom Kippur Mahzor; Ashkenaz, Shaharit, Reading of the Torah 83",2341
"The Koren Yom Kippur Mahzor; Ashkenaz, Shaharit, Reading of the Torah 84",2342
"The Koren Yom Kippur Mahzor; Ashkenaz, Shaharit, Reading of the Torah 85",2343
"The Koren Yom Kippur Mahzor; Ashkenaz, Shaharit, Reading of the Torah 86",2344
"The Koren Yom Kippur Mahzor; Ashkenaz, Shaharit, Yekum Purkan 1",2346
"The Koren Yom Kippur Mahzor; Ashkenaz, Shaharit, Yekum Purkan 2",2347
"The Koren Yom Kippur Mahzor; Ashkenaz, Shaharit, Yekum Purkan 3",2348
"The Koren Yom Kippur Mahzor; Ashkenaz, Shaharit, Yekum Purkan 4",2349
"The Koren Yom Kippur Mahzor; Ashkenaz, Shaharit, Yekum Purkan 5",2350
"The Koren Yom Kippur Mahzor; Ashkenaz, Shaharit, Yekum Purkan 6",2351
"The Koren Yom Kippur Mahzor; Ashkenaz, Shaharit, Yekum Purkan 7",2352
"The Koren Yom Kippur Mahzor; Ashkenaz, Shaharit, Yekum Purkan 8",2353
"The Koren Yom Kippur Mahzor; Ashkenaz, Shaharit, Yekum Purkan 9",2354
"The Koren Yom Kippur Mahzor; Ashkenaz, Shaharit, Yekum Purkan 10",2355
"The Koren Yom Kippur Mahzor; Ashkenaz, Shaharit, Yekum Purkan 11",2356
"The Koren Yom Kippur Mahzor; Ashkenaz, Shaharit, Yekum Purkan 12",2357
"The Koren Yom Kippur Mahzor; Ashkenaz, Shaharit, Yekum Purkan 13",2358
"The Koren Yom Kippur Mahzor; Ashkenaz, Shaharit, Yekum Purkan 14",2359
"The Koren Yom Kippur Mahzor; Ashkenaz, Shaharit, Yekum Purkan 15",2360
"The Koren Yom Kippur Mahzor; Ashkenaz, Shaharit, Yekum Purkan 16",2361
"The Koren Yom Kippur Mahzor; Ashkenaz, Shaharit, Yekum Purkan 17",2362
"The Koren Yom Kippur Mahzor; Ashkenaz, Shaharit, Yekum Purkan 18",2363
"The Koren Yom Kippur Mahzor; Ashkenaz, Shaharit, Yekum Purkan 19",2364
"The Koren Yom Kippur Mahzor; Ashkenaz, Shaharit, Yekum Purkan 20",2365
"The Koren Yom Kippur Mahzor; Ashkenaz, Shaharit, Yekum Purkan 21",2366
"The Koren Yom Kippur Mahzor; Ashkenaz, Shaharit, Yekum Purkan 22",2367
"The Koren Yom Kippur Mahzor; Ashkenaz, Shaharit, Yekum Purkan 23",2368
"The Koren Yom Kippur Mahzor; Ashkenaz, Shaharit, Yekum Purkan 24",2369
"The Koren Yom Kippur Mahzor; Ashkenaz, Shaharit, Yekum Purkan 25",2370
"The Koren Yom Kippur Mahzor; Ashkenaz, Shaharit, Yekum Purkan 26",2371
"The Koren Yom Kippur Mahzor; Ashkenaz, Shaharit, Yekum Purkan 27",2372
"The Koren Yom Kippur Mahzor; Ashkenaz, Shaharit, Yekum Purkan 28",2373
"The Koren Yom Kippur Mahzor; Ashkenaz, Shaharit, Yekum Purkan 29",2374
"The Koren Yom Kippur Mahzor; Ashkenaz, Shaharit, Yizkor 1",2376
"The Koren Yom Kippur Mahzor; Ashkenaz, Shaharit, Yizkor 2",2377
"The Koren Yom Kippur Mahzor; Ashkenaz, Shaharit, Yizkor 3",2378
"The Koren Yom Kippur Mahzor; Ashkenaz, Shaharit, Yizkor 4",2379
"The Koren Yom Kippur Mahzor; Ashkenaz, Shaharit, Yizkor 5",2380
"The Koren Yom Kippur Mahzor; Ashkenaz, Shaharit, Yizkor 6",2381
"The Koren Yom Kippur Mahzor; Ashkenaz, Shaharit, Yizkor 7",2382
"The Koren Yom Kippur Mahzor; Ashkenaz, Shaharit, Yizkor 8",2383
"The Koren Yom Kippur Mahzor; Ashkenaz, Shaharit, Yizkor 9",2384
"The Koren Yom Kippur Mahzor; Ashkenaz, Shaharit, Yizkor 10",2385
"The Koren Yom Kippur Mahzor; Ashkenaz, Shaharit, Yizkor 11",2386
"The Koren Yom Kippur Mahzor; Ashkenaz, Shaharit, Yizkor 12",2387
"The Koren Yom Kippur Mahzor; Ashkenaz, Shaharit, Yizkor 13",2388
"The Koren Yom Kippur Mahzor; Ashkenaz, Shaharit, Yizkor 14",2389
"The Koren Yom Kippur Mahzor; Ashkenaz, Shaharit, Yizkor 15",2390
"The Koren Yom Kippur Mahzor; Ashkenaz, Shaharit, Yizkor 16",2391
"The Koren Yom Kippur Mahzor; Ashkenaz, Shaharit, Yizkor 17",2392
"The Koren Yom Kippur Mahzor; Ashkenaz, Shaharit, Yizkor 18",2393
"The Koren Yom Kippur Mahzor; Ashkenaz, Shaharit, Yizkor 19",2394
"The Koren Yom Kippur Mahzor; Ashkenaz, Shaharit, Yizkor 20",2395
"The Koren Yom Kippur Mahzor; Ashkenaz, Shaharit, Yizkor 21",2396
"The Koren Yom Kippur Mahzor; Ashkenaz, Shaharit, Yizkor 22",2397
"The Koren Yom Kippur Mahzor; Ashkenaz, Shaharit, Yizkor 23",2398
"The Koren Yom Kippur Mahzor; Ashkenaz, Shaharit, Yizkor 24",2399
"The Koren Yom Kippur Mahzor; Ashkenaz, Shaharit, Yizkor 25",2400
"The Koren Yom Kippur Mahzor; Ashkenaz, Shaharit, Yizkor 26",2401
"The Koren Yom Kippur Mahzor; Ashkenaz, Shaharit, Yizkor 27",2402
"The Koren Yom Kippur Mahzor; Ashkenaz, Shaharit, Yizkor 28",2403
"The Koren Yom Kippur Mahzor; Ashkenaz, Shaharit, Yizkor 29",2404
"The Koren Yom Kippur Mahzor; Ashkenaz, Shaharit, Yizkor 30",2405
"The Koren Yom Kippur Mahzor; Ashkenaz, Shaharit, Yizkor 31",2406
"The Koren Yom Kippur Mahzor; Ashkenaz, Shaharit, Yizkor 32",2407
"The Koren Yom Kippur Mahzor; Ashkenaz, Shaharit, Yizkor 33",2408
"The Koren Yom Kippur Mahzor; Ashkenaz, Shaharit, Yizkor 34",2409
"The Koren Yom Kippur Mahzor; Ashkenaz, Shaharit, Yizkor 35",2410
"The Koren Yom Kippur Mahzor; Ashkenaz, Shaharit, Yizkor 36",2411
"The Koren Yom Kippur Mahzor; Ashkenaz, Shaharit, Yizkor 37",2412
"The Koren Yom Kippur Mahzor; Ashkenaz, Shaharit, Yizkor 38",2413
"The Koren Yom Kippur Mahzor; Ashkenaz, Musaf, Leader's Prayer 1",2416
"The Koren Yom Kippur Mahzor; Ashkenaz, Musaf, Leader's Prayer 2",2417
"The Koren Yom Kippur Mahzor; Ashkenaz, Musaf, Leader's Prayer 3",2418
"The Koren Yom Kippur Mahzor; Ashkenaz, Musaf, Leader's Prayer 4",2419
"The Koren Yom Kippur Mahzor; Ashkenaz, Musaf, Leader's Prayer 5",2420
"The Koren Yom Kippur Mahzor; Ashkenaz, Musaf, Leader's Prayer 6",2421
"The Koren Yom Kippur Mahzor; Ashkenaz, Musaf, Leader's Prayer 7",2422
"The Koren Yom Kippur Mahzor; Ashkenaz, Musaf, The Amida 1",2424
"The Koren Yom Kippur Mahzor; Ashkenaz, Musaf, The Amida 2",2425
"The Koren Yom Kippur Mahzor; Ashkenaz, Musaf, The Amida 3",2426
"The Koren Yom Kippur Mahzor; Ashkenaz, Musaf, The Amida 4",2427
"The Koren Yom Kippur Mahzor; Ashkenaz, Musaf, The Amida 5",2428
"The Koren Yom Kippur Mahzor; Ashkenaz, Musaf, The Amida 6",2429
"The Koren Yom Kippur Mahzor; Ashkenaz, Musaf, The Amida 7",2430
"The Koren Yom Kippur Mahzor; Ashkenaz, Musaf, The Amida 8",2431
"The Koren Yom Kippur Mahzor; Ashkenaz, Musaf, The Amida 9",2432
"The Koren Yom Kippur Mahzor; Ashkenaz, Musaf, The Amida 10",2433
"The Koren Yom Kippur Mahzor; Ashkenaz, Musaf, The Amida 11",2434
"The Koren Yom Kippur Mahzor; Ashkenaz, Musaf, The Amida 12",2435
"The Koren Yom Kippur Mahzor; Ashkenaz, Musaf, The Amida 13",2436
"The Koren Yom Kippur Mahzor; Ashkenaz, Musaf, The Amida 14",2437
"The Koren Yom Kippur Mahzor; Ashkenaz, Musaf, The Amida 15",2438
"The Koren Yom Kippur Mahzor; Ashkenaz, Musaf, The Amida 16",2439
"The Koren Yom Kippur Mahzor; Ashkenaz, Musaf, The Amida 17",2440
"The Koren Yom Kippur Mahzor; Ashkenaz, Musaf, The Amida 18",2441
"The Koren Yom Kippur Mahzor; Ashkenaz, Musaf, The Amida 19",2442
"The Koren Yom Kippur Mahzor; Ashkenaz, Musaf, The Amida 20",2443
"The Koren Yom Kippur Mahzor; Ashkenaz, Musaf, The Amida 21",2444
"The Koren Yom Kippur Mahzor; Ashkenaz, Musaf, The Amida 22",2445
"The Koren Yom Kippur Mahzor; Ashkenaz, Musaf, The Amida 23",2446
"The Koren Yom Kippur Mahzor; Ashkenaz, Musaf, The Amida 24",2447
"The Koren Yom Kippur Mahzor; Ashkenaz, Musaf, The Amida 25",2448
"The Koren Yom Kippur Mahzor; Ashkenaz, Musaf, The Amida 26",2449
"The Koren Yom Kippur Mahzor; Ashkenaz, Musaf, The Amida 27",2450
"The Koren Yom Kippur Mahzor; Ashkenaz, Musaf, The Amida 28",2451
"The Koren Yom Kippur Mahzor; Ashkenaz, Musaf, The Amida 29",2452
"The Koren Yom Kippur Mahzor; Ashkenaz, Musaf, The Amida 30",2453
"The Koren Yom Kippur Mahzor; Ashkenaz, Musaf, The Amida 31",2454
"The Koren Yom Kippur Mahzor; Ashkenaz, Musaf, The Amida 32",2455
"The Koren Yom Kippur Mahzor; Ashkenaz, Musaf, The Amida 33",2456
"The Koren Yom Kippur Mahzor; Ashkenaz, Musaf, The Amida 34",2457
"The Koren Yom Kippur Mahzor; Ashkenaz, Musaf, The Amida 35",2458
"The Koren Yom Kippur Mahzor; Ashkenaz, Musaf, The Amida 36",2459
"The Koren Yom Kippur Mahzor; Ashkenaz, Musaf, The Amida 37",2460
"The Koren Yom Kippur Mahzor; Ashkenaz, Musaf, The Amida 38",2461
"The Koren Yom Kippur Mahzor; Ashkenaz, Musaf, The Amida 39",2462
"The Koren Yom Kippur Mahzor; Ashkenaz, Musaf, The Amida 40",2463
"The Koren Yom Kippur Mahzor; Ashkenaz, Musaf, The Amida 41",2464
"The Koren Yom Kippur Mahzor; Ashkenaz, Musaf, The Amida 42",2465
"The Koren Yom Kippur Mahzor; Ashkenaz, Musaf, The Amida 43",2466
"The Koren Yom Kippur Mahzor; Ashkenaz, Musaf, The Amida 44",2467
"The Koren Yom Kippur Mahzor; Ashkenaz, Musaf, The Amida 45",2468
"The Koren Yom Kippur Mahzor; Ashkenaz, Musaf, The Amida 46",2469
"The Koren Yom Kippur Mahzor; Ashkenaz, Musaf, The Amida 47",2470
"The Koren Yom Kippur Mahzor; Ashkenaz, Musaf, The Amida 48",2471
"The Koren Yom Kippur Mahzor; Ashkenaz, Musaf, The Amida 49",2472
"The Koren Yom Kippur Mahzor; Ashkenaz, Musaf, The Amida 50",2473
"The Koren Yom Kippur Mahzor; Ashkenaz, Musaf, The Amida 51",2474
"The Koren Yom Kippur Mahzor; Ashkenaz, Musaf, The Amida 52",2475
"The Koren Yom Kippur Mahzor; Ashkenaz, Musaf, The Amida 53",2476
"The Koren Yom Kippur Mahzor; Ashkenaz, Musaf, The Amida 54",2477
"The Koren Yom Kippur Mahzor; Ashkenaz, Musaf, The Amida 55",2478
"The Koren Yom Kippur Mahzor; Ashkenaz, Musaf, The Amida 56",2479
"The Koren Yom Kippur Mahzor; Ashkenaz, Musaf, The Amida 57",2480
"The Koren Yom Kippur Mahzor; Ashkenaz, Musaf, The Amida 58",2481
"The Koren Yom Kippur Mahzor; Ashkenaz, Musaf, The Amida 59",2482
"The Koren Yom Kippur Mahzor; Ashkenaz, Musaf, The Amida 60",2483
"The Koren Yom Kippur Mahzor; Ashkenaz, Musaf, The Amida 61",2484
"The Koren Yom Kippur Mahzor; Ashkenaz, Musaf, The Amida 62",2485
"The Koren Yom Kippur Mahzor; Ashkenaz, Musaf, The Amida 63",2486
"The Koren Yom Kippur Mahzor; Ashkenaz, Musaf, The Amida 64",2487
"The Koren Yom Kippur Mahzor; Ashkenaz, Musaf, The Amida 65",2488
"The Koren Yom Kippur Mahzor; Ashkenaz, Musaf, The Amida 66",2489
"The Koren Yom Kippur Mahzor; Ashkenaz, Musaf, The Amida 67",2490
"The Koren Yom Kippur Mahzor; Ashkenaz, Musaf, The Amida 68",2491
"The Koren Yom Kippur Mahzor; Ashkenaz, Musaf, The Amida 69",2492
"The Koren Yom Kippur Mahzor; Ashkenaz, Musaf, The Amida 70",2493
"The Koren Yom Kippur Mahzor; Ashkenaz, Musaf, The Amida 71",2494
"The Koren Yom Kippur Mahzor; Ashkenaz, Musaf, The Amida 72",2495
"The Koren Yom Kippur Mahzor; Ashkenaz, Musaf, The Amida 73",2496
"The Koren Yom Kippur Mahzor; Ashkenaz, Musaf, The Amida 74",2497
"The Koren Yom Kippur Mahzor; Ashkenaz, Musaf, The Amida 75",2498
"The Koren Yom Kippur Mahzor; Ashkenaz, Musaf, The Amida 76",2499
"The Koren Yom Kippur Mahzor; Ashkenaz, Musaf, The Amida 77",2500
"The Koren Yom Kippur Mahzor; Ashkenaz, Musaf, The Amida 78",2501
"The Koren Yom Kippur Mahzor; Ashkenaz, Musaf, The Amida 79",2502
"The Koren Yom Kippur Mahzor; Ashkenaz, Musaf, The Amida 80",2503
"The Koren Yom Kippur Mahzor; Ashkenaz, Musaf, The Amida 81",2504
"The Koren Yom Kippur Mahzor; Ashkenaz, Musaf, The Amida 82",2505
"The Koren Yom Kippur Mahzor; Ashkenaz, Musaf, The Amida 83",2506
"The Koren Yom Kippur Mahzor; Ashkenaz, Musaf, The Amida 84",2507
"The Koren Yom Kippur Mahzor; Ashkenaz, Musaf, The Amida 85",2508
"The Koren Yom Kippur Mahzor; Ashkenaz, Musaf, The Amida 86",2509
"The Koren Yom Kippur Mahzor; Ashkenaz, Musaf, The Amida 87",2510
"The Koren Yom Kippur Mahzor; Ashkenaz, Musaf, The Amida 88",2511
"The Koren Yom Kippur Mahzor; Ashkenaz, Musaf, The Amida 89",2512
"The Koren Yom Kippur Mahzor; Ashkenaz, Musaf, The Amida 90",2513
"The Koren Yom Kippur Mahzor; Ashkenaz, Musaf, The Amida 91",2514
"The Koren Yom Kippur Mahzor; Ashkenaz, Musaf, The Amida 92",2515
"The Koren Yom Kippur Mahzor; Ashkenaz, Musaf, The Amida 93",2516
"The Koren Yom Kippur Mahzor; Ashkenaz, Musaf, The Amida 94",2517
"The Koren Yom Kippur Mahzor; Ashkenaz, Musaf, The Amida 95",2518
"The Koren Yom Kippur Mahzor; Ashkenaz, Musaf, The Amida 96",2519
"The Koren Yom Kippur Mahzor; Ashkenaz, Musaf, The Amida 97",2520
"The Koren Yom Kippur Mahzor; Ashkenaz, Musaf, The Amida 98",2521
"The Koren Yom Kippur Mahzor; Ashkenaz, Musaf, Leader's Repetition for Musaf 1",2523
"The Koren Yom Kippur Mahzor; Ashkenaz, Musaf, Leader's Repetition for Musaf 2",2524
"The Koren Yom Kippur Mahzor; Ashkenaz, Musaf, Leader's Repetition for Musaf 3",2525
"The Koren Yom Kippur Mahzor; Ashkenaz, Musaf, Leader's Repetition for Musaf 4",2526
"The Koren Yom Kippur Mahzor; Ashkenaz, Musaf, Leader's Repetition for Musaf 5",2527
"The Koren Yom Kippur Mahzor; Ashkenaz, Musaf, Leader's Repetition for Musaf 6",2528
"The Koren Yom Kippur Mahzor; Ashkenaz, Musaf, Leader's Repetition for Musaf 7",2529
"The Koren Yom Kippur Mahzor; Ashkenaz, Musaf, Leader's Repetition for Musaf 8",2530
"The Koren Yom Kippur Mahzor; Ashkenaz, Musaf, Leader's Repetition for Musaf 9",2531
"The Koren Yom Kippur Mahzor; Ashkenaz, Musaf, Leader's Repetition for Musaf 10",2532
"The Koren Yom Kippur Mahzor; Ashkenaz, Musaf, Leader's Repetition for Musaf 11",2533
"The Koren Yom Kippur Mahzor; Ashkenaz, Musaf, Leader's Repetition for Musaf 12",2534
"The Koren Yom Kippur Mahzor; Ashkenaz, Musaf, Leader's Repetition for Musaf 13",2535
"The Koren Yom Kippur Mahzor; Ashkenaz, Musaf, Leader's Repetition for Musaf 14",2536
"The Koren Yom Kippur Mahzor; Ashkenaz, Musaf, Leader's Repetition for Musaf 15",2537
"The Koren Yom Kippur Mahzor; Ashkenaz, Musaf, Leader's Repetition for Musaf 16",2538
"The Koren Yom Kippur Mahzor; Ashkenaz, Musaf, Leader's Repetition for Musaf 17",2539
"The Koren Yom Kippur Mahzor; Ashkenaz, Musaf, Leader's Repetition for Musaf 18",2540
"The Koren Yom Kippur Mahzor; Ashkenaz, Musaf, Leader's Repetition for Musaf 19",2541
"The Koren Yom Kippur Mahzor; Ashkenaz, Musaf, Leader's Repetition for Musaf 20",2542
"The Koren Yom Kippur Mahzor; Ashkenaz, Musaf, Leader's Repetition for Musaf 21",2543
"The Koren Yom Kippur Mahzor; Ashkenaz, Musaf, Leader's Repetition for Musaf 22",2544
"The Koren Yom Kippur Mahzor; Ashkenaz, Musaf, Leader's Repetition for Musaf 23",2545
"The Koren Yom Kippur Mahzor; Ashkenaz, Musaf, Leader's Repetition for Musaf 24",2546
"The Koren Yom Kippur Mahzor; Ashkenaz, Musaf, Leader's Repetition for Musaf 25",2547
"The Koren Yom Kippur Mahzor; Ashkenaz, Musaf, Leader's Repetition for Musaf 26",2548
"The Koren Yom Kippur Mahzor; Ashkenaz, Musaf, Leader's Repetition for Musaf 27",2549
"The Koren Yom Kippur Mahzor; Ashkenaz, Musaf, Leader's Repetition for Musaf 28",2550
"The Koren Yom Kippur Mahzor; Ashkenaz, Musaf, Leader's Repetition for Musaf 29",2551
"The Koren Yom Kippur Mahzor; Ashkenaz, Musaf, Leader's Repetition for Musaf 30",2552
"The Koren Yom Kippur Mahzor; Ashkenaz, Musaf, Leader's Repetition for Musaf 31",2553
"The Koren Yom Kippur Mahzor; Ashkenaz, Musaf, Leader's Repetition for Musaf 32",2554
"The Koren Yom Kippur Mahzor; Ashkenaz, Musaf, Leader's Repetition for Musaf 33",2555
"The Koren Yom Kippur Mahzor; Ashkenaz, Musaf, Leader's Repetition for Musaf 34",2556
"The Koren Yom Kippur Mahzor; Ashkenaz, Musaf, Leader's Repetition for Musaf 35",2557
"The Koren Yom Kippur Mahzor; Ashkenaz, Musaf, Leader's Repetition for Musaf 36",2558
"The Koren Yom Kippur Mahzor; Ashkenaz, Musaf, Leader's Repetition for Musaf 37",2559
"The Koren Yom Kippur Mahzor; Ashkenaz, Musaf, Leader's Repetition for Musaf 38",2560
"The Koren Yom Kippur Mahzor; Ashkenaz, Musaf, Leader's Repetition for Musaf 39",2561
"The Koren Yom Kippur Mahzor; Ashkenaz, Musaf, Leader's Repetition for Musaf 40",2562
"The Koren Yom Kippur Mahzor; Ashkenaz, Musaf, Leader's Repetition for Musaf 41",2563
"The Koren Yom Kippur Mahzor; Ashkenaz, Musaf, Leader's Repetition for Musaf 42",2564
"The Koren Yom Kippur Mahzor; Ashkenaz, Musaf, Leader's Repetition for Musaf 43",2565
"The Koren Yom Kippur Mahzor; Ashkenaz, Musaf, Leader's Repetition for Musaf 44",2566
"The Koren Yom Kippur Mahzor; Ashkenaz, Musaf, Leader's Repetition for Musaf 45",2567
"The Koren Yom Kippur Mahzor; Ashkenaz, Musaf, Leader's Repetition for Musaf 46",2568
"The Koren Yom Kippur Mahzor; Ashkenaz, Musaf, Leader's Repetition for Musaf 47",2569
"The Koren Yom Kippur Mahzor; Ashkenaz, Musaf, Leader's Repetition for Musaf 48",2570
"The Koren Yom Kippur Mahzor; Ashkenaz, Musaf, Leader's Repetition for Musaf 49",2571
"The Koren Yom Kippur Mahzor; Ashkenaz, Musaf, Leader's Repetition for Musaf 50",2572
"The Koren Yom Kippur Mahzor; Ashkenaz, Musaf, Leader's Repetition for Musaf 51",2573
"The Koren Yom Kippur Mahzor; Ashkenaz, Musaf, Leader's Repetition for Musaf 52",2574
"The Koren Yom Kippur Mahzor; Ashkenaz, Musaf, Leader's Repetition for Musaf 53",2575
"The Koren Yom Kippur Mahzor; Ashkenaz, Musaf, Leader's Repetition for Musaf 54",2576
"The Koren Yom Kippur Mahzor; Ashkenaz, Musaf, Leader's Repetition for Musaf 55",2577
"The Koren Yom Kippur Mahzor; Ashkenaz, Musaf, Leader's Repetition for Musaf 56",2578
"The Koren Yom Kippur Mahzor; Ashkenaz, Musaf, Leader's Repetition for Musaf 57",2579
"The Koren Yom Kippur Mahzor; Ashkenaz, Musaf, Leader's Repetition for Musaf 58",2580
"The Koren Yom Kippur Mahzor; Ashkenaz, Musaf, Leader's Repetition for Musaf 59",2581
"The Koren Yom Kippur Mahzor; Ashkenaz, Musaf, Leader's Repetition for Musaf 60",2582
"The Koren Yom Kippur Mahzor; Ashkenaz, Musaf, Leader's Repetition for Musaf 61",2583
"The Koren Yom Kippur Mahzor; Ashkenaz, Musaf, Leader's Repetition for Musaf 62",2584
"The Koren Yom Kippur Mahzor; Ashkenaz, Musaf, Leader's Repetition for Musaf 63",2585
"The Koren Yom Kippur Mahzor; Ashkenaz, Musaf, Leader's Repetition for Musaf 64",2586
"The Koren Yom Kippur Mahzor; Ashkenaz, Musaf, Leader's Repetition for Musaf 65",2587
"The Koren Yom Kippur Mahzor; Ashkenaz, Musaf, Leader's Repetition for Musaf 66",2588
"The Koren Yom Kippur Mahzor; Ashkenaz, Musaf, Leader's Repetition for Musaf 67",2589
"The Koren Yom Kippur Mahzor; Ashkenaz, Musaf, Leader's Repetition for Musaf 68",2590
"The Koren Yom Kippur Mahzor; Ashkenaz, Musaf, Leader's Repetition for Musaf 69",2591
"The Koren Yom Kippur Mahzor; Ashkenaz, Musaf, Leader's Repetition for Musaf 70",2592
"The Koren Yom Kippur Mahzor; Ashkenaz, Musaf, Leader's Repetition for Musaf 71",2593
"The Koren Yom Kippur Mahzor; Ashkenaz, Musaf, Leader's Repetition for Musaf 72",2594
"The Koren Yom Kippur Mahzor; Ashkenaz, Musaf, Leader's Repetition for Musaf 73",2595
"The Koren Yom Kippur Mahzor; Ashkenaz, Musaf, Leader's Repetition for Musaf 74",2596
"The Koren Yom Kippur Mahzor; Ashkenaz, Musaf, Leader's Repetition for Musaf 75",2597
"The Koren Yom Kippur Mahzor; Ashkenaz, Musaf, Leader's Repetition for Musaf 76",2598
"The Koren Yom Kippur Mahzor; Ashkenaz, Musaf, Leader's Repetition for Musaf 77",2599
"The Koren Yom Kippur Mahzor; Ashkenaz, Musaf, Leader's Repetition for Musaf 78",2600
"The Koren Yom Kippur Mahzor; Ashkenaz, Musaf, Leader's Repetition for Musaf 79",2601
"The Koren Yom Kippur Mahzor; Ashkenaz, Musaf, Leader's Repetition for Musaf 80",2602
"The Koren Yom Kippur Mahzor; Ashkenaz, Musaf, Leader's Repetition for Musaf 81",2603
"The Koren Yom Kippur Mahzor; Ashkenaz, Musaf, Leader's Repetition for Musaf 82",2604
"The Koren Yom Kippur Mahzor; Ashkenaz, Musaf, Leader's Repetition for Musaf 83",2605
"The Koren Yom Kippur Mahzor; Ashkenaz, Musaf, Leader's Repetition for Musaf 84",2606
"The Koren Yom Kippur Mahzor; Ashkenaz, Musaf, Leader's Repetition for Musaf 85",2607
"The Koren Yom Kippur Mahzor; Ashkenaz, Musaf, Leader's Repetition for Musaf 86",2608
"The Koren Yom Kippur Mahzor; Ashkenaz, Musaf, Leader's Repetition for Musaf 87",2609
"The Koren Yom Kippur Mahzor; Ashkenaz, Musaf, Leader's Repetition for Musaf 88",2610
"The Koren Yom Kippur Mahzor; Ashkenaz, Musaf, Leader's Repetition for Musaf 89",2611
"The Koren Yom Kippur Mahzor; Ashkenaz, Musaf, Leader's Repetition for Musaf 90",2612
"The Koren Yom Kippur Mahzor; Ashkenaz, Musaf, Leader's Repetition for Musaf 91",2613
"The Koren Yom Kippur Mahzor; Ashkenaz, Musaf, Leader's Repetition for Musaf 92",2614
"The Koren Yom Kippur Mahzor; Ashkenaz, Musaf, Leader's Repetition for Musaf 93",2615
"The Koren Yom Kippur Mahzor; Ashkenaz, Musaf, Leader's Repetition for Musaf 94",2616
"The Koren Yom Kippur Mahzor; Ashkenaz, Musaf, Leader's Repetition for Musaf 95",2617
"The Koren Yom Kippur Mahzor; Ashkenaz, Musaf, Leader's Repetition for Musaf 96",2618
"The Koren Yom Kippur Mahzor; Ashkenaz, Musaf, Leader's Repetition for Musaf 97",2619
"The Koren Yom Kippur Mahzor; Ashkenaz, Musaf, Leader's Repetition for Musaf 98",2620
"The Koren Yom Kippur Mahzor; Ashkenaz, Musaf, Leader's Repetition for Musaf 99",2621
"The Koren Yom Kippur Mahzor; Ashkenaz, Musaf, Leader's Repetition for Musaf 100",2622
"The Koren Yom Kippur Mahzor; Ashkenaz, Musaf, Leader's Repetition for Musaf 101",2623
"The Koren Yom Kippur Mahzor; Ashkenaz, Musaf, Leader's Repetition for Musaf 102",2624
"The Koren Yom Kippur Mahzor; Ashkenaz, Musaf, Leader's Repetition for Musaf 103",2625
"The Koren Yom Kippur Mahzor; Ashkenaz, Musaf, Leader's Repetition for Musaf 104",2626
"The Koren Yom Kippur Mahzor; Ashkenaz, Musaf, Leader's Repetition for Musaf 105",2627
"The Koren Yom Kippur Mahzor; Ashkenaz, Musaf, Leader's Repetition for Musaf 106",2628
"The Koren Yom Kippur Mahzor; Ashkenaz, Musaf, Leader's Repetition for Musaf 107",2629
"The Koren Yom Kippur Mahzor; Ashkenaz, Musaf, Leader's Repetition for Musaf 108",2630
"The Koren Yom Kippur Mahzor; Ashkenaz, Musaf, Leader's Repetition for Musaf 109",2631
"The Koren Yom Kippur Mahzor; Ashkenaz, Musaf, Leader's Repetition for Musaf 110",2632
"The Koren Yom Kippur Mahzor; Ashkenaz, Musaf, Leader's Repetition for Musaf 111",2633
"The Koren Yom Kippur Mahzor; Ashkenaz, Musaf, Leader's Repetition for Musaf 112",2634
"The Koren Yom Kippur Mahzor; Ashkenaz, Musaf, Leader's Repetition for Musaf 113",2635
"The Koren Yom Kippur Mahzor; Ashkenaz, Musaf, Leader's Repetition for Musaf 114",2636
"The Koren Yom Kippur Mahzor; Ashkenaz, Musaf, Leader's Repetition for Musaf 115",2637
"The Koren Yom Kippur Mahzor; Ashkenaz, Musaf, Leader's Repetition for Musaf 116",2638
"The Koren Yom Kippur Mahzor; Ashkenaz, Musaf, Leader's Repetition for Musaf 117",2639
"The Koren Yom Kippur Mahzor; Ashkenaz, Musaf, Leader's Repetition for Musaf 118",2640
"The Koren Yom Kippur Mahzor; Ashkenaz, Musaf, Leader's Repetition for Musaf 119",2641
"The Koren Yom Kippur Mahzor; Ashkenaz, Musaf, Leader's Repetition for Musaf 120",2642
"The Koren Yom Kippur Mahzor; Ashkenaz, Musaf, Leader's Repetition for Musaf 121",2643
"The Koren Yom Kippur Mahzor; Ashkenaz, Musaf, Leader's Repetition for Musaf 122",2644
"The Koren Yom Kippur Mahzor; Ashkenaz, Musaf, Leader's Repetition for Musaf 123",2645
"The Koren Yom Kippur Mahzor; Ashkenaz, Musaf, Leader's Repetition for Musaf 124",2646
"The Koren Yom Kippur Mahzor; Ashkenaz, Musaf, Leader's Repetition for Musaf 125",2647
"The Koren Yom Kippur Mahzor; Ashkenaz, Musaf, Leader's Repetition for Musaf 126",2648
"The Koren Yom Kippur Mahzor; Ashkenaz, Musaf, Leader's Repetition for Musaf 127",2649
"The Koren Yom Kippur Mahzor; Ashkenaz, Musaf, Leader's Repetition for Musaf 128",2650
"The Koren Yom Kippur Mahzor; Ashkenaz, Musaf, Leader's Repetition for Musaf 129",2651
"The Koren Yom Kippur Mahzor; Ashkenaz, Musaf, Leader's Repetition for Musaf 130",2652
"The Koren Yom Kippur Mahzor; Ashkenaz, Musaf, Leader's Repetition for Musaf 131",2653
"The Koren Yom Kippur Mahzor; Ashkenaz, Musaf, Leader's Repetition for Musaf 132",2654
"The Koren Yom Kippur Mahzor; Ashkenaz, Musaf, Leader's Repetition for Musaf 133",2655
"The Koren Yom Kippur Mahzor; Ashkenaz, Musaf, Leader's Repetition for Musaf 134",2656
"The Koren Yom Kippur Mahzor; Ashkenaz, Musaf, Leader's Repetition for Musaf 135",2657
"The Koren Yom Kippur Mahzor; Ashkenaz, Musaf, Leader's Repetition for Musaf 136",2658
"The Koren Yom Kippur Mahzor; Ashkenaz, Musaf, Leader's Repetition for Musaf 137",2659
"The Koren Yom Kippur Mahzor; Ashkenaz, Musaf, Leader's Repetition for Musaf 138",2660
"The Koren Yom Kippur Mahzor; Ashkenaz, Musaf, Leader's Repetition for Musaf 139",2661
"The Koren Yom Kippur Mahzor; Ashkenaz, Musaf, Leader's Repetition for Musaf 140",2662
"The Koren Yom Kippur Mahzor; Ashkenaz, Musaf, Leader's Repetition for Musaf 141",2663
"The Koren Yom Kippur Mahzor; Ashkenaz, Musaf, Leader's Repetition for Musaf 142",2664
"The Koren Yom Kippur Mahzor; Ashkenaz, Musaf, Leader's Repetition for Musaf 143",2665
"The Koren Yom Kippur Mahzor; Ashkenaz, Musaf, Leader's Repetition for Musaf 144",2666
"The Koren Yom Kippur Mahzor; Ashkenaz, Musaf, Leader's Repetition for Musaf 145",2667
"The Koren Yom Kippur Mahzor; Ashkenaz, Musaf, Leader's Repetition for Musaf 146",2668
"The Koren Yom Kippur Mahzor; Ashkenaz, Musaf, Leader's Repetition for Musaf 147",2669
"The Koren Yom Kippur Mahzor; Ashkenaz, Musaf, Leader's Repetition for Musaf 148",2670
"The Koren Yom Kippur Mahzor; Ashkenaz, Musaf, Leader's Repetition for Musaf 149",2671
"The Koren Yom Kippur Mahzor; Ashkenaz, Musaf, Leader's Repetition for Musaf 150",2672
"The Koren Yom Kippur Mahzor; Ashkenaz, Musaf, Leader's Repetition for Musaf 151",2673
"The Koren Yom Kippur Mahzor; Ashkenaz, Musaf, Leader's Repetition for Musaf 152",2674
"The Koren Yom Kippur Mahzor; Ashkenaz, Musaf, Leader's Repetition for Musaf 153",2675
"The Koren Yom Kippur Mahzor; Ashkenaz, Musaf, Leader's Repetition for Musaf 154",2676
"The Koren Yom Kippur Mahzor; Ashkenaz, Musaf, Leader's Repetition for Musaf 155",2677
"The Koren Yom Kippur Mahzor; Ashkenaz, Musaf, Leader's Repetition for Musaf 156",2678
"The Koren Yom Kippur Mahzor; Ashkenaz, Musaf, Leader's Repetition for Musaf 157",2679
"The Koren Yom Kippur Mahzor; Ashkenaz, Musaf, Leader's Repetition for Musaf 158",2680
"The Koren Yom Kippur Mahzor; Ashkenaz, Musaf, Leader's Repetition for Musaf 159",2681
"The Koren Yom Kippur Mahzor; Ashkenaz, Musaf, Leader's Repetition for Musaf 160",2682
"The Koren Yom Kippur Mahzor; Ashkenaz, Musaf, Leader's Repetition for Musaf 161",2683
"The Koren Yom Kippur Mahzor; Ashkenaz, Musaf, Leader's Repetition for Musaf 162",2684
"The Koren Yom Kippur Mahzor; Ashkenaz, Musaf, Leader's Repetition for Musaf 163",2685
"The Koren Yom Kippur Mahzor; Ashkenaz, Musaf, Leader's Repetition for Musaf 164",2686
"The Koren Yom Kippur Mahzor; Ashkenaz, Musaf, Leader's Repetition for Musaf 165",2687
"The Koren Yom Kippur Mahzor; Ashkenaz, Musaf, Leader's Repetition for Musaf 166",2688
"The Koren Yom Kippur Mahzor; Ashkenaz, Musaf, Leader's Repetition for Musaf 167",2689
"The Koren Yom Kippur Mahzor; Ashkenaz, Musaf, Leader's Repetition for Musaf 168",2690
"The Koren Yom Kippur Mahzor; Ashkenaz, Musaf, Leader's Repetition for Musaf 169",2691
"The Koren Yom Kippur Mahzor; Ashkenaz, Musaf, Leader's Repetition for Musaf 170",2692
"The Koren Yom Kippur Mahzor; Ashkenaz, Musaf, Leader's Repetition for Musaf 171",2693
"The Koren Yom Kippur Mahzor; Ashkenaz, Musaf, Leader's Repetition for Musaf 172",2694
"The Koren Yom Kippur Mahzor; Ashkenaz, Musaf, Leader's Repetition for Musaf 173",2695
"The Koren Yom Kippur Mahzor; Ashkenaz, Musaf, Leader's Repetition for Musaf 174",2696
"The Koren Yom Kippur Mahzor; Ashkenaz, Musaf, Leader's Repetition for Musaf 175",2697
"The Koren Yom Kippur Mahzor; Ashkenaz, Musaf, Leader's Repetition for Musaf 176",2698
"The Koren Yom Kippur Mahzor; Ashkenaz, Musaf, Leader's Repetition for Musaf 177",2699
"The Koren Yom Kippur Mahzor; Ashkenaz, Musaf, Leader's Repetition for Musaf 178",2700
"The Koren Yom Kippur Mahzor; Ashkenaz, Musaf, Leader's Repetition for Musaf 179",2701
"The Koren Yom Kippur Mahzor; Ashkenaz, Musaf, Leader's Repetition for Musaf 180",2702
"The Koren Yom Kippur Mahzor; Ashkenaz, Musaf, Leader's Repetition for Musaf 181",2703
"The Koren Yom Kippur Mahzor; Ashkenaz, Musaf, Leader's Repetition for Musaf 182",2704
"The Koren Yom Kippur Mahzor; Ashkenaz, Musaf, Leader's Repetition for Musaf 183",2705
"The Koren Yom Kippur Mahzor; Ashkenaz, Musaf, Leader's Repetition for Musaf 184",2706
"The Koren Yom Kippur Mahzor; Ashkenaz, Musaf, Leader's Repetition for Musaf 185",2707
"The Koren Yom Kippur Mahzor; Ashkenaz, Musaf, Leader's Repetition for Musaf 186",2708
"The Koren Yom Kippur Mahzor; Ashkenaz, Musaf, Leader's Repetition for Musaf 187",2709
"The Koren Yom Kippur Mahzor; Ashkenaz, Musaf, Leader's Repetition for Musaf 188",2710
"The Koren Yom Kippur Mahzor; Ashkenaz, Musaf, Leader's Repetition for Musaf 189",2711
"The Koren Yom Kippur Mahzor; Ashkenaz, Musaf, Leader's Repetition for Musaf 190",2712
"The Koren Yom Kippur Mahzor; Ashkenaz, Musaf, Leader's Repetition for Musaf 191",2713
"The Koren Yom Kippur Mahzor; Ashkenaz, Musaf, Leader's Repetition for Musaf 192",2714
"The Koren Yom Kippur Mahzor; Ashkenaz, Musaf, Leader's Repetition for Musaf 193",2715
"The Koren Yom Kippur Mahzor; Ashkenaz, Musaf, Leader's Repetition for Musaf 194",2716
"The Koren Yom Kippur Mahzor; Ashkenaz, Musaf, Leader's Repetition for Musaf 195",2717
"The Koren Yom Kippur Mahzor; Ashkenaz, Musaf, Leader's Repetition for Musaf 196",2718
"The Koren Yom Kippur Mahzor; Ashkenaz, Musaf, Leader's Repetition for Musaf 197",2719
"The Koren Yom Kippur Mahzor; Ashkenaz, Musaf, Leader's Repetition for Musaf 198",2720
"The Koren Yom Kippur Mahzor; Ashkenaz, Musaf, Leader's Repetition for Musaf 199",2721
"The Koren Yom Kippur Mahzor; Ashkenaz, Musaf, Leader's Repetition for Musaf 200",2722
"The Koren Yom Kippur Mahzor; Ashkenaz, Musaf, Leader's Repetition for Musaf 201",2723
"The Koren Yom Kippur Mahzor; Ashkenaz, Musaf, Leader's Repetition for Musaf 202",2724
"The Koren Yom Kippur Mahzor; Ashkenaz, Musaf, Leader's Repetition for Musaf 203",2725
"The Koren Yom Kippur Mahzor; Ashkenaz, Musaf, Leader's Repetition for Musaf 204",2726
"The Koren Yom Kippur Mahzor; Ashkenaz, Musaf, Leader's Repetition for Musaf 205",2727
"The Koren Yom Kippur Mahzor; Ashkenaz, Musaf, Leader's Repetition for Musaf 206",2728
"The Koren Yom Kippur Mahzor; Ashkenaz, Musaf, Leader's Repetition for Musaf 207",2729
"The Koren Yom Kippur Mahzor; Ashkenaz, Musaf, Leader's Repetition for Musaf 208",2730
"The Koren Yom Kippur Mahzor; Ashkenaz, Musaf, Leader's Repetition for Musaf 209",2731
"The Koren Yom Kippur Mahzor; Ashkenaz, Musaf, Leader's Repetition for Musaf 210",2732
"The Koren Yom Kippur Mahzor; Ashkenaz, Musaf, Leader's Repetition for Musaf 211",2733
"The Koren Yom Kippur Mahzor; Ashkenaz, Musaf, Leader's Repetition for Musaf 212",2734
"The Koren Yom Kippur Mahzor; Ashkenaz, Musaf, Leader's Repetition for Musaf 213",2735
"The Koren Yom Kippur Mahzor; Ashkenaz, Musaf, Leader's Repetition for Musaf 214",2736
"The Koren Yom Kippur Mahzor; Ashkenaz, Musaf, Leader's Repetition for Musaf 215",2737
"The Koren Yom Kippur Mahzor; Ashkenaz, Musaf, Leader's Repetition for Musaf 216",2738
"The Koren Yom Kippur Mahzor; Ashkenaz, Musaf, Leader's Repetition for Musaf 217",2739
"The Koren Yom Kippur Mahzor; Ashkenaz, Musaf, Leader's Repetition for Musaf 218",2740
"The Koren Yom Kippur Mahzor; Ashkenaz, Musaf, Leader's Repetition for Musaf 219",2741
"The Koren Yom Kippur Mahzor; Ashkenaz, Musaf, Leader's Repetition for Musaf 220",2742
"The Koren Yom Kippur Mahzor; Ashkenaz, Musaf, Leader's Repetition for Musaf 221",2743
"The Koren Yom Kippur Mahzor; Ashkenaz, Musaf, Leader's Repetition for Musaf 222",2744
"The Koren Yom Kippur Mahzor; Ashkenaz, Musaf, Leader's Repetition for Musaf 223",2745
"The Koren Yom Kippur Mahzor; Ashkenaz, Musaf, Leader's Repetition for Musaf 224",2746
"The Koren Yom Kippur Mahzor; Ashkenaz, Musaf, Leader's Repetition for Musaf 225",2747
"The Koren Yom Kippur Mahzor; Ashkenaz, Musaf, Leader's Repetition for Musaf 226",2748
"The Koren Yom Kippur Mahzor; Ashkenaz, Musaf, Leader's Repetition for Musaf 227",2749
"The Koren Yom Kippur Mahzor; Ashkenaz, Musaf, Leader's Repetition for Musaf 228",2750
"The Koren Yom Kippur Mahzor; Ashkenaz, Musaf, Leader's Repetition for Musaf 229",2751
"The Koren Yom Kippur Mahzor; Ashkenaz, Musaf, Leader's Repetition for Musaf 230",2752
"The Koren Yom Kippur Mahzor; Ashkenaz, Musaf, Leader's Repetition for Musaf 231",2753
"The Koren Yom Kippur Mahzor; Ashkenaz, Musaf, Leader's Repetition for Musaf 232",2754
"The Koren Yom Kippur Mahzor; Ashkenaz, Musaf, Leader's Repetition for Musaf 233",2755
"The Koren Yom Kippur Mahzor; Ashkenaz, Musaf, Leader's Repetition for Musaf 234",2756
"The Koren Yom Kippur Mahzor; Ashkenaz, Musaf, Leader's Repetition for Musaf 235",2757
"The Koren Yom Kippur Mahzor; Ashkenaz, Musaf, Leader's Repetition for Musaf 236",2758
"The Koren Yom Kippur Mahzor; Ashkenaz, Musaf, Leader's Repetition for Musaf 237",2759
"The Koren Yom Kippur Mahzor; Ashkenaz, Musaf, Leader's Repetition for Musaf 238",2760
"The Koren Yom Kippur Mahzor; Ashkenaz, Musaf, Leader's Repetition for Musaf 239",2761
"The Koren Yom Kippur Mahzor; Ashkenaz, Musaf, Leader's Repetition for Musaf 240",2762
"The Koren Yom Kippur Mahzor; Ashkenaz, Musaf, Leader's Repetition for Musaf 241",2763
"The Koren Yom Kippur Mahzor; Ashkenaz, Musaf, Leader's Repetition for Musaf 242",2764
"The Koren Yom Kippur Mahzor; Ashkenaz, Musaf, Leader's Repetition for Musaf 243",2765
"The Koren Yom Kippur Mahzor; Ashkenaz, Musaf, Leader's Repetition for Musaf 244",2766
"The Koren Yom Kippur Mahzor; Ashkenaz, Musaf, Leader's Repetition for Musaf 245",2767
"The Koren Yom Kippur Mahzor; Ashkenaz, Musaf, Leader's Repetition for Musaf 246",2768
"The Koren Yom Kippur Mahzor; Ashkenaz, Musaf, Leader's Repetition for Musaf 247",2769
"The Koren Yom Kippur Mahzor; Ashkenaz, Musaf, Leader's Repetition for Musaf 248",2770
"The Koren Yom Kippur Mahzor; Ashkenaz, Musaf, Leader's Repetition for Musaf 249",2771
"The Koren Yom Kippur Mahzor; Ashkenaz, Musaf, Leader's Repetition for Musaf 250",2772
"The Koren Yom Kippur Mahzor; Ashkenaz, Musaf, Leader's Repetition for Musaf 251",2773
"The Koren Yom Kippur Mahzor; Ashkenaz, Musaf, Leader's Repetition for Musaf 252",2774
"The Koren Yom Kippur Mahzor; Ashkenaz, Musaf, Leader's Repetition for Musaf 253",2775
"The Koren Yom Kippur Mahzor; Ashkenaz, Musaf, Leader's Repetition for Musaf 254",2776
"The Koren Yom Kippur Mahzor; Ashkenaz, Musaf, Leader's Repetition for Musaf 255",2777
"The Koren Yom Kippur Mahzor; Ashkenaz, Musaf, Leader's Repetition for Musaf 256",2778
"The Koren Yom Kippur Mahzor; Ashkenaz, Musaf, Leader's Repetition for Musaf 257",2779
"The Koren Yom Kippur Mahzor; Ashkenaz, Musaf, Leader's Repetition for Musaf 258",2780
"The Koren Yom Kippur Mahzor; Ashkenaz, Musaf, Leader's Repetition for Musaf 259",2781
"The Koren Yom Kippur Mahzor; Ashkenaz, Musaf, Leader's Repetition for Musaf 260",2782
"The Koren Yom Kippur Mahzor; Ashkenaz, Musaf, Leader's Repetition for Musaf 261",2783
"The Koren Yom Kippur Mahzor; Ashkenaz, Musaf, Leader's Repetition for Musaf 262",2784
"The Koren Yom Kippur Mahzor; Ashkenaz, Musaf, Leader's Repetition for Musaf 263",2785
"The Koren Yom Kippur Mahzor; Ashkenaz, Musaf, Leader's Repetition for Musaf 264",2786
"The Koren Yom Kippur Mahzor; Ashkenaz, Musaf, Leader's Repetition for Musaf 265",2787
"The Koren Yom Kippur Mahzor; Ashkenaz, Musaf, Leader's Repetition for Musaf 266",2788
"The Koren Yom Kippur Mahzor; Ashkenaz, Musaf, Leader's Repetition for Musaf 267",2789
"The Koren Yom Kippur Mahzor; Ashkenaz, Musaf, Leader's Repetition for Musaf 268",2790
"The Koren Yom Kippur Mahzor; Ashkenaz, Musaf, Leader's Repetition for Musaf 269",2791
"The Koren Yom Kippur Mahzor; Ashkenaz, Musaf, Leader's Repetition for Musaf 270",2792
"The Koren Yom Kippur Mahzor; Ashkenaz, Musaf, Leader's Repetition for Musaf 271",2793
"The Koren Yom Kippur Mahzor; Ashkenaz, Musaf, Leader's Repetition for Musaf 272",2794
"The Koren Yom Kippur Mahzor; Ashkenaz, Musaf, Leader's Repetition for Musaf 273",2795
"The Koren Yom Kippur Mahzor; Ashkenaz, Musaf, Leader's Repetition for Musaf 274",2796
"The Koren Yom Kippur Mahzor; Ashkenaz, Musaf, Leader's Repetition for Musaf 275",2797
"The Koren Yom Kippur Mahzor; Ashkenaz, Musaf, Leader's Repetition for Musaf 276",2798
"The Koren Yom Kippur Mahzor; Ashkenaz, Musaf, Leader's Repetition for Musaf 277",2799
"The Koren Yom Kippur Mahzor; Ashkenaz, Musaf, Leader's Repetition for Musaf 278",2800
"The Koren Yom Kippur Mahzor; Ashkenaz, Musaf, Leader's Repetition for Musaf 279",2801
"The Koren Yom Kippur Mahzor; Ashkenaz, Musaf, Leader's Repetition for Musaf 280",2802
"The Koren Yom Kippur Mahzor; Ashkenaz, Musaf, Leader's Repetition for Musaf 281",2803
"The Koren Yom Kippur Mahzor; Ashkenaz, Musaf, Leader's Repetition for Musaf 282",2804
"The Koren Yom Kippur Mahzor; Ashkenaz, Musaf, Leader's Repetition for Musaf 283",2805
"The Koren Yom Kippur Mahzor; Ashkenaz, Musaf, Leader's Repetition for Musaf 284",2806
"The Koren Yom Kippur Mahzor; Ashkenaz, Musaf, Leader's Repetition for Musaf 285",2807
"The Koren Yom Kippur Mahzor; Ashkenaz, Musaf, Leader's Repetition for Musaf 286",2808
"The Koren Yom Kippur Mahzor; Ashkenaz, Musaf, Leader's Repetition for Musaf 287",2809
"The Koren Yom Kippur Mahzor; Ashkenaz, Musaf, Leader's Repetition for Musaf 288",2810
"The Koren Yom Kippur Mahzor; Ashkenaz, Musaf, Leader's Repetition for Musaf 289",2811
"The Koren Yom Kippur Mahzor; Ashkenaz, Musaf, Leader's Repetition for Musaf 290",2812
"The Koren Yom Kippur Mahzor; Ashkenaz, Musaf, Leader's Repetition for Musaf 291",2813
"The Koren Yom Kippur Mahzor; Ashkenaz, Musaf, Leader's Repetition for Musaf 292",2814
"The Koren Yom Kippur Mahzor; Ashkenaz, Musaf, Leader's Repetition for Musaf 293",2815
"The Koren Yom Kippur Mahzor; Ashkenaz, Musaf, Leader's Repetition for Musaf 294",2816
"The Koren Yom Kippur Mahzor; Ashkenaz, Musaf, Leader's Repetition for Musaf 295",2817
"The Koren Yom Kippur Mahzor; Ashkenaz, Musaf, Leader's Repetition for Musaf 296",2818
"The Koren Yom Kippur Mahzor; Ashkenaz, Musaf, Leader's Repetition for Musaf 297",2819
"The Koren Yom Kippur Mahzor; Ashkenaz, Musaf, Leader's Repetition for Musaf 298",2820
"The Koren Yom Kippur Mahzor; Ashkenaz, Musaf, Leader's Repetition for Musaf 299",2821
"The Koren Yom Kippur Mahzor; Ashkenaz, Musaf, Leader's Repetition for Musaf 300",2822
"The Koren Yom Kippur Mahzor; Ashkenaz, Musaf, Leader's Repetition for Musaf 301",2823
"The Koren Yom Kippur Mahzor; Ashkenaz, Musaf, Seder HaAvoda 1",2825
"The Koren Yom Kippur Mahzor; Ashkenaz, Musaf, Seder HaAvoda 2",2826
"The Koren Yom Kippur Mahzor; Ashkenaz, Musaf, Seder HaAvoda 3",2827
"The Koren Yom Kippur Mahzor; Ashkenaz, Musaf, Seder HaAvoda 4",2828
"The Koren Yom Kippur Mahzor; Ashkenaz, Musaf, Seder HaAvoda 5",2829
"The Koren Yom Kippur Mahzor; Ashkenaz, Musaf, Seder HaAvoda 6",2830
"The Koren Yom Kippur Mahzor; Ashkenaz, Musaf, Seder HaAvoda 7",2831
"The Koren Yom Kippur Mahzor; Ashkenaz, Musaf, Seder HaAvoda 8",2832
"The Koren Yom Kippur Mahzor; Ashkenaz, Musaf, Seder HaAvoda 9",2833
"The Koren Yom Kippur Mahzor; Ashkenaz, Musaf, Seder HaAvoda 10",2834
"The Koren Yom Kippur Mahzor; Ashkenaz, Musaf, Seder HaAvoda 11",2835
"The Koren Yom Kippur Mahzor; Ashkenaz, Musaf, Seder HaAvoda 12",2836
"The Koren Yom Kippur Mahzor; Ashkenaz, Musaf, Seder HaAvoda 13",2837
"The Koren Yom Kippur Mahzor; Ashkenaz, Musaf, Seder HaAvoda 14",2838
"The Koren Yom Kippur Mahzor; Ashkenaz, Musaf, Seder HaAvoda 15",2839
"The Koren Yom Kippur Mahzor; Ashkenaz, Musaf, Seder HaAvoda 16",2840
"The Koren Yom Kippur Mahzor; Ashkenaz, Musaf, Seder HaAvoda 17",2841
"The Koren Yom Kippur Mahzor; Ashkenaz, Musaf, Seder HaAvoda 18",2842
"The Koren Yom Kippur Mahzor; Ashkenaz, Musaf, Seder HaAvoda 19",2843
"The Koren Yom Kippur Mahzor; Ashkenaz, Musaf, Seder HaAvoda 20",2844
"The Koren Yom Kippur Mahzor; Ashkenaz, Musaf, Seder HaAvoda 21",2845
"The Koren Yom Kippur Mahzor; Ashkenaz, Musaf, Seder HaAvoda 22",2846
"The Koren Yom Kippur Mahzor; Ashkenaz, Musaf, Seder HaAvoda 23",2847
"The Koren Yom Kippur Mahzor; Ashkenaz, Musaf, Seder HaAvoda 24",2848
"The Koren Yom Kippur Mahzor; Ashkenaz, Musaf, Seder HaAvoda 25",2849
"The Koren Yom Kippur Mahzor; Ashkenaz, Musaf, Seder HaAvoda 26",2850
"The Koren Yom Kippur Mahzor; Ashkenaz, Musaf, Seder HaAvoda 27",2851
"The Koren Yom Kippur Mahzor; Ashkenaz, Musaf, Seder HaAvoda 28",2852
"The Koren Yom Kippur Mahzor; Ashkenaz, Musaf, Seder HaAvoda 29",2853
"The Koren Yom Kippur Mahzor; Ashkenaz, Musaf, Seder HaAvoda 30",2854
"The Koren Yom Kippur Mahzor; Ashkenaz, Musaf, Seder HaAvoda 31",2855
"The Koren Yom Kippur Mahzor; Ashkenaz, Musaf, Seder HaAvoda 32",2856
"The Koren Yom Kippur Mahzor; Ashkenaz, Musaf, Seder HaAvoda 33",2857
"The Koren Yom Kippur Mahzor; Ashkenaz, Musaf, Seder HaAvoda 34",2858
"The Koren Yom Kippur Mahzor; Ashkenaz, Musaf, Seder HaAvoda 35",2859
"The Koren Yom Kippur Mahzor; Ashkenaz, Musaf, Seder HaAvoda 36",2860
"The Koren Yom Kippur Mahzor; Ashkenaz, Musaf, Seder HaAvoda 37",2861
"The Koren Yom Kippur Mahzor; Ashkenaz, Musaf, Seder HaAvoda 38",2862
"The Koren Yom Kippur Mahzor; Ashkenaz, Musaf, Seder HaAvoda 39",2863
"The Koren Yom Kippur Mahzor; Ashkenaz, Musaf, Seder HaAvoda 40",2864
"The Koren Yom Kippur Mahzor; Ashkenaz, Musaf, Seder HaAvoda 41",2865
"The Koren Yom Kippur Mahzor; Ashkenaz, Musaf, Seder HaAvoda 42",2866
"The Koren Yom Kippur Mahzor; Ashkenaz, Musaf, Seder HaAvoda 43",2867
"The Koren Yom Kippur Mahzor; Ashkenaz, Musaf, Seder HaAvoda 44",2868
"The Koren Yom Kippur Mahzor; Ashkenaz, Musaf, Seder HaAvoda 45",2869
"The Koren Yom Kippur Mahzor; Ashkenaz, Musaf, Seder HaAvoda 46",2870
"The Koren Yom Kippur Mahzor; Ashkenaz, Musaf, Seder HaAvoda 47",2871
"The Koren Yom Kippur Mahzor; Ashkenaz, Musaf, Seder HaAvoda 48",2872
"The Koren Yom Kippur Mahzor; Ashkenaz, Musaf, Seder HaAvoda 49",2873
"The Koren Yom Kippur Mahzor; Ashkenaz, Musaf, Seder HaAvoda 50",2874
"The Koren Yom Kippur Mahzor; Ashkenaz, Musaf, Seder HaAvoda 51",2875
"The Koren Yom Kippur Mahzor; Ashkenaz, Musaf, Seder HaAvoda 52",2876
"The Koren Yom Kippur Mahzor; Ashkenaz, Musaf, Seder HaAvoda 53",2877
"The Koren Yom Kippur Mahzor; Ashkenaz, Musaf, Seder HaAvoda 54",2878
"The Koren Yom Kippur Mahzor; Ashkenaz, Musaf, Seder HaAvoda 55",2879
"The Koren Yom Kippur Mahzor; Ashkenaz, Musaf, Seder HaAvoda 56",2880
"The Koren Yom Kippur Mahzor; Ashkenaz, Musaf, Seder HaAvoda 57",2881
"The Koren Yom Kippur Mahzor; Ashkenaz, Musaf, Seder HaAvoda 58",2882
"The Koren Yom Kippur Mahzor; Ashkenaz, Musaf, Seder HaAvoda 59",2883
"The Koren Yom Kippur Mahzor; Ashkenaz, Musaf, Seder HaAvoda 60",2884
"The Koren Yom Kippur Mahzor; Ashkenaz, Musaf, Seder HaAvoda 61",2885
"The Koren Yom Kippur Mahzor; Ashkenaz, Musaf, Seder HaAvoda 62",2886
"The Koren Yom Kippur Mahzor; Ashkenaz, Musaf, Seder HaAvoda 63",2887
"The Koren Yom Kippur Mahzor; Ashkenaz, Musaf, Seder HaAvoda 64",2888
"The Koren Yom Kippur Mahzor; Ashkenaz, Musaf, Seder HaAvoda 65",2889
"The Koren Yom Kippur Mahzor; Ashkenaz, Musaf, Seder HaAvoda 66",2890
"The Koren Yom Kippur Mahzor; Ashkenaz, Musaf, Seder HaAvoda 67",2891
"The Koren Yom Kippur Mahzor; Ashkenaz, Musaf, Seder HaAvoda 68",2892
"The Koren Yom Kippur Mahzor; Ashkenaz, Musaf, Seder HaAvoda 69",2893
"The Koren Yom Kippur Mahzor; Ashkenaz, Musaf, Seder HaAvoda 70",2894
"The Koren Yom Kippur Mahzor; Ashkenaz, Musaf, Seder HaAvoda 71",2895
"The Koren Yom Kippur Mahzor; Ashkenaz, Musaf, Seder HaAvoda 72",2896
"The Koren Yom Kippur Mahzor; Ashkenaz, Musaf, Seder HaAvoda 73",2897
"The Koren Yom Kippur Mahzor; Ashkenaz, Musaf, Seder HaAvoda 74",2898
"The Koren Yom Kippur Mahzor; Ashkenaz, Musaf, Seder HaAvoda 75",2899
"The Koren Yom Kippur Mahzor; Ashkenaz, Musaf, Seder HaAvoda 76",2900
"The Koren Yom Kippur Mahzor; Ashkenaz, Musaf, Seder HaAvoda 77",2901
"The Koren Yom Kippur Mahzor; Ashkenaz, Musaf, Seder HaAvoda 78",2902
"The Koren Yom Kippur Mahzor; Ashkenaz, Musaf, Seder HaAvoda 79",2903
"The Koren Yom Kippur Mahzor; Ashkenaz, Musaf, Seder HaAvoda 80",2904
"The Koren Yom Kippur Mahzor; Ashkenaz, Musaf, Seder HaAvoda 81",2905
"The Koren Yom Kippur Mahzor; Ashkenaz, Musaf, Seder HaAvoda 82",2906
"The Koren Yom Kippur Mahzor; Ashkenaz, Musaf, Seder HaAvoda 83",2907
"The Koren Yom Kippur Mahzor; Ashkenaz, Musaf, Seder HaAvoda 84",2908
"The Koren Yom Kippur Mahzor; Ashkenaz, Musaf, Seder HaAvoda 85",2909
"The Koren Yom Kippur Mahzor; Ashkenaz, Musaf, Seder HaAvoda 86",2910
"The Koren Yom Kippur Mahzor; Ashkenaz, Musaf, Seder HaAvoda 87",2911
"The Koren Yom Kippur Mahzor; Ashkenaz, Musaf, Seder HaAvoda 88",2912
"The Koren Yom Kippur Mahzor; Ashkenaz, Musaf, Seder HaAvoda 89",2913
"The Koren Yom Kippur Mahzor; Ashkenaz, Musaf, Seder HaAvoda 90",2914
"The Koren Yom Kippur Mahzor; Ashkenaz, Musaf, Seder HaAvoda 91",2915
"The Koren Yom Kippur Mahzor; Ashkenaz, Musaf, Seder HaAvoda 92",2916
"The Koren Yom Kippur Mahzor; Ashkenaz, Musaf, Seder HaAvoda 93",2917
"The Koren Yom Kippur Mahzor; Ashkenaz, Musaf, Seder HaAvoda 94",2918
"The Koren Yom Kippur Mahzor; Ashkenaz, Musaf, Seder HaAvoda 95",2919
"The Koren Yom Kippur Mahzor; Ashkenaz, Musaf, Seder HaAvoda 96",2920
"The Koren Yom Kippur Mahzor; Ashkenaz, Musaf, Eleh Ezkera 1",2922
"The Koren Yom Kippur Mahzor; Ashkenaz, Musaf, Eleh Ezkera 2",2923
"The Koren Yom Kippur Mahzor; Ashkenaz, Musaf, Eleh Ezkera 3",2924
"The Koren Yom Kippur Mahzor; Ashkenaz, Musaf, Eleh Ezkera 4",2925
"The Koren Yom Kippur Mahzor; Ashkenaz, Musaf, Eleh Ezkera 5",2926
"The Koren Yom Kippur Mahzor; Ashkenaz, Musaf, Eleh Ezkera 6",2927
"The Koren Yom Kippur Mahzor; Ashkenaz, Musaf, Eleh Ezkera 7",2928
"The Koren Yom Kippur Mahzor; Ashkenaz, Musaf, Eleh Ezkera 8",2929
"The Koren Yom Kippur Mahzor; Ashkenaz, Musaf, Eleh Ezkera 9",2930
"The Koren Yom Kippur Mahzor; Ashkenaz, Musaf, Eleh Ezkera 10",2931
"The Koren Yom Kippur Mahzor; Ashkenaz, Musaf, Eleh Ezkera 11",2932
"The Koren Yom Kippur Mahzor; Ashkenaz, Musaf, Eleh Ezkera 12",2933
"The Koren Yom Kippur Mahzor; Ashkenaz, Musaf, Eleh Ezkera 13",2934
"The Koren Yom Kippur Mahzor; Ashkenaz, Musaf, Eleh Ezkera 14",2935
"The Koren Yom Kippur Mahzor; Ashkenaz, Musaf, Eleh Ezkera 15",2936
"The Koren Yom Kippur Mahzor; Ashkenaz, Musaf, Eleh Ezkera 16",2937
"The Koren Yom Kippur Mahzor; Ashkenaz, Musaf, Eleh Ezkera 17",2938
"The Koren Yom Kippur Mahzor; Ashkenaz, Musaf, Eleh Ezkera 18",2939
"The Koren Yom Kippur Mahzor; Ashkenaz, Musaf, Eleh Ezkera 19",2940
"The Koren Yom Kippur Mahzor; Ashkenaz, Musaf, Eleh Ezkera 20",2941
"The Koren Yom Kippur Mahzor; Ashkenaz, Musaf, Eleh Ezkera 21",2942
"The Koren Yom Kippur Mahzor; Ashkenaz, Musaf, Eleh Ezkera 22",2943
"The Koren Yom Kippur Mahzor; Ashkenaz, Musaf, Eleh Ezkera 23",2944
"The Koren Yom Kippur Mahzor; Ashkenaz, Musaf, Eleh Ezkera 24",2945
"The Koren Yom Kippur Mahzor; Ashkenaz, Musaf, Eleh Ezkera 25",2946
"The Koren Yom Kippur Mahzor; Ashkenaz, Musaf, Eleh Ezkera 26",2947
"The Koren Yom Kippur Mahzor; Ashkenaz, Musaf, Eleh Ezkera 27",2948
"The Koren Yom Kippur Mahzor; Ashkenaz, Musaf, Eleh Ezkera 28",2949
"The Koren Yom Kippur Mahzor; Ashkenaz, Musaf, Eleh Ezkera 29",2950
"The Koren Yom Kippur Mahzor; Ashkenaz, Musaf, Eleh Ezkera 30",2951
"The Koren Yom Kippur Mahzor; Ashkenaz, Musaf, Eleh Ezkera 31",2952
"The Koren Yom Kippur Mahzor; Ashkenaz, Musaf, Eleh Ezkera 32",2953
"The Koren Yom Kippur Mahzor; Ashkenaz, Musaf, Eleh Ezkera 33",2954
"The Koren Yom Kippur Mahzor; Ashkenaz, Musaf, Eleh Ezkera 34",2955
"The Koren Yom Kippur Mahzor; Ashkenaz, Musaf, Eleh Ezkera 35",2956
"The Koren Yom Kippur Mahzor; Ashkenaz, Musaf, Eleh Ezkera 36",2957
"The Koren Yom Kippur Mahzor; Ashkenaz, Musaf, Eleh Ezkera 37",2958
"The Koren Yom Kippur Mahzor; Ashkenaz, Musaf, Eleh Ezkera 38",2959
"The Koren Yom Kippur Mahzor; Ashkenaz, Musaf, Eleh Ezkera 39",2960
"The Koren Yom Kippur Mahzor; Ashkenaz, Musaf, Eleh Ezkera 40",2961
"The Koren Yom Kippur Mahzor; Ashkenaz, Musaf, Eleh Ezkera 41",2962
"The Koren Yom Kippur Mahzor; Ashkenaz, Musaf, Eleh Ezkera 42",2963
"The Koren Yom Kippur Mahzor; Ashkenaz, Musaf, Eleh Ezkera 43",2964
"The Koren Yom Kippur Mahzor; Ashkenaz, Musaf, Eleh Ezkera 44",2965
"The Koren Yom Kippur Mahzor; Ashkenaz, Musaf, Eleh Ezkera 45",2966
"The Koren Yom Kippur Mahzor; Ashkenaz, Musaf, Eleh Ezkera 46",2967
"The Koren Yom Kippur Mahzor; Ashkenaz, Musaf, Eleh Ezkera 47",2968
"The Koren Yom Kippur Mahzor; Ashkenaz, Musaf, Eleh Ezkera 48",2969
"The Koren Yom Kippur Mahzor; Ashkenaz, Musaf, Eleh Ezkera 49",2970
"The Koren Yom Kippur Mahzor; Ashkenaz, Musaf, Eleh Ezkera 50",2971
"The Koren Yom Kippur Mahzor; Ashkenaz, Musaf, Eleh Ezkera 51",2972
"The Koren Yom Kippur Mahzor; Ashkenaz, Musaf, Eleh Ezkera 52",2973
"The Koren Yom Kippur Mahzor; Ashkenaz, Musaf, Eleh Ezkera 53",2974
"The Koren Yom Kippur Mahzor; Ashkenaz, Musaf, Eleh Ezkera 54",2975
"The Koren Yom Kippur Mahzor; Ashkenaz, Musaf, Eleh Ezkera 55",2976
"The Koren Yom Kippur Mahzor; Ashkenaz, Musaf, Eleh Ezkera 56",2977
"The Koren Yom Kippur Mahzor; Ashkenaz, Musaf, Eleh Ezkera 57",2978
"The Koren Yom Kippur Mahzor; Ashkenaz, Musaf, Eleh Ezkera 58",2979
"The Koren Yom Kippur Mahzor; Ashkenaz, Musaf, Eleh Ezkera 59",2980
"The Koren Yom Kippur Mahzor; Ashkenaz, Musaf, Eleh Ezkera 60",2981
"The Koren Yom Kippur Mahzor; Ashkenaz, Musaf, Eleh Ezkera 61",2982
"The Koren Yom Kippur Mahzor; Ashkenaz, Musaf, Eleh Ezkera 62",2983
"The Koren Yom Kippur Mahzor; Ashkenaz, Musaf, Eleh Ezkera 63",2984
"The Koren Yom Kippur Mahzor; Ashkenaz, Musaf, Eleh Ezkera 64",2985
"The Koren Yom Kippur Mahzor; Ashkenaz, Musaf, Eleh Ezkera 65",2986
"The Koren Yom Kippur Mahzor; Ashkenaz, Musaf, Eleh Ezkera 66",2987
"The Koren Yom Kippur Mahzor; Ashkenaz, Musaf, Eleh Ezkera 67",2988
"The Koren Yom Kippur Mahzor; Ashkenaz, Musaf, Eleh Ezkera 68",2989
"The Koren Yom Kippur Mahzor; Ashkenaz, Musaf, Eleh Ezkera 69",2990
"The Koren Yom Kippur Mahzor; Ashkenaz, Musaf, Eleh Ezkera 70",2991
"The Koren Yom Kippur Mahzor; Ashkenaz, Musaf, Eleh Ezkera 71",2992
"The Koren Yom Kippur Mahzor; Ashkenaz, Musaf, Eleh Ezkera 72",2993
"The Koren Yom Kippur Mahzor; Ashkenaz, Musaf, Viduy 1",2995
"The Koren Yom Kippur Mahzor; Ashkenaz, Musaf, Viduy 2",2996
"The Koren Yom Kippur Mahzor; Ashkenaz, Musaf, Viduy 3",2997
"The Koren Yom Kippur Mahzor; Ashkenaz, Musaf, Viduy 4",2998
"The Koren Yom Kippur Mahzor; Ashkenaz, Musaf, Viduy 5",2999
"The Koren Yom Kippur Mahzor; Ashkenaz, Musaf, Viduy 6",3000
"The Koren Yom Kippur Mahzor; Ashkenaz, Musaf, Viduy 7",3001
"The Koren Yom Kippur Mahzor; Ashkenaz, Musaf, Viduy 8",3002
"The Koren Yom Kippur Mahzor; Ashkenaz, Musaf, Viduy 9",3003
"The Koren Yom Kippur Mahzor; Ashkenaz, Musaf, Viduy 10",3004
"The Koren Yom Kippur Mahzor; Ashkenaz, Musaf, Viduy 11",3005
"The Koren Yom Kippur Mahzor; Ashkenaz, Musaf, Viduy 12",3006
"The Koren Yom Kippur Mahzor; Ashkenaz, Musaf, Viduy 13",3007
"The Koren Yom Kippur Mahzor; Ashkenaz, Musaf, Viduy 14",3008
"The Koren Yom Kippur Mahzor; Ashkenaz, Musaf, Viduy 15",3009
"The Koren Yom Kippur Mahzor; Ashkenaz, Musaf, Viduy 16",3010
"The Koren Yom Kippur Mahzor; Ashkenaz, Musaf, Viduy 17",3011
"The Koren Yom Kippur Mahzor; Ashkenaz, Musaf, Viduy 18",3012
"The Koren Yom Kippur Mahzor; Ashkenaz, Musaf, Viduy 19",3013
"The Koren Yom Kippur Mahzor; Ashkenaz, Musaf, Viduy 20",3014
"The Koren Yom Kippur Mahzor; Ashkenaz, Musaf, Viduy 21",3015
"The Koren Yom Kippur Mahzor; Ashkenaz, Musaf, Viduy 22",3016
"The Koren Yom Kippur Mahzor; Ashkenaz, Musaf, Viduy 23",3017
"The Koren Yom Kippur Mahzor; Ashkenaz, Musaf, Viduy 24",3018
"The Koren Yom Kippur Mahzor; Ashkenaz, Musaf, Viduy 25",3019
"The Koren Yom Kippur Mahzor; Ashkenaz, Musaf, Viduy 26",3020
"The Koren Yom Kippur Mahzor; Ashkenaz, Musaf, Viduy 27",3021
"The Koren Yom Kippur Mahzor; Ashkenaz, Musaf, Viduy 28",3022
"The Koren Yom Kippur Mahzor; Ashkenaz, Musaf, Viduy 29",3023
"The Koren Yom Kippur Mahzor; Ashkenaz, Musaf, Viduy 30",3024
"The Koren Yom Kippur Mahzor; Ashkenaz, Musaf, Viduy 31",3025
"The Koren Yom Kippur Mahzor; Ashkenaz, Musaf, Viduy 32",3026
"The Koren Yom Kippur Mahzor; Ashkenaz, Musaf, Viduy 33",3027
"The Koren Yom Kippur Mahzor; Ashkenaz, Musaf, Viduy 34",3028
"The Koren Yom Kippur Mahzor; Ashkenaz, Musaf, Viduy 35",3029
"The Koren Yom Kippur Mahzor; Ashkenaz, Musaf, Viduy 36",3030
"The Koren Yom Kippur Mahzor; Ashkenaz, Musaf, Viduy 37",3031
"The Koren Yom Kippur Mahzor; Ashkenaz, Musaf, Viduy 38",3032
"The Koren Yom Kippur Mahzor; Ashkenaz, Musaf, Viduy 39",3033
"The Koren Yom Kippur Mahzor; Ashkenaz, Musaf, Viduy 40",3034
"The Koren Yom Kippur Mahzor; Ashkenaz, Musaf, Viduy 41",3035
"The Koren Yom Kippur Mahzor; Ashkenaz, Musaf, Viduy 42",3036
"The Koren Yom Kippur Mahzor; Ashkenaz, Musaf, Viduy 43",3037
"The Koren Yom Kippur Mahzor; Ashkenaz, Musaf, Viduy 44",3038
"The Koren Yom Kippur Mahzor; Ashkenaz, Musaf, Viduy 45",3039
"The Koren Yom Kippur Mahzor; Ashkenaz, Musaf, Viduy 46",3040
"The Koren Yom Kippur Mahzor; Ashkenaz, Musaf, Viduy 47",3041
"The Koren Yom Kippur Mahzor; Ashkenaz, Musaf, Viduy 48",3042
"The Koren Yom Kippur Mahzor; Ashkenaz, Musaf, Viduy 49",3043
"The Koren Yom Kippur Mahzor; Ashkenaz, Musaf, Viduy 50",3044
"The Koren Yom Kippur Mahzor; Ashkenaz, Musaf, Viduy 51",3045
"The Koren Yom Kippur Mahzor; Ashkenaz, Musaf, Viduy 52",3046
"The Koren Yom Kippur Mahzor; Ashkenaz, Musaf, Viduy 53",3047
"The Koren Yom Kippur Mahzor; Ashkenaz, Musaf, Viduy 54",3048
"The Koren Yom Kippur Mahzor; Ashkenaz, Musaf, Viduy 55",3049
"The Koren Yom Kippur Mahzor; Ashkenaz, Musaf, Viduy 56",3050
"The Koren Yom Kippur Mahzor; Ashkenaz, Musaf, Viduy 57",3051
"The Koren Yom Kippur Mahzor; Ashkenaz, Musaf, Viduy 58",3052
"The Koren Yom Kippur Mahzor; Ashkenaz, Musaf, Viduy 59",3053
"The Koren Yom Kippur Mahzor; Ashkenaz, Musaf, Viduy 60",3054
"The Koren Yom Kippur Mahzor; Ashkenaz, Musaf, Viduy 61",3055
"The Koren Yom Kippur Mahzor; Ashkenaz, Musaf, Viduy 62",3056
"The Koren Yom Kippur Mahzor; Ashkenaz, Musaf, Viduy 63",3057
"The Koren Yom Kippur Mahzor; Ashkenaz, Musaf, Viduy 64",3058
"The Koren Yom Kippur Mahzor; Ashkenaz, Musaf, Viduy 65",3059
"The Koren Yom Kippur Mahzor; Ashkenaz, Musaf, Viduy 66",3060
"The Koren Yom Kippur Mahzor; Ashkenaz, Musaf, Viduy 67",3061
"The Koren Yom Kippur Mahzor; Ashkenaz, Musaf, Viduy 68",3062
"The Koren Yom Kippur Mahzor; Ashkenaz, Musaf, Viduy 69",3063
"The Koren Yom Kippur Mahzor; Ashkenaz, Musaf, Viduy 70",3064
"The Koren Yom Kippur Mahzor; Ashkenaz, Musaf, Viduy 71",3065
"The Koren Yom Kippur Mahzor; Ashkenaz, Musaf, Viduy 72",3066
"The Koren Yom Kippur Mahzor; Ashkenaz, Musaf, Viduy 73",3067
"The Koren Yom Kippur Mahzor; Ashkenaz, Musaf, Viduy 74",3068
"The Koren Yom Kippur Mahzor; Ashkenaz, Musaf, Viduy 75",3069
"The Koren Yom Kippur Mahzor; Ashkenaz, Musaf, Viduy 76",3070
"The Koren Yom Kippur Mahzor; Ashkenaz, Musaf, Viduy 77",3071
"The Koren Yom Kippur Mahzor; Ashkenaz, Musaf, Viduy 78",3072
"The Koren Yom Kippur Mahzor; Ashkenaz, Musaf, Viduy 79",3073
"The Koren Yom Kippur Mahzor; Ashkenaz, Musaf, Viduy 80",3074
"The Koren Yom Kippur Mahzor; Ashkenaz, Musaf, Viduy 81",3075
"The Koren Yom Kippur Mahzor; Ashkenaz, Musaf, Viduy 82",3076
"The Koren Yom Kippur Mahzor; Ashkenaz, Musaf, Viduy 83",3077
"The Koren Yom Kippur Mahzor; Ashkenaz, Musaf, Viduy 84",3078
"The Koren Yom Kippur Mahzor; Ashkenaz, Musaf, Viduy 85",3079
"The Koren Yom Kippur Mahzor; Ashkenaz, Musaf, Viduy 86",3080
"The Koren Yom Kippur Mahzor; Ashkenaz, Musaf, Viduy 87",3081
"The Koren Yom Kippur Mahzor; Ashkenaz, Musaf, Viduy 88",3082
"The Koren Yom Kippur Mahzor; Ashkenaz, Musaf, Viduy 89",3083
"The Koren Yom Kippur Mahzor; Ashkenaz, Musaf, Viduy 90",3084
"The Koren Yom Kippur Mahzor; Ashkenaz, Musaf, Birkat Kohanim 1",3086
"The Koren Yom Kippur Mahzor; Ashkenaz, Musaf, Birkat Kohanim 2",3087
"The Koren Yom Kippur Mahzor; Ashkenaz, Musaf, Birkat Kohanim 3",3088
"The Koren Yom Kippur Mahzor; Ashkenaz, Musaf, Birkat Kohanim 4",3089
"The Koren Yom Kippur Mahzor; Ashkenaz, Musaf, Birkat Kohanim 5",3090
"The Koren Yom Kippur Mahzor; Ashkenaz, Musaf, Birkat Kohanim 6",3091
"The Koren Yom Kippur Mahzor; Ashkenaz, Musaf, Birkat Kohanim 7",3092
"The Koren Yom Kippur Mahzor; Ashkenaz, Musaf, Birkat Kohanim 8",3093
"The Koren Yom Kippur Mahzor; Ashkenaz, Musaf, Birkat Kohanim 9",3094
"The Koren Yom Kippur Mahzor; Ashkenaz, Musaf, Birkat Kohanim 10",3095
"The Koren Yom Kippur Mahzor; Ashkenaz, Musaf, Birkat Kohanim 11",3096
"The Koren Yom Kippur Mahzor; Ashkenaz, Musaf, Birkat Kohanim 12",3097
"The Koren Yom Kippur Mahzor; Ashkenaz, Musaf, Birkat Kohanim 13",3098
"The Koren Yom Kippur Mahzor; Ashkenaz, Musaf, Birkat Kohanim 14",3099
"The Koren Yom Kippur Mahzor; Ashkenaz, Musaf, Birkat Kohanim 15",3100
"The Koren Yom Kippur Mahzor; Ashkenaz, Musaf, Birkat Kohanim 16",3101
"The Koren Yom Kippur Mahzor; Ashkenaz, Musaf, Birkat Kohanim 17",3102
"The Koren Yom Kippur Mahzor; Ashkenaz, Musaf, Birkat Kohanim 18",3103
"The Koren Yom Kippur Mahzor; Ashkenaz, Musaf, Birkat Kohanim 19",3104
"The Koren Yom Kippur Mahzor; Ashkenaz, Musaf, Birkat Kohanim 20",3105
"The Koren Yom Kippur Mahzor; Ashkenaz, Musaf, Birkat Kohanim 21",3106
"The Koren Yom Kippur Mahzor; Ashkenaz, Musaf, Birkat Kohanim 22",3107
"The Koren Yom Kippur Mahzor; Ashkenaz, Musaf, Birkat Kohanim 23",3108
"The Koren Yom Kippur Mahzor; Ashkenaz, Musaf, Birkat Kohanim 24",3109
"The Koren Yom Kippur Mahzor; Ashkenaz, Musaf, Birkat Kohanim 25",3110
"The Koren Yom Kippur Mahzor; Ashkenaz, Musaf, Birkat Kohanim 26",3111
"The Koren Yom Kippur Mahzor; Ashkenaz, Musaf, Birkat Kohanim 27",3112
"The Koren Yom Kippur Mahzor; Ashkenaz, Musaf, Birkat Kohanim 28",3113
"The Koren Yom Kippur Mahzor; Ashkenaz, Musaf, Birkat Kohanim 29",3114
"The Koren Yom Kippur Mahzor; Ashkenaz, Musaf, Birkat Kohanim 30",3115
"The Koren Yom Kippur Mahzor; Ashkenaz, Musaf, Birkat Kohanim 31",3116
"The Koren Yom Kippur Mahzor; Ashkenaz, Musaf, Birkat Kohanim 32",3117
"The Koren Yom Kippur Mahzor; Ashkenaz, Musaf, Birkat Kohanim 33",3118
"The Koren Yom Kippur Mahzor; Ashkenaz, Musaf, Birkat Kohanim 34",3119
"The Koren Yom Kippur Mahzor; Ashkenaz, Musaf, Birkat Kohanim 35",3120
"The Koren Yom Kippur Mahzor; Ashkenaz, Musaf, Birkat Kohanim 36",3121
"The Koren Yom Kippur Mahzor; Ashkenaz, Musaf, Birkat Kohanim 37",3122
"The Koren Yom Kippur Mahzor; Ashkenaz, Musaf, Birkat Kohanim 38",3123
"The Koren Yom Kippur Mahzor; Ashkenaz, Musaf, Birkat Kohanim 39",3124
"The Koren Yom Kippur Mahzor; Ashkenaz, Musaf, Birkat Kohanim 40",3125
"The Koren Yom Kippur Mahzor; Ashkenaz, Musaf, Birkat Kohanim 41",3126
"The Koren Yom Kippur Mahzor; Ashkenaz, Musaf, Birkat Kohanim 42",3127
"The Koren Yom Kippur Mahzor; Ashkenaz, Musaf, Birkat Kohanim 43",3128
"The Koren Yom Kippur Mahzor; Ashkenaz, Musaf, Birkat Kohanim 44",3129
"The Koren Yom Kippur Mahzor; Ashkenaz, Musaf, Birkat Kohanim 45",3130
"The Koren Yom Kippur Mahzor; Ashkenaz, Musaf, Birkat Kohanim 46",3131
"The Koren Yom Kippur Mahzor; Ashkenaz, Musaf, Birkat Kohanim 47",3132
"The Koren Yom Kippur Mahzor; Ashkenaz, Musaf, Birkat Kohanim 48",3133
"The Koren Yom Kippur Mahzor; Ashkenaz, Musaf, Birkat Kohanim 49",3134
"The Koren Yom Kippur Mahzor; Ashkenaz, Musaf, Birkat Kohanim 50",3135
"The Koren Yom Kippur Mahzor; Ashkenaz, Musaf, Birkat Kohanim 51",3136
"The Koren Yom Kippur Mahzor; Ashkenaz, Musaf, Birkat Kohanim 52",3137
"The Koren Yom Kippur Mahzor; Ashkenaz, Musaf, Birkat Kohanim 53",3138
"The Koren Yom Kippur Mahzor; Ashkenaz, Musaf, Birkat Kohanim 54",3139
"The Koren Yom Kippur Mahzor; Ashkenaz, Musaf, Birkat Kohanim 55",3140
"The Koren Yom Kippur Mahzor; Ashkenaz, Musaf, Birkat Kohanim 56",3141
"The Koren Yom Kippur Mahzor; Ashkenaz, Musaf, Birkat Kohanim 57",3142
"The Koren Yom Kippur Mahzor; Ashkenaz, Musaf, Birkat Kohanim 58",3143
"The Koren Yom Kippur Mahzor; Ashkenaz, Musaf, Birkat Kohanim 59",3144
"The Koren Yom Kippur Mahzor; Ashkenaz, Musaf, Birkat Kohanim 60",3145
"The Koren Yom Kippur Mahzor; Ashkenaz, Musaf, Birkat Kohanim 61",3146
"The Koren Yom Kippur Mahzor; Ashkenaz, Musaf, Birkat Kohanim 62",3147
"The Koren Yom Kippur Mahzor; Ashkenaz, Musaf, Birkat Kohanim 63",3148
"The Koren Yom Kippur Mahzor; Ashkenaz, Musaf, Birkat Kohanim 64",3149
"The Koren Yom Kippur Mahzor; Ashkenaz, Musaf, Birkat Kohanim 65",3150
"The Koren Yom Kippur Mahzor; Ashkenaz, Musaf, Birkat Kohanim 66",3151
"The Koren Yom Kippur Mahzor; Ashkenaz, Musaf, Birkat Kohanim 67",3152
"The Koren Yom Kippur Mahzor; Ashkenaz, Musaf, Birkat Kohanim 68",3153
"The Koren Yom Kippur Mahzor; Ashkenaz, Musaf, Birkat Kohanim 69",3154
"The Koren Yom Kippur Mahzor; Ashkenaz, Musaf, Birkat Kohanim 70",3155
"The Koren Yom Kippur Mahzor; Ashkenaz, Musaf, Birkat Kohanim 71",3156
"The Koren Yom Kippur Mahzor; Ashkenaz, Musaf, Birkat Kohanim 72",3157
"The Koren Yom Kippur Mahzor; Ashkenaz, Musaf, Birkat Kohanim 73",3158
"The Koren Yom Kippur Mahzor; Ashkenaz, Musaf, Birkat Kohanim 74",3159
"The Koren Yom Kippur Mahzor; Ashkenaz, Musaf, Birkat Kohanim 75",3160
"The Koren Yom Kippur Mahzor; Ashkenaz, Musaf, Birkat Kohanim 76",3161
"The Koren Yom Kippur Mahzor; Ashkenaz, Musaf, Birkat Kohanim 77",3162
"The Koren Yom Kippur Mahzor; Ashkenaz, Musaf, Birkat Kohanim 78",3163
"The Koren Yom Kippur Mahzor; Ashkenaz, Musaf, Birkat Kohanim 79",3164
"The Koren Yom Kippur Mahzor; Ashkenaz, Musaf, Birkat Kohanim 80",3165
"The Koren Yom Kippur Mahzor; Ashkenaz, Musaf, Birkat Kohanim 81",3166
"The Koren Yom Kippur Mahzor; Ashkenaz, Musaf, Birkat Kohanim 82",3167
"The Koren Yom Kippur Mahzor; Ashkenaz, Musaf, Birkat Kohanim 83",3168
"The Koren Yom Kippur Mahzor; Ashkenaz, Musaf, Birkat Kohanim 84",3169
"The Koren Yom Kippur Mahzor; Ashkenaz, Musaf, Birkat Kohanim 85",3170
"The Koren Yom Kippur Mahzor; Ashkenaz, Musaf, Birkat Kohanim 86",3171
"The Koren Yom Kippur Mahzor; Ashkenaz, Musaf, Birkat Kohanim 87",3172
"The Koren Yom Kippur Mahzor; Ashkenaz, Musaf, Birkat Kohanim 88",3173
"The Koren Yom Kippur Mahzor; Ashkenaz, Musaf, Birkat Kohanim 89",3174
"The Koren Yom Kippur Mahzor; Ashkenaz, Musaf, Birkat Kohanim 90",3175
"The Koren Yom Kippur Mahzor; Ashkenaz, Musaf, Birkat Kohanim 91",3176
"The Koren Yom Kippur Mahzor; Ashkenaz, Musaf, Birkat Kohanim 92",3177
"The Koren Yom Kippur Mahzor; Ashkenaz, Musaf, Birkat Kohanim 93",3178
"The Koren Yom Kippur Mahzor; Ashkenaz, Musaf, Birkat Kohanim 94",3179
"The Koren Yom Kippur Mahzor; Ashkenaz, Musaf, Birkat Kohanim 95",3180
"The Koren Yom Kippur Mahzor; Ashkenaz, Musaf, Birkat Kohanim 96",3181
"The Koren Yom Kippur Mahzor; Ashkenaz, Musaf, Birkat Kohanim 97",3182
"The Koren Yom Kippur Mahzor; Ashkenaz, Musaf, Birkat Kohanim 98",3183
"The Koren Yom Kippur Mahzor; Ashkenaz, Musaf, Birkat Kohanim 99",3184
"The Koren Yom Kippur Mahzor; Ashkenaz, Musaf, Birkat Kohanim 100",3185
"The Koren Yom Kippur Mahzor; Ashkenaz, Musaf, Birkat Kohanim 101",3186
"The Koren Yom Kippur Mahzor; Ashkenaz, Mincha, Reading of the Torah 1",3189
"The Koren Yom Kippur Mahzor; Ashkenaz, Mincha, Reading of the Torah 2",3190
"The Koren Yom Kippur Mahzor; Ashkenaz, Mincha, Reading of the Torah 3",3191
"The Koren Yom Kippur Mahzor; Ashkenaz, Mincha, Reading of the Torah 4",3192
"The Koren Yom Kippur Mahzor; Ashkenaz, Mincha, Reading of the Torah 5",3193
"The Koren Yom Kippur Mahzor; Ashkenaz, Mincha, Reading of the Torah 6",3194
"The Koren Yom Kippur Mahzor; Ashkenaz, Mincha, Reading of the Torah 7",3195
"The Koren Yom Kippur Mahzor; Ashkenaz, Mincha, Reading of the Torah 8",3196
"The Koren Yom Kippur Mahzor; Ashkenaz, Mincha, Reading of the Torah 9",3197
"The Koren Yom Kippur Mahzor; Ashkenaz, Mincha, Reading of the Torah 10",3198
"The Koren Yom Kippur Mahzor; Ashkenaz, Mincha, Reading of the Torah 11",3199
"The Koren Yom Kippur Mahzor; Ashkenaz, Mincha, Reading of the Torah 12",3200
"The Koren Yom Kippur Mahzor; Ashkenaz, Mincha, Reading of the Torah 13",3201
"The Koren Yom Kippur Mahzor; Ashkenaz, Mincha, Reading of the Torah 14",3202
"The Koren Yom Kippur Mahzor; Ashkenaz, Mincha, Reading of the Torah 15",3203
"The Koren Yom Kippur Mahzor; Ashkenaz, Mincha, Reading of the Torah 16",3204
"The Koren Yom Kippur Mahzor; Ashkenaz, Mincha, Reading of the Torah 17",3205
"The Koren Yom Kippur Mahzor; Ashkenaz, Mincha, Reading of the Torah 18",3206
"The Koren Yom Kippur Mahzor; Ashkenaz, Mincha, Reading of the Torah 19",3207
"The Koren Yom Kippur Mahzor; Ashkenaz, Mincha, Reading of the Torah 20",3208
"The Koren Yom Kippur Mahzor; Ashkenaz, Mincha, Reading of the Torah 21",3209
"The Koren Yom Kippur Mahzor; Ashkenaz, Mincha, Reading of the Torah 22",3210
"The Koren Yom Kippur Mahzor; Ashkenaz, Mincha, Reading of the Torah 23",3211
"The Koren Yom Kippur Mahzor; Ashkenaz, Mincha, Reading of the Torah 24",3212
"The Koren Yom Kippur Mahzor; Ashkenaz, Mincha, Reading of the Torah 25",3213
"The Koren Yom Kippur Mahzor; Ashkenaz, Mincha, Reading of the Torah 26",3214
"The Koren Yom Kippur Mahzor; Ashkenaz, Mincha, Reading of the Torah 27",3215
"The Koren Yom Kippur Mahzor; Ashkenaz, Mincha, Reading of the Torah 28",3216
"The Koren Yom Kippur Mahzor; Ashkenaz, Mincha, Reading of the Torah 29",3217
"The Koren Yom Kippur Mahzor; Ashkenaz, Mincha, Haftara; The Book of Jonah 1",3219
"The Koren Yom Kippur Mahzor; Ashkenaz, Mincha, Haftara; The Book of Jonah 2",3220
"The Koren Yom Kippur Mahzor; Ashkenaz, Mincha, Haftara; The Book of Jonah 3",3221
"The Koren Yom Kippur Mahzor; Ashkenaz, Mincha, Haftara; The Book of Jonah 4",3222
"The Koren Yom Kippur Mahzor; Ashkenaz, Mincha, Haftara; The Book of Jonah 5",3223
"The Koren Yom Kippur Mahzor; Ashkenaz, Mincha, Haftara; The Book of Jonah 6",3224
"The Koren Yom Kippur Mahzor; Ashkenaz, Mincha, Haftara; The Book of Jonah 7",3225
"The Koren Yom Kippur Mahzor; Ashkenaz, Mincha, Haftara; The Book of Jonah 8",3226
"The Koren Yom Kippur Mahzor; Ashkenaz, Mincha, Haftara; The Book of Jonah 9",3227
"The Koren Yom Kippur Mahzor; Ashkenaz, Mincha, Haftara; The Book of Jonah 10",3228
"The Koren Yom Kippur Mahzor; Ashkenaz, Mincha, Haftara; The Book of Jonah 11",3229
"The Koren Yom Kippur Mahzor; Ashkenaz, Mincha, Haftara; The Book of Jonah 12",3230
"The Koren Yom Kippur Mahzor; Ashkenaz, Mincha, Haftara; The Book of Jonah 13",3231
"The Koren Yom Kippur Mahzor; Ashkenaz, Mincha, Haftara; The Book of Jonah 14",3232
"The Koren Yom Kippur Mahzor; Ashkenaz, Mincha, Haftara; The Book of Jonah 15",3233
"The Koren Yom Kippur Mahzor; Ashkenaz, Mincha, Haftara; The Book of Jonah 16",3234
"The Koren Yom Kippur Mahzor; Ashkenaz, Mincha, Haftara; The Book of Jonah 17",3235
"The Koren Yom Kippur Mahzor; Ashkenaz, Mincha, Haftara; The Book of Jonah 18",3236
"The Koren Yom Kippur Mahzor; Ashkenaz, Mincha, Haftara; The Book of Jonah 19",3237
"The Koren Yom Kippur Mahzor; Ashkenaz, Mincha, Haftara; The Book of Jonah 20",3238
"The Koren Yom Kippur Mahzor; Ashkenaz, Mincha, Haftara; The Book of Jonah 21",3239
"The Koren Yom Kippur Mahzor; Ashkenaz, Mincha, Haftara; The Book of Jonah 22",3240
"The Koren Yom Kippur Mahzor; Ashkenaz, Mincha, Haftara; The Book of Jonah 23",3241
"The Koren Yom Kippur Mahzor; Ashkenaz, Mincha, Haftara; The Book of Jonah 24",3242
"The Koren Yom Kippur Mahzor; Ashkenaz, Mincha, Haftara; The Book of Jonah 25",3243
"The Koren Yom Kippur Mahzor; Ashkenaz, Mincha, The Amida 1",3245
"The Koren Yom Kippur Mahzor; Ashkenaz, Mincha, The Amida 2",3246
"The Koren Yom Kippur Mahzor; Ashkenaz, Mincha, The Amida 3",3247
"The Koren Yom Kippur Mahzor; Ashkenaz, Mincha, The Amida 4",3248
"The Koren Yom Kippur Mahzor; Ashkenaz, Mincha, The Amida 5",3249
"The Koren Yom Kippur Mahzor; Ashkenaz, Mincha, The Amida 6",3250
"The Koren Yom Kippur Mahzor; Ashkenaz, Mincha, The Amida 7",3251
"The Koren Yom Kippur Mahzor; Ashkenaz, Mincha, The Amida 8",3252
"The Koren Yom Kippur Mahzor; Ashkenaz, Mincha, The Amida 9",3253
"The Koren Yom Kippur Mahzor; Ashkenaz, Mincha, The Amida 10",3254
"The Koren Yom Kippur Mahzor; Ashkenaz, Mincha, The Amida 11",3255
"The Koren Yom Kippur Mahzor; Ashkenaz, Mincha, The Amida 12",3256
"The Koren Yom Kippur Mahzor; Ashkenaz, Mincha, The Amida 13",3257
"The Koren Yom Kippur Mahzor; Ashkenaz, Mincha, The Amida 14",3258
"The Koren Yom Kippur Mahzor; Ashkenaz, Mincha, The Amida 15",3259
"The Koren Yom Kippur Mahzor; Ashkenaz, Mincha, The Amida 16",3260
"The Koren Yom Kippur Mahzor; Ashkenaz, Mincha, The Amida 17",3261
"The Koren Yom Kippur Mahzor; Ashkenaz, Mincha, The Amida 18",3262
"The Koren Yom Kippur Mahzor; Ashkenaz, Mincha, The Amida 19",3263
"The Koren Yom Kippur Mahzor; Ashkenaz, Mincha, The Amida 20",3264
"The Koren Yom Kippur Mahzor; Ashkenaz, Mincha, The Amida 21",3265
"The Koren Yom Kippur Mahzor; Ashkenaz, Mincha, The Amida 22",3266
"The Koren Yom Kippur Mahzor; Ashkenaz, Mincha, The Amida 23",3267
"The Koren Yom Kippur Mahzor; Ashkenaz, Mincha, The Amida 24",3268
"The Koren Yom Kippur Mahzor; Ashkenaz, Mincha, The Amida 25",3269
"The Koren Yom Kippur Mahzor; Ashkenaz, Mincha, The Amida 26",3270
"The Koren Yom Kippur Mahzor; Ashkenaz, Mincha, The Amida 27",3271
"The Koren Yom Kippur Mahzor; Ashkenaz, Mincha, The Amida 28",3272
"The Koren Yom Kippur Mahzor; Ashkenaz, Mincha, The Amida 29",3273
"The Koren Yom Kippur Mahzor; Ashkenaz, Mincha, The Amida 30",3274
"The Koren Yom Kippur Mahzor; Ashkenaz, Mincha, The Amida 31",3275
"The Koren Yom Kippur Mahzor; Ashkenaz, Mincha, The Amida 32",3276
"The Koren Yom Kippur Mahzor; Ashkenaz, Mincha, The Amida 33",3277
"The Koren Yom Kippur Mahzor; Ashkenaz, Mincha, The Amida 34",3278
"The Koren Yom Kippur Mahzor; Ashkenaz, Mincha, The Amida 35",3279
"The Koren Yom Kippur Mahzor; Ashkenaz, Mincha, The Amida 36",3280
"The Koren Yom Kippur Mahzor; Ashkenaz, Mincha, The Amida 37",3281
"The Koren Yom Kippur Mahzor; Ashkenaz, Mincha, The Amida 38",3282
"The Koren Yom Kippur Mahzor; Ashkenaz, Mincha, The Amida 39",3283
"The Koren Yom Kippur Mahzor; Ashkenaz, Mincha, The Amida 40",3284
"The Koren Yom Kippur Mahzor; Ashkenaz, Mincha, The Amida 41",3285
"The Koren Yom Kippur Mahzor; Ashkenaz, Mincha, The Amida 42",3286
"The Koren Yom Kippur Mahzor; Ashkenaz, Mincha, The Amida 43",3287
"The Koren Yom Kippur Mahzor; Ashkenaz, Mincha, The Amida 44",3288
"The Koren Yom Kippur Mahzor; Ashkenaz, Mincha, The Amida 45",3289
"The Koren Yom Kippur Mahzor; Ashkenaz, Mincha, The Amida 46",3290
"The Koren Yom Kippur Mahzor; Ashkenaz, Mincha, The Amida 47",3291
"The Koren Yom Kippur Mahzor; Ashkenaz, Mincha, The Amida 48",3292
"The Koren Yom Kippur Mahzor; Ashkenaz, Mincha, The Amida 49",3293
"The Koren Yom Kippur Mahzor; Ashkenaz, Mincha, The Amida 50",3294
"The Koren Yom Kippur Mahzor; Ashkenaz, Mincha, The Amida 51",3295
"The Koren Yom Kippur Mahzor; Ashkenaz, Mincha, The Amida 52",3296
"The Koren Yom Kippur Mahzor; Ashkenaz, Mincha, The Amida 53",3297
"The Koren Yom Kippur Mahzor; Ashkenaz, Mincha, The Amida 54",3298
"The Koren Yom Kippur Mahzor; Ashkenaz, Mincha, The Amida 55",3299
"The Koren Yom Kippur Mahzor; Ashkenaz, Mincha, The Amida 56",3300
"The Koren Yom Kippur Mahzor; Ashkenaz, Mincha, The Amida 57",3301
"The Koren Yom Kippur Mahzor; Ashkenaz, Mincha, The Amida 58",3302
"The Koren Yom Kippur Mahzor; Ashkenaz, Mincha, The Amida 59",3303
"The Koren Yom Kippur Mahzor; Ashkenaz, Mincha, The Amida 60",3304
"The Koren Yom Kippur Mahzor; Ashkenaz, Mincha, The Amida 61",3305
"The Koren Yom Kippur Mahzor; Ashkenaz, Mincha, The Amida 62",3306
"The Koren Yom Kippur Mahzor; Ashkenaz, Mincha, The Amida 63",3307
"The Koren Yom Kippur Mahzor; Ashkenaz, Mincha, The Amida 64",3308
"The Koren Yom Kippur Mahzor; Ashkenaz, Mincha, The Amida 65",3309
"The Koren Yom Kippur Mahzor; Ashkenaz, Mincha, The Amida 66",3310
"The Koren Yom Kippur Mahzor; Ashkenaz, Mincha, The Amida 67",3311
"The Koren Yom Kippur Mahzor; Ashkenaz, Mincha, The Amida 68",3312
"The Koren Yom Kippur Mahzor; Ashkenaz, Mincha, The Amida 69",3313
"The Koren Yom Kippur Mahzor; Ashkenaz, Mincha, The Amida 70",3314
"The Koren Yom Kippur Mahzor; Ashkenaz, Mincha, The Amida 71",3315
"The Koren Yom Kippur Mahzor; Ashkenaz, Mincha, The Amida 72",3316
"The Koren Yom Kippur Mahzor; Ashkenaz, Mincha, The Amida 73",3317
"The Koren Yom Kippur Mahzor; Ashkenaz, Mincha, The Amida 74",3318
"The Koren Yom Kippur Mahzor; Ashkenaz, Mincha, The Amida 75",3319
"The Koren Yom Kippur Mahzor; Ashkenaz, Mincha, The Amida 76",3320
"The Koren Yom Kippur Mahzor; Ashkenaz, Mincha, The Amida 77",3321
"The Koren Yom Kippur Mahzor; Ashkenaz, Mincha, The Amida 78",3322
"The Koren Yom Kippur Mahzor; Ashkenaz, Mincha, The Amida 79",3323
"The Koren Yom Kippur Mahzor; Ashkenaz, Mincha, The Amida 80",3324
"The Koren Yom Kippur Mahzor; Ashkenaz, Mincha, The Amida 81",3325
"The Koren Yom Kippur Mahzor; Ashkenaz, Mincha, The Amida 82",3326
"The Koren Yom Kippur Mahzor; Ashkenaz, Mincha, The Amida 83",3327
"The Koren Yom Kippur Mahzor; Ashkenaz, Mincha, The Amida 84",3328
"The Koren Yom Kippur Mahzor; Ashkenaz, Mincha, The Amida 85",3329
"The Koren Yom Kippur Mahzor; Ashkenaz, Mincha, The Amida 86",3330
"The Koren Yom Kippur Mahzor; Ashkenaz, Mincha, The Amida 87",3331
"The Koren Yom Kippur Mahzor; Ashkenaz, Mincha, The Amida 88",3332
"The Koren Yom Kippur Mahzor; Ashkenaz, Mincha, The Amida 89",3333
"The Koren Yom Kippur Mahzor; Ashkenaz, Mincha, The Amida 90",3334
"The Koren Yom Kippur Mahzor; Ashkenaz, Mincha, The Amida 91",3335
"The Koren Yom Kippur Mahzor; Ashkenaz, Mincha, The Amida 92",3336
"The Koren Yom Kippur Mahzor; Ashkenaz, Mincha, Leader's Repetition for Mincha 1",3338
"The Koren Yom Kippur Mahzor; Ashkenaz, Mincha, Leader's Repetition for Mincha 2",3339
"The Koren Yom Kippur Mahzor; Ashkenaz, Mincha, Leader's Repetition for Mincha 3",3340
"The Koren Yom Kippur Mahzor; Ashkenaz, Mincha, Leader's Repetition for Mincha 4",3341
"The Koren Yom Kippur Mahzor; Ashkenaz, Mincha, Leader's Repetition for Mincha 5",3342
"The Koren Yom Kippur Mahzor; Ashkenaz, Mincha, Leader's Repetition for Mincha 6",3343
"The Koren Yom Kippur Mahzor; Ashkenaz, Mincha, Leader's Repetition for Mincha 7",3344
"The Koren Yom Kippur Mahzor; Ashkenaz, Mincha, Leader's Repetition for Mincha 8",3345
"The Koren Yom Kippur Mahzor; Ashkenaz, Mincha, Leader's Repetition for Mincha 9",3346
"The Koren Yom Kippur Mahzor; Ashkenaz, Mincha, Leader's Repetition for Mincha 10",3347
"The Koren Yom Kippur Mahzor; Ashkenaz, Mincha, Leader's Repetition for Mincha 11",3348
"The Koren Yom Kippur Mahzor; Ashkenaz, Mincha, Leader's Repetition for Mincha 12",3349
"The Koren Yom Kippur Mahzor; Ashkenaz, Mincha, Leader's Repetition for Mincha 13",3350
"The Koren Yom Kippur Mahzor; Ashkenaz, Mincha, Leader's Repetition for Mincha 14",3351
"The Koren Yom Kippur Mahzor; Ashkenaz, Mincha, Leader's Repetition for Mincha 15",3352
"The Koren Yom Kippur Mahzor; Ashkenaz, Mincha, Leader's Repetition for Mincha 16",3353
"The Koren Yom Kippur Mahzor; Ashkenaz, Mincha, Leader's Repetition for Mincha 17",3354
"The Koren Yom Kippur Mahzor; Ashkenaz, Mincha, Leader's Repetition for Mincha 18",3355
"The Koren Yom Kippur Mahzor; Ashkenaz, Mincha, Leader's Repetition for Mincha 19",3356
"The Koren Yom Kippur Mahzor; Ashkenaz, Mincha, Leader's Repetition for Mincha 20",3357
"The Koren Yom Kippur Mahzor; Ashkenaz, Mincha, Leader's Repetition for Mincha 21",3358
"The Koren Yom Kippur Mahzor; Ashkenaz, Mincha, Leader's Repetition for Mincha 22",3359
"The Koren Yom Kippur Mahzor; Ashkenaz, Mincha, Leader's Repetition for Mincha 23",3360
"The Koren Yom Kippur Mahzor; Ashkenaz, Mincha, Leader's Repetition for Mincha 24",3361
"The Koren Yom Kippur Mahzor; Ashkenaz, Mincha, Leader's Repetition for Mincha 25",3362
"The Koren Yom Kippur Mahzor; Ashkenaz, Mincha, Leader's Repetition for Mincha 26",3363
"The Koren Yom Kippur Mahzor; Ashkenaz, Mincha, Leader's Repetition for Mincha 27",3364
"The Koren Yom Kippur Mahzor; Ashkenaz, Mincha, Leader's Repetition for Mincha 28",3365
"The Koren Yom Kippur Mahzor; Ashkenaz, Mincha, Leader's Repetition for Mincha 29",3366
"The Koren Yom Kippur Mahzor; Ashkenaz, Mincha, Leader's Repetition for Mincha 30",3367
"The Koren Yom Kippur Mahzor; Ashkenaz, Mincha, Leader's Repetition for Mincha 31",3368
"The Koren Yom Kippur Mahzor; Ashkenaz, Mincha, Leader's Repetition for Mincha 32",3369
"The Koren Yom Kippur Mahzor; Ashkenaz, Mincha, Leader's Repetition for Mincha 33",3370
"The Koren Yom Kippur Mahzor; Ashkenaz, Mincha, Leader's Repetition for Mincha 34",3371
"The Koren Yom Kippur Mahzor; Ashkenaz, Mincha, Leader's Repetition for Mincha 35",3372
"The Koren Yom Kippur Mahzor; Ashkenaz, Mincha, Leader's Repetition for Mincha 36",3373
"The Koren Yom Kippur Mahzor; Ashkenaz, Mincha, Leader's Repetition for Mincha 37",3374
"The Koren Yom Kippur Mahzor; Ashkenaz, Mincha, Leader's Repetition for Mincha 38",3375
"The Koren Yom Kippur Mahzor; Ashkenaz, Mincha, Leader's Repetition for Mincha 39",3376
"The Koren Yom Kippur Mahzor; Ashkenaz, Mincha, Leader's Repetition for Mincha 40",3377
"The Koren Yom Kippur Mahzor; Ashkenaz, Mincha, Leader's Repetition for Mincha 41",3378
"The Koren Yom Kippur Mahzor; Ashkenaz, Mincha, Leader's Repetition for Mincha 42",3379
"The Koren Yom Kippur Mahzor; Ashkenaz, Mincha, Leader's Repetition for Mincha 43",3380
"The Koren Yom Kippur Mahzor; Ashkenaz, Mincha, Leader's Repetition for Mincha 44",3381
"The Koren Yom Kippur Mahzor; Ashkenaz, Mincha, Leader's Repetition for Mincha 45",3382
"The Koren Yom Kippur Mahzor; Ashkenaz, Mincha, Leader's Repetition for Mincha 46",3383
"The Koren Yom Kippur Mahzor; Ashkenaz, Mincha, Leader's Repetition for Mincha 47",3384
"The Koren Yom Kippur Mahzor; Ashkenaz, Mincha, Leader's Repetition for Mincha 48",3385
"The Koren Yom Kippur Mahzor; Ashkenaz, Mincha, Leader's Repetition for Mincha 49",3386
"The Koren Yom Kippur Mahzor; Ashkenaz, Mincha, Leader's Repetition for Mincha 50",3387
"The Koren Yom Kippur Mahzor; Ashkenaz, Mincha, Leader's Repetition for Mincha 51",3388
"The Koren Yom Kippur Mahzor; Ashkenaz, Mincha, Leader's Repetition for Mincha 52",3389
"The Koren Yom Kippur Mahzor; Ashkenaz, Mincha, Leader's Repetition for Mincha 53",3390
"The Koren Yom Kippur Mahzor; Ashkenaz, Mincha, Leader's Repetition for Mincha 54",3391
"The Koren Yom Kippur Mahzor; Ashkenaz, Mincha, Leader's Repetition for Mincha 55",3392
"The Koren Yom Kippur Mahzor; Ashkenaz, Mincha, Leader's Repetition for Mincha 56",3393
"The Koren Yom Kippur Mahzor; Ashkenaz, Mincha, Leader's Repetition for Mincha 57",3394
"The Koren Yom Kippur Mahzor; Ashkenaz, Mincha, Leader's Repetition for Mincha 58",3395
"The Koren Yom Kippur Mahzor; Ashkenaz, Mincha, Leader's Repetition for Mincha 59",3396
"The Koren Yom Kippur Mahzor; Ashkenaz, Mincha, Leader's Repetition for Mincha 60",3397
"The Koren Yom Kippur Mahzor; Ashkenaz, Mincha, Leader's Repetition for Mincha 61",3398
"The Koren Yom Kippur Mahzor; Ashkenaz, Mincha, Leader's Repetition for Mincha 62",3399
"The Koren Yom Kippur Mahzor; Ashkenaz, Mincha, Leader's Repetition for Mincha 63",3400
"The Koren Yom Kippur Mahzor; Ashkenaz, Mincha, Leader's Repetition for Mincha 64",3401
"The Koren Yom Kippur Mahzor; Ashkenaz, Mincha, Leader's Repetition for Mincha 65",3402
"The Koren Yom Kippur Mahzor; Ashkenaz, Mincha, Leader's Repetition for Mincha 66",3403
"The Koren Yom Kippur Mahzor; Ashkenaz, Mincha, Leader's Repetition for Mincha 67",3404
"The Koren Yom Kippur Mahzor; Ashkenaz, Mincha, Leader's Repetition for Mincha 68",3405
"The Koren Yom Kippur Mahzor; Ashkenaz, Mincha, Leader's Repetition for Mincha 69",3406
"The Koren Yom Kippur Mahzor; Ashkenaz, Mincha, Leader's Repetition for Mincha 70",3407
"The Koren Yom Kippur Mahzor; Ashkenaz, Mincha, Leader's Repetition for Mincha 71",3408
"The Koren Yom Kippur Mahzor; Ashkenaz, Mincha, Leader's Repetition for Mincha 72",3409
"The Koren Yom Kippur Mahzor; Ashkenaz, Mincha, Leader's Repetition for Mincha 73",3410
"The Koren Yom Kippur Mahzor; Ashkenaz, Mincha, Leader's Repetition for Mincha 74",3411
"The Koren Yom Kippur Mahzor; Ashkenaz, Mincha, Leader's Repetition for Mincha 75",3412
"The Koren Yom Kippur Mahzor; Ashkenaz, Mincha, Leader's Repetition for Mincha 76",3413
"The Koren Yom Kippur Mahzor; Ashkenaz, Mincha, Leader's Repetition for Mincha 77",3414
"The Koren Yom Kippur Mahzor; Ashkenaz, Mincha, Leader's Repetition for Mincha 78",3415
"The Koren Yom Kippur Mahzor; Ashkenaz, Mincha, Leader's Repetition for Mincha 79",3416
"The Koren Yom Kippur Mahzor; Ashkenaz, Mincha, Leader's Repetition for Mincha 80",3417
"The Koren Yom Kippur Mahzor; Ashkenaz, Mincha, Leader's Repetition for Mincha 81",3418
"The Koren Yom Kippur Mahzor; Ashkenaz, Mincha, Leader's Repetition for Mincha 82",3419
"The Koren Yom Kippur Mahzor; Ashkenaz, Mincha, Leader's Repetition for Mincha 83",3420
"The Koren Yom Kippur Mahzor; Ashkenaz, Mincha, Leader's Repetition for Mincha 84",3421
"The Koren Yom Kippur Mahzor; Ashkenaz, Mincha, Leader's Repetition for Mincha 85",3422
"The Koren Yom Kippur Mahzor; Ashkenaz, Mincha, Leader's Repetition for Mincha 86",3423
"The Koren Yom Kippur Mahzor; Ashkenaz, Mincha, Leader's Repetition for Mincha 87",3424
"The Koren Yom Kippur Mahzor; Ashkenaz, Mincha, Leader's Repetition for Mincha 88",3425
"The Koren Yom Kippur Mahzor; Ashkenaz, Mincha, Leader's Repetition for Mincha 89",3426
"The Koren Yom Kippur Mahzor; Ashkenaz, Mincha, Leader's Repetition for Mincha 90",3427
"The Koren Yom Kippur Mahzor; Ashkenaz, Mincha, Leader's Repetition for Mincha 91",3428
"The Koren Yom Kippur Mahzor; Ashkenaz, Mincha, Leader's Repetition for Mincha 92",3429
"The Koren Yom Kippur Mahzor; Ashkenaz, Mincha, Leader's Repetition for Mincha 93",3430
"The Koren Yom Kippur Mahzor; Ashkenaz, Mincha, Leader's Repetition for Mincha 94",3431
"The Koren Yom Kippur Mahzor; Ashkenaz, Mincha, Leader's Repetition for Mincha 95",3432
"The Koren Yom Kippur Mahzor; Ashkenaz, Mincha, Leader's Repetition for Mincha 96",3433
"The Koren Yom Kippur Mahzor; Ashkenaz, Mincha, Leader's Repetition for Mincha 97",3434
"The Koren Yom Kippur Mahzor; Ashkenaz, Mincha, Leader's Repetition for Mincha 98",3435
"The Koren Yom Kippur Mahzor; Ashkenaz, Mincha, Leader's Repetition for Mincha 99",3436
"The Koren Yom Kippur Mahzor; Ashkenaz, Mincha, Leader's Repetition for Mincha 100",3437
"The Koren Yom Kippur Mahzor; Ashkenaz, Mincha, Leader's Repetition for Mincha 101",3438
"The Koren Yom Kippur Mahzor; Ashkenaz, Mincha, Leader's Repetition for Mincha 102",3439
"The Koren Yom Kippur Mahzor; Ashkenaz, Mincha, Leader's Repetition for Mincha 103",3440
"The Koren Yom Kippur Mahzor; Ashkenaz, Mincha, Leader's Repetition for Mincha 104",3441
"The Koren Yom Kippur Mahzor; Ashkenaz, Mincha, Leader's Repetition for Mincha 105",3442
"The Koren Yom Kippur Mahzor; Ashkenaz, Mincha, Leader's Repetition for Mincha 106",3443
"The Koren Yom Kippur Mahzor; Ashkenaz, Mincha, Leader's Repetition for Mincha 107",3444
"The Koren Yom Kippur Mahzor; Ashkenaz, Mincha, Leader's Repetition for Mincha 108",3445
"The Koren Yom Kippur Mahzor; Ashkenaz, Mincha, Leader's Repetition for Mincha 109",3446
"The Koren Yom Kippur Mahzor; Ashkenaz, Mincha, Leader's Repetition for Mincha 110",3447
"The Koren Yom Kippur Mahzor; Ashkenaz, Mincha, Leader's Repetition for Mincha 111",3448
"The Koren Yom Kippur Mahzor; Ashkenaz, Mincha, Leader's Repetition for Mincha 112",3449
"The Koren Yom Kippur Mahzor; Ashkenaz, Mincha, Leader's Repetition for Mincha 113",3450
"The Koren Yom Kippur Mahzor; Ashkenaz, Mincha, Leader's Repetition for Mincha 114",3451
"The Koren Yom Kippur Mahzor; Ashkenaz, Mincha, Leader's Repetition for Mincha 115",3452
"The Koren Yom Kippur Mahzor; Ashkenaz, Mincha, Leader's Repetition for Mincha 116",3453
"The Koren Yom Kippur Mahzor; Ashkenaz, Mincha, Leader's Repetition for Mincha 117",3454
"The Koren Yom Kippur Mahzor; Ashkenaz, Mincha, Leader's Repetition for Mincha 118",3455
"The Koren Yom Kippur Mahzor; Ashkenaz, Mincha, Leader's Repetition for Mincha 119",3456
"The Koren Yom Kippur Mahzor; Ashkenaz, Mincha, Leader's Repetition for Mincha 120",3457
"The Koren Yom Kippur Mahzor; Ashkenaz, Mincha, Leader's Repetition for Mincha 121",3458
"The Koren Yom Kippur Mahzor; Ashkenaz, Mincha, Leader's Repetition for Mincha 122",3459
"The Koren Yom Kippur Mahzor; Ashkenaz, Mincha, Leader's Repetition for Mincha 123",3460
"The Koren Yom Kippur Mahzor; Ashkenaz, Mincha, Leader's Repetition for Mincha 124",3461
"The Koren Yom Kippur Mahzor; Ashkenaz, Mincha, Leader's Repetition for Mincha 125",3462
"The Koren Yom Kippur Mahzor; Ashkenaz, Mincha, Leader's Repetition for Mincha 126",3463
"The Koren Yom Kippur Mahzor; Ashkenaz, Mincha, Leader's Repetition for Mincha 127",3464
"The Koren Yom Kippur Mahzor; Ashkenaz, Mincha, Leader's Repetition for Mincha 128",3465
"The Koren Yom Kippur Mahzor; Ashkenaz, Mincha, Leader's Repetition for Mincha 129",3466
"The Koren Yom Kippur Mahzor; Ashkenaz, Mincha, Leader's Repetition for Mincha 130",3467
"The Koren Yom Kippur Mahzor; Ashkenaz, Mincha, Leader's Repetition for Mincha 131",3468
"The Koren Yom Kippur Mahzor; Ashkenaz, Mincha, Leader's Repetition for Mincha 132",3469
"The Koren Yom Kippur Mahzor; Ashkenaz, Mincha, Leader's Repetition for Mincha 133",3470
"The Koren Yom Kippur Mahzor; Ashkenaz, Mincha, Leader's Repetition for Mincha 134",3471
"The Koren Yom Kippur Mahzor; Ashkenaz, Mincha, Leader's Repetition for Mincha 135",3472
"The Koren Yom Kippur Mahzor; Ashkenaz, Mincha, Leader's Repetition for Mincha 136",3473
"The Koren Yom Kippur Mahzor; Ashkenaz, Mincha, Leader's Repetition for Mincha 137",3474
"The Koren Yom Kippur Mahzor; Ashkenaz, Mincha, Leader's Repetition for Mincha 138",3475
"The Koren Yom Kippur Mahzor; Ashkenaz, Mincha, Leader's Repetition for Mincha 139",3476
"The Koren Yom Kippur Mahzor; Ashkenaz, Mincha, Leader's Repetition for Mincha 140",3477
"The Koren Yom Kippur Mahzor; Ashkenaz, Mincha, Leader's Repetition for Mincha 141",3478
"The Koren Yom Kippur Mahzor; Ashkenaz, Mincha, Leader's Repetition for Mincha 142",3479
"The Koren Yom Kippur Mahzor; Ashkenaz, Mincha, Leader's Repetition for Mincha 143",3480
"The Koren Yom Kippur Mahzor; Ashkenaz, Mincha, Leader's Repetition for Mincha 144",3481
"The Koren Yom Kippur Mahzor; Ashkenaz, Mincha, Leader's Repetition for Mincha 145",3482
"The Koren Yom Kippur Mahzor; Ashkenaz, Mincha, Leader's Repetition for Mincha 146",3483
"The Koren Yom Kippur Mahzor; Ashkenaz, Mincha, Leader's Repetition for Mincha 147",3484
"The Koren Yom Kippur Mahzor; Ashkenaz, Mincha, Leader's Repetition for Mincha 148",3485
"The Koren Yom Kippur Mahzor; Ashkenaz, Mincha, Leader's Repetition for Mincha 149",3486
"The Koren Yom Kippur Mahzor; Ashkenaz, Mincha, Leader's Repetition for Mincha 150",3487
"The Koren Yom Kippur Mahzor; Ashkenaz, Mincha, Leader's Repetition for Mincha 151",3488
"The Koren Yom Kippur Mahzor; Ashkenaz, Mincha, Leader's Repetition for Mincha 152",3489
"The Koren Yom Kippur Mahzor; Ashkenaz, Mincha, Leader's Repetition for Mincha 153",3490
"The Koren Yom Kippur Mahzor; Ashkenaz, Mincha, Leader's Repetition for Mincha 154",3491
"The Koren Yom Kippur Mahzor; Ashkenaz, Mincha, Leader's Repetition for Mincha 155",3492
"The Koren Yom Kippur Mahzor; Ashkenaz, Mincha, Leader's Repetition for Mincha 156",3493
"The Koren Yom Kippur Mahzor; Ashkenaz, Mincha, Leader's Repetition for Mincha 157",3494
"The Koren Yom Kippur Mahzor; Ashkenaz, Mincha, Leader's Repetition for Mincha 158",3495
"The Koren Yom Kippur Mahzor; Ashkenaz, Mincha, Leader's Repetition for Mincha 159",3496
"The Koren Yom Kippur Mahzor; Ashkenaz, Mincha, Leader's Repetition for Mincha 160",3497
"The Koren Yom Kippur Mahzor; Ashkenaz, Mincha, Leader's Repetition for Mincha 161",3498
"The Koren Yom Kippur Mahzor; Ashkenaz, Mincha, Leader's Repetition for Mincha 162",3499
"The Koren Yom Kippur Mahzor; Ashkenaz, Mincha, Leader's Repetition for Mincha 163",3500
"The Koren Yom Kippur Mahzor; Ashkenaz, Mincha, Leader's Repetition for Mincha 164",3501
"The Koren Yom Kippur Mahzor; Ashkenaz, Mincha, Leader's Repetition for Mincha 165",3502
"The Koren Yom Kippur Mahzor; Ashkenaz, Mincha, Leader's Repetition for Mincha 166",3503
"The Koren Yom Kippur Mahzor; Ashkenaz, Mincha, Leader's Repetition for Mincha 167",3504
"The Koren Yom Kippur Mahzor; Ashkenaz, Mincha, Leader's Repetition for Mincha 168",3505
"The Koren Yom Kippur Mahzor; Ashkenaz, Mincha, Leader's Repetition for Mincha 169",3506
"The Koren Yom Kippur Mahzor; Ashkenaz, Mincha, Leader's Repetition for Mincha 170",3507
"The Koren Yom Kippur Mahzor; Ashkenaz, Mincha, Leader's Repetition for Mincha 171",3508
"The Koren Yom Kippur Mahzor; Ashkenaz, Mincha, Leader's Repetition for Mincha 172",3509
"The Koren Yom Kippur Mahzor; Ashkenaz, Mincha, Leader's Repetition for Mincha 173",3510
"The Koren Yom Kippur Mahzor; Ashkenaz, Mincha, Leader's Repetition for Mincha 174",3511
"The Koren Yom Kippur Mahzor; Ashkenaz, Mincha, Leader's Repetition for Mincha 175",3512
"The Koren Yom Kippur Mahzor; Ashkenaz, Mincha, Leader's Repetition for Mincha 176",3513
"The Koren Yom Kippur Mahzor; Ashkenaz, Mincha, Leader's Repetition for Mincha 177",3514
"The Koren Yom Kippur Mahzor; Ashkenaz, Mincha, Leader's Repetition for Mincha 178",3515
"The Koren Yom Kippur Mahzor; Ashkenaz, Mincha, Leader's Repetition for Mincha 179",3516
"The Koren Yom Kippur Mahzor; Ashkenaz, Mincha, Leader's Repetition for Mincha 180",3517
"The Koren Yom Kippur Mahzor; Ashkenaz, Mincha, Leader's Repetition for Mincha 181",3518
"The Koren Yom Kippur Mahzor; Ashkenaz, Mincha, Leader's Repetition for Mincha 182",3519
"The Koren Yom Kippur Mahzor; Ashkenaz, Mincha, Leader's Repetition for Mincha 183",3520
"The Koren Yom Kippur Mahzor; Ashkenaz, Mincha, Leader's Repetition for Mincha 184",3521
"The Koren Yom Kippur Mahzor; Ashkenaz, Mincha, Leader's Repetition for Mincha 185",3522
"The Koren Yom Kippur Mahzor; Ashkenaz, Mincha, Leader's Repetition for Mincha 186",3523
"The Koren Yom Kippur Mahzor; Ashkenaz, Mincha, Leader's Repetition for Mincha 187",3524
"The Koren Yom Kippur Mahzor; Ashkenaz, Mincha, Leader's Repetition for Mincha 188",3525
"The Koren Yom Kippur Mahzor; Ashkenaz, Mincha, Leader's Repetition for Mincha 189",3526
"The Koren Yom Kippur Mahzor; Ashkenaz, Mincha, Leader's Repetition for Mincha 190",3527
"The Koren Yom Kippur Mahzor; Ashkenaz, Mincha, Leader's Repetition for Mincha 191",3528
"The Koren Yom Kippur Mahzor; Ashkenaz, Mincha, Leader's Repetition for Mincha 192",3529
"The Koren Yom Kippur Mahzor; Ashkenaz, Mincha, Leader's Repetition for Mincha 193",3530
"The Koren Yom Kippur Mahzor; Ashkenaz, Mincha, Leader's Repetition for Mincha 194",3531
"The Koren Yom Kippur Mahzor; Ashkenaz, Mincha, Leader's Repetition for Mincha 195",3532
"The Koren Yom Kippur Mahzor; Ashkenaz, Mincha, Leader's Repetition for Mincha 196",3533
"The Koren Yom Kippur Mahzor; Ashkenaz, Mincha, Leader's Repetition for Mincha 197",3534
"The Koren Yom Kippur Mahzor; Ashkenaz, Mincha, Leader's Repetition for Mincha 198",3535
"The Koren Yom Kippur Mahzor; Ashkenaz, Mincha, Leader's Repetition for Mincha 199",3536
"The Koren Yom Kippur Mahzor; Ashkenaz, Mincha, Leader's Repetition for Mincha 200",3537
"The Koren Yom Kippur Mahzor; Ashkenaz, Mincha, Leader's Repetition for Mincha 201",3538
"The Koren Yom Kippur Mahzor; Ashkenaz, Mincha, Leader's Repetition for Mincha 202",3539
"The Koren Yom Kippur Mahzor; Ashkenaz, Mincha, Leader's Repetition for Mincha 203",3540
"The Koren Yom Kippur Mahzor; Ashkenaz, Mincha, Leader's Repetition for Mincha 204",3541
"The Koren Yom Kippur Mahzor; Ashkenaz, Mincha, Leader's Repetition for Mincha 205",3542
"The Koren Yom Kippur Mahzor; Ashkenaz, Mincha, Leader's Repetition for Mincha 206",3543
"The Koren Yom Kippur Mahzor; Ashkenaz, Mincha, Leader's Repetition for Mincha 207",3544
"The Koren Yom Kippur Mahzor; Ashkenaz, Mincha, Leader's Repetition for Mincha 208",3545
"The Koren Yom Kippur Mahzor; Ashkenaz, Mincha, Leader's Repetition for Mincha 209",3546
"The Koren Yom Kippur Mahzor; Ashkenaz, Mincha, Leader's Repetition for Mincha 210",3547
"The Koren Yom Kippur Mahzor; Ashkenaz, Mincha, Leader's Repetition for Mincha 211",3548
"The Koren Yom Kippur Mahzor; Ashkenaz, Mincha, Leader's Repetition for Mincha 212",3549
"The Koren Yom Kippur Mahzor; Ashkenaz, Mincha, Leader's Repetition for Mincha 213",3550
"The Koren Yom Kippur Mahzor; Ashkenaz, Mincha, Leader's Repetition for Mincha 214",3551
"The Koren Yom Kippur Mahzor; Ashkenaz, Mincha, Leader's Repetition for Mincha 215",3552
"The Koren Yom Kippur Mahzor; Ashkenaz, Mincha, Leader's Repetition for Mincha 216",3553
"The Koren Yom Kippur Mahzor; Ashkenaz, Mincha, Leader's Repetition for Mincha 217",3554
"The Koren Yom Kippur Mahzor; Ashkenaz, Mincha, Leader's Repetition for Mincha 218",3555
"The Koren Yom Kippur Mahzor; Ashkenaz, Mincha, Leader's Repetition for Mincha 219",3556
"The Koren Yom Kippur Mahzor; Ashkenaz, Mincha, Leader's Repetition for Mincha 220",3557
"The Koren Yom Kippur Mahzor; Ashkenaz, Mincha, Leader's Repetition for Mincha 221",3558
"The Koren Yom Kippur Mahzor; Ashkenaz, Mincha, Leader's Repetition for Mincha 222",3559
"The Koren Yom Kippur Mahzor; Ashkenaz, Mincha, Leader's Repetition for Mincha 223",3560
"The Koren Yom Kippur Mahzor; Ashkenaz, Mincha, Leader's Repetition for Mincha 224",3561
"The Koren Yom Kippur Mahzor; Ashkenaz, Mincha, Leader's Repetition for Mincha 225",3562
"The Koren Yom Kippur Mahzor; Ashkenaz, Mincha, Leader's Repetition for Mincha 226",3563
"The Koren Yom Kippur Mahzor; Ashkenaz, Mincha, Leader's Repetition for Mincha 227",3564
"The Koren Yom Kippur Mahzor; Ashkenaz, Mincha, Leader's Repetition for Mincha 228",3565
"The Koren Yom Kippur Mahzor; Ashkenaz, Mincha, Leader's Repetition for Mincha 229",3566
"The Koren Yom Kippur Mahzor; Ashkenaz, Mincha, Leader's Repetition for Mincha 230",3567
"The Koren Yom Kippur Mahzor; Ashkenaz, Mincha, Leader's Repetition for Mincha 231",3568
"The Koren Yom Kippur Mahzor; Ashkenaz, Mincha, Leader's Repetition for Mincha 232",3569
"The Koren Yom Kippur Mahzor; Ashkenaz, Mincha, Leader's Repetition for Mincha 233",3570
"The Koren Yom Kippur Mahzor; Ashkenaz, Mincha, Leader's Repetition for Mincha 234",3571
"The Koren Yom Kippur Mahzor; Ashkenaz, Mincha, Leader's Repetition for Mincha 235",3572
"The Koren Yom Kippur Mahzor; Ashkenaz, Mincha, Leader's Repetition for Mincha 236",3573
"The Koren Yom Kippur Mahzor; Ashkenaz, Mincha, Leader's Repetition for Mincha 237",3574
"The Koren Yom Kippur Mahzor; Ashkenaz, Mincha, Leader's Repetition for Mincha 238",3575
"The Koren Yom Kippur Mahzor; Ashkenaz, Mincha, Leader's Repetition for Mincha 239",3576
"The Koren Yom Kippur Mahzor; Ashkenaz, Mincha, Leader's Repetition for Mincha 240",3577
"The Koren Yom Kippur Mahzor; Ashkenaz, Mincha, Leader's Repetition for Mincha 241",3578
"The Koren Yom Kippur Mahzor; Ashkenaz, Mincha, Leader's Repetition for Mincha 242",3579
"The Koren Yom Kippur Mahzor; Ashkenaz, Mincha, Leader's Repetition for Mincha 243",3580
"The Koren Yom Kippur Mahzor; Ashkenaz, Mincha, Leader's Repetition for Mincha 244",3581
"The Koren Yom Kippur Mahzor; Ashkenaz, Mincha, Leader's Repetition for Mincha 245",3582
"The Koren Yom Kippur Mahzor; Ashkenaz, Mincha, Leader's Repetition for Mincha 246",3583
"The Koren Yom Kippur Mahzor; Ashkenaz, Mincha, Leader's Repetition for Mincha 247",3584
"The Koren Yom Kippur Mahzor; Ashkenaz, Mincha, Leader's Repetition for Mincha 248",3585
"The Koren Yom Kippur Mahzor; Ashkenaz, Mincha, Leader's Repetition for Mincha 249",3586
"The Koren Yom Kippur Mahzor; Ashkenaz, Mincha, Leader's Repetition for Mincha 250",3587
"The Koren Yom Kippur Mahzor; Ashkenaz, Mincha, Leader's Repetition for Mincha 251",3588
"The Koren Yom Kippur Mahzor; Ashkenaz, Mincha, Leader's Repetition for Mincha 252",3589
"The Koren Yom Kippur Mahzor; Ashkenaz, Mincha, Leader's Repetition for Mincha 253",3590
"The Koren Yom Kippur Mahzor; Ashkenaz, Mincha, Leader's Repetition for Mincha 254",3591
"The Koren Yom Kippur Mahzor; Ashkenaz, Mincha, Leader's Repetition for Mincha 255",3592
"The Koren Yom Kippur Mahzor; Ashkenaz, Mincha, Leader's Repetition for Mincha 256",3593
"The Koren Yom Kippur Mahzor; Ashkenaz, Mincha, Leader's Repetition for Mincha 257",3594
"The Koren Yom Kippur Mahzor; Ashkenaz, Mincha, Leader's Repetition for Mincha 258",3595
"The Koren Yom Kippur Mahzor; Ashkenaz, Mincha, Leader's Repetition for Mincha 259",3596
"The Koren Yom Kippur Mahzor; Ashkenaz, Mincha, Leader's Repetition for Mincha 260",3597
"The Koren Yom Kippur Mahzor; Ashkenaz, Mincha, Leader's Repetition for Mincha 261",3598
"The Koren Yom Kippur Mahzor; Ashkenaz, Mincha, Leader's Repetition for Mincha 262",3599
"The Koren Yom Kippur Mahzor; Ashkenaz, Mincha, Avinu Malkenu 1",3601
"The Koren Yom Kippur Mahzor; Ashkenaz, Mincha, Avinu Malkenu 2",3602
"The Koren Yom Kippur Mahzor; Ashkenaz, Mincha, Avinu Malkenu 3",3603
"The Koren Yom Kippur Mahzor; Ashkenaz, Mincha, Avinu Malkenu 4",3604
"The Koren Yom Kippur Mahzor; Ashkenaz, Mincha, Avinu Malkenu 5",3605
"The Koren Yom Kippur Mahzor; Ashkenaz, Mincha, Avinu Malkenu 6",3606
"The Koren Yom Kippur Mahzor; Ashkenaz, Mincha, Avinu Malkenu 7",3607
"The Koren Yom Kippur Mahzor; Ashkenaz, Mincha, Avinu Malkenu 8",3608
"The Koren Yom Kippur Mahzor; Ashkenaz, Mincha, Avinu Malkenu 9",3609
"The Koren Yom Kippur Mahzor; Ashkenaz, Mincha, Avinu Malkenu 10",3610
"The Koren Yom Kippur Mahzor; Ashkenaz, Mincha, Avinu Malkenu 11",3611
"The Koren Yom Kippur Mahzor; Ashkenaz, Mincha, Avinu Malkenu 12",3612
"The Koren Yom Kippur Mahzor; Ashkenaz, Mincha, Avinu Malkenu 13",3613
"The Koren Yom Kippur Mahzor; Ashkenaz, Mincha, Avinu Malkenu 14",3614
"The Koren Yom Kippur Mahzor; Ashkenaz, Mincha, Avinu Malkenu 15",3615
"The Koren Yom Kippur Mahzor; Ashkenaz, Mincha, Avinu Malkenu 16",3616
"The Koren Yom Kippur Mahzor; Ashkenaz, Mincha, Avinu Malkenu 17",3617
"The Koren Yom Kippur Mahzor; Ashkenaz, Mincha, Avinu Malkenu 18",3618
"The Koren Yom Kippur Mahzor; Ashkenaz, Mincha, Avinu Malkenu 19",3619
"The Koren Yom Kippur Mahzor; Ashkenaz, Mincha, Avinu Malkenu 20",3620
"The Koren Yom Kippur Mahzor; Ashkenaz, Mincha, Avinu Malkenu 21",3621
"The Koren Yom Kippur Mahzor; Ashkenaz, Mincha, Avinu Malkenu 22",3622
"The Koren Yom Kippur Mahzor; Ashkenaz, Mincha, Avinu Malkenu 23",3623
"The Koren Yom Kippur Mahzor; Ashkenaz, Mincha, Avinu Malkenu 24",3624
"The Koren Yom Kippur Mahzor; Ashkenaz, Mincha, Avinu Malkenu 25",3625
"The Koren Yom Kippur Mahzor; Ashkenaz, Mincha, Avinu Malkenu 26",3626
"The Koren Yom Kippur Mahzor; Ashkenaz, Mincha, Avinu Malkenu 27",3627
"The Koren Yom Kippur Mahzor; Ashkenaz, Mincha, Avinu Malkenu 28",3628
"The Koren Yom Kippur Mahzor; Ashkenaz, Mincha, Avinu Malkenu 29",3629
"The Koren Yom Kippur Mahzor; Ashkenaz, Mincha, Avinu Malkenu 30",3630
"The Koren Yom Kippur Mahzor; Ashkenaz, Mincha, Avinu Malkenu 31",3631
"The Koren Yom Kippur Mahzor; Ashkenaz, Mincha, Avinu Malkenu 32",3632
"The Koren Yom Kippur Mahzor; Ashkenaz, Mincha, Avinu Malkenu 33",3633
"The Koren Yom Kippur Mahzor; Ashkenaz, Mincha, Avinu Malkenu 34",3634
"The Koren Yom Kippur Mahzor; Ashkenaz, Mincha, Avinu Malkenu 35",3635
"The Koren Yom Kippur Mahzor; Ashkenaz, Mincha, Avinu Malkenu 36",3636
"The Koren Yom Kippur Mahzor; Ashkenaz, Mincha, Avinu Malkenu 37",3637
"The Koren Yom Kippur Mahzor; Ashkenaz, Mincha, Avinu Malkenu 38",3638
"The Koren Yom Kippur Mahzor; Ashkenaz, Mincha, Avinu Malkenu 39",3639
"The Koren Yom Kippur Mahzor; Ashkenaz, Mincha, Avinu Malkenu 40",3640
"The Koren Yom Kippur Mahzor; Ashkenaz, Mincha, Avinu Malkenu 41",3641
"The Koren Yom Kippur Mahzor; Ashkenaz, Mincha, Avinu Malkenu 42",3642
"The Koren Yom Kippur Mahzor; Ashkenaz, Mincha, Avinu Malkenu 43",3643
"The Koren Yom Kippur Mahzor; Ashkenaz, Mincha, Avinu Malkenu 44",3644
"The Koren Yom Kippur Mahzor; Ashkenaz, Mincha, Avinu Malkenu 45",3645
"The Koren Yom Kippur Mahzor; Ashkenaz, Mincha, Avinu Malkenu 46",3646
"The Koren Yom Kippur Mahzor; Ashkenaz, Mincha, Avinu Malkenu 47",3647
"The Koren Yom Kippur Mahzor; Ashkenaz, Mincha, Avinu Malkenu 48",3648
"The Koren Yom Kippur Mahzor; Ashkenaz, Mincha, Avinu Malkenu 49",3649
"The Koren Yom Kippur Mahzor; Ashkenaz, Mincha, Avinu Malkenu 50",3650
"The Koren Yom Kippur Mahzor; Ashkenaz, Mincha, Avinu Malkenu 51",3651
"The Koren Yom Kippur Mahzor; Ashkenaz, Mincha, Avinu Malkenu 52",3652
"The Koren Yom Kippur Mahzor; Ashkenaz, Mincha, Avinu Malkenu 53",3653
"The Koren Yom Kippur Mahzor; Ashkenaz, Mincha, Avinu Malkenu 54",3654
"The Koren Yom Kippur Mahzor; Ashkenaz, Mincha, Avinu Malkenu 55",3655
"The Koren Yom Kippur Mahzor; Ashkenaz, Mincha, Avinu Malkenu 56",3656
"The Koren Yom Kippur Mahzor; Ashkenaz, Mincha, Avinu Malkenu 57",3657
"The Koren Yom Kippur Mahzor; Ashkenaz, Mincha, Avinu Malkenu 58",3658
"The Koren Yom Kippur Mahzor; Ashkenaz, Mincha, Avinu Malkenu 59",3659
"The Koren Yom Kippur Mahzor; Ashkenaz, Ne'ila, The Amida 1",3662
"The Koren Yom Kippur Mahzor; Ashkenaz, Ne'ila, The Amida 2",3663
"The Koren Yom Kippur Mahzor; Ashkenaz, Ne'ila, The Amida 3",3664
"The Koren Yom Kippur Mahzor; Ashkenaz, Ne'ila, The Amida 4",3665
"The Koren Yom Kippur Mahzor; Ashkenaz, Ne'ila, The Amida 5",3666
"The Koren Yom Kippur Mahzor; Ashkenaz, Ne'ila, The Amida 6",3667
"The Koren Yom Kippur Mahzor; Ashkenaz, Ne'ila, The Amida 7",3668
"The Koren Yom Kippur Mahzor; Ashkenaz, Ne'ila, The Amida 8",3669
"The Koren Yom Kippur Mahzor; Ashkenaz, Ne'ila, The Amida 9",3670
"The Koren Yom Kippur Mahzor; Ashkenaz, Ne'ila, The Amida 10",3671
"The Koren Yom Kippur Mahzor; Ashkenaz, Ne'ila, The Amida 11",3672
"The Koren Yom Kippur Mahzor; Ashkenaz, Ne'ila, The Amida 12",3673
"The Koren Yom Kippur Mahzor; Ashkenaz, Ne'ila, The Amida 13",3674
"The Koren Yom Kippur Mahzor; Ashkenaz, Ne'ila, The Amida 14",3675
"The Koren Yom Kippur Mahzor; Ashkenaz, Ne'ila, The Amida 15",3676
"The Koren Yom Kippur Mahzor; Ashkenaz, Ne'ila, The Amida 16",3677
"The Koren Yom Kippur Mahzor; Ashkenaz, Ne'ila, The Amida 17",3678
"The Koren Yom Kippur Mahzor; Ashkenaz, Ne'ila, The Amida 18",3679
"The Koren Yom Kippur Mahzor; Ashkenaz, Ne'ila, The Amida 19",3680
"The Koren Yom Kippur Mahzor; Ashkenaz, Ne'ila, The Amida 20",3681
"The Koren Yom Kippur Mahzor; Ashkenaz, Ne'ila, The Amida 21",3682
"The Koren Yom Kippur Mahzor; Ashkenaz, Ne'ila, The Amida 22",3683
"The Koren Yom Kippur Mahzor; Ashkenaz, Ne'ila, The Amida 23",3684
"The Koren Yom Kippur Mahzor; Ashkenaz, Ne'ila, The Amida 24",3685
"The Koren Yom Kippur Mahzor; Ashkenaz, Ne'ila, The Amida 25",3686
"The Koren Yom Kippur Mahzor; Ashkenaz, Ne'ila, The Amida 26",3687
"The Koren Yom Kippur Mahzor; Ashkenaz, Ne'ila, The Amida 27",3688
"The Koren Yom Kippur Mahzor; Ashkenaz, Ne'ila, The Amida 28",3689
"The Koren Yom Kippur Mahzor; Ashkenaz, Ne'ila, The Amida 29",3690
"The Koren Yom Kippur Mahzor; Ashkenaz, Ne'ila, The Amida 30",3691
"The Koren Yom Kippur Mahzor; Ashkenaz, Ne'ila, The Amida 31",3692
"The Koren Yom Kippur Mahzor; Ashkenaz, Ne'ila, The Amida 32",3693
"The Koren Yom Kippur Mahzor; Ashkenaz, Ne'ila, The Amida 33",3694
"The Koren Yom Kippur Mahzor; Ashkenaz, Ne'ila, The Amida 34",3695
"The Koren Yom Kippur Mahzor; Ashkenaz, Ne'ila, The Amida 35",3696
"The Koren Yom Kippur Mahzor; Ashkenaz, Ne'ila, The Amida 36",3697
"The Koren Yom Kippur Mahzor; Ashkenaz, Ne'ila, The Amida 37",3698
"The Koren Yom Kippur Mahzor; Ashkenaz, Ne'ila, The Amida 38",3699
"The Koren Yom Kippur Mahzor; Ashkenaz, Ne'ila, The Amida 39",3700
"The Koren Yom Kippur Mahzor; Ashkenaz, Ne'ila, The Amida 40",3701
"The Koren Yom Kippur Mahzor; Ashkenaz, Ne'ila, The Amida 41",3702
"The Koren Yom Kippur Mahzor; Ashkenaz, Ne'ila, The Amida 42",3703
"The Koren Yom Kippur Mahzor; Ashkenaz, Ne'ila, The Amida 43",3704
"The Koren Yom Kippur Mahzor; Ashkenaz, Ne'ila, The Amida 44",3705
"The Koren Yom Kippur Mahzor; Ashkenaz, Ne'ila, The Amida 45",3706
"The Koren Yom Kippur Mahzor; Ashkenaz, Ne'ila, The Amida 46",3707
"The Koren Yom Kippur Mahzor; Ashkenaz, Ne'ila, The Amida 47",3708
"The Koren Yom Kippur Mahzor; Ashkenaz, Ne'ila, The Amida 48",3709
"The Koren Yom Kippur Mahzor; Ashkenaz, Ne'ila, The Amida 49",3710
"The Koren Yom Kippur Mahzor; Ashkenaz, Ne'ila, The Amida 50",3711
"The Koren Yom Kippur Mahzor; Ashkenaz, Ne'ila, The Amida 51",3712
"The Koren Yom Kippur Mahzor; Ashkenaz, Ne'ila, The Amida 52",3713
"The Koren Yom Kippur Mahzor; Ashkenaz, Ne'ila, The Amida 53",3714
"The Koren Yom Kippur Mahzor; Ashkenaz, Ne'ila, The Amida 54",3715
"The Koren Yom Kippur Mahzor; Ashkenaz, Ne'ila, The Amida 55",3716
"The Koren Yom Kippur Mahzor; Ashkenaz, Ne'ila, The Amida 56",3717
"The Koren Yom Kippur Mahzor; Ashkenaz, Ne'ila, The Amida 57",3718
"The Koren Yom Kippur Mahzor; Ashkenaz, Ne'ila, The Amida 58",3719
"The Koren Yom Kippur Mahzor; Ashkenaz, Ne'ila, The Amida 59",3720
"The Koren Yom Kippur Mahzor; Ashkenaz, Ne'ila, The Amida 60",3721
"The Koren Yom Kippur Mahzor; Ashkenaz, Ne'ila, The Amida 61",3722
"The Koren Yom Kippur Mahzor; Ashkenaz, Ne'ila, Leader's Repetition for Ne'ila 1",3724
"The Koren Yom Kippur Mahzor; Ashkenaz, Ne'ila, Leader's Repetition for Ne'ila 2",3725
"The Koren Yom Kippur Mahzor; Ashkenaz, Ne'ila, Leader's Repetition for Ne'ila 3",3726
"The Koren Yom Kippur Mahzor; Ashkenaz, Ne'ila, Leader's Repetition for Ne'ila 4",3727
"The Koren Yom Kippur Mahzor; Ashkenaz, Ne'ila, Leader's Repetition for Ne'ila 5",3728
"The Koren Yom Kippur Mahzor; Ashkenaz, Ne'ila, Leader's Repetition for Ne'ila 6",3729
"The Koren Yom Kippur Mahzor; Ashkenaz, Ne'ila, Leader's Repetition for Ne'ila 7",3730
"The Koren Yom Kippur Mahzor; Ashkenaz, Ne'ila, Leader's Repetition for Ne'ila 8",3731
"The Koren Yom Kippur Mahzor; Ashkenaz, Ne'ila, Leader's Repetition for Ne'ila 9",3732
"The Koren Yom Kippur Mahzor; Ashkenaz, Ne'ila, Leader's Repetition for Ne'ila 10",3733
"The Koren Yom Kippur Mahzor; Ashkenaz, Ne'ila, Leader's Repetition for Ne'ila 11",3734
"The Koren Yom Kippur Mahzor; Ashkenaz, Ne'ila, Leader's Repetition for Ne'ila 12",3735
"The Koren Yom Kippur Mahzor; Ashkenaz, Ne'ila, Leader's Repetition for Ne'ila 13",3736
"The Koren Yom Kippur Mahzor; Ashkenaz, Ne'ila, Leader's Repetition for Ne'ila 14",3737
"The Koren Yom Kippur Mahzor; Ashkenaz, Ne'ila, Leader's Repetition for Ne'ila 15",3738
"The Koren Yom Kippur Mahzor; Ashkenaz, Ne'ila, Leader's Repetition for Ne'ila 16",3739
"The Koren Yom Kippur Mahzor; Ashkenaz, Ne'ila, Leader's Repetition for Ne'ila 17",3740
"The Koren Yom Kippur Mahzor; Ashkenaz, Ne'ila, Leader's Repetition for Ne'ila 18",3741
"The Koren Yom Kippur Mahzor; Ashkenaz, Ne'ila, Leader's Repetition for Ne'ila 19",3742
"The Koren Yom Kippur Mahzor; Ashkenaz, Ne'ila, Leader's Repetition for Ne'ila 20",3743
"The Koren Yom Kippur Mahzor; Ashkenaz, Ne'ila, Leader's Repetition for Ne'ila 21",3744
"The Koren Yom Kippur Mahzor; Ashkenaz, Ne'ila, Leader's Repetition for Ne'ila 22",3745
"The Koren Yom Kippur Mahzor; Ashkenaz, Ne'ila, Leader's Repetition for Ne'ila 23",3746
"The Koren Yom Kippur Mahzor; Ashkenaz, Ne'ila, Leader's Repetition for Ne'ila 24",3747
"The Koren Yom Kippur Mahzor; Ashkenaz, Ne'ila, Leader's Repetition for Ne'ila 25",3748
"The Koren Yom Kippur Mahzor; Ashkenaz, Ne'ila, Leader's Repetition for Ne'ila 26",3749
"The Koren Yom Kippur Mahzor; Ashkenaz, Ne'ila, Leader's Repetition for Ne'ila 27",3750
"The Koren Yom Kippur Mahzor; Ashkenaz, Ne'ila, Leader's Repetition for Ne'ila 28",3751
"The Koren Yom Kippur Mahzor; Ashkenaz, Ne'ila, Leader's Repetition for Ne'ila 29",3752
"The Koren Yom Kippur Mahzor; Ashkenaz, Ne'ila, Leader's Repetition for Ne'ila 30",3753
"The Koren Yom Kippur Mahzor; Ashkenaz, Ne'ila, Leader's Repetition for Ne'ila 31",3754
"The Koren Yom Kippur Mahzor; Ashkenaz, Ne'ila, Leader's Repetition for Ne'ila 32",3755
"The Koren Yom Kippur Mahzor; Ashkenaz, Ne'ila, Leader's Repetition for Ne'ila 33",3756
"The Koren Yom Kippur Mahzor; Ashkenaz, Ne'ila, Leader's Repetition for Ne'ila 34",3757
"The Koren Yom Kippur Mahzor; Ashkenaz, Ne'ila, Leader's Repetition for Ne'ila 35",3758
"The Koren Yom Kippur Mahzor; Ashkenaz, Ne'ila, Leader's Repetition for Ne'ila 36",3759
"The Koren Yom Kippur Mahzor; Ashkenaz, Ne'ila, Leader's Repetition for Ne'ila 37",3760
"The Koren Yom Kippur Mahzor; Ashkenaz, Ne'ila, Leader's Repetition for Ne'ila 38",3761
"The Koren Yom Kippur Mahzor; Ashkenaz, Ne'ila, Leader's Repetition for Ne'ila 39",3762
"The Koren Yom Kippur Mahzor; Ashkenaz, Ne'ila, Leader's Repetition for Ne'ila 40",3763
"The Koren Yom Kippur Mahzor; Ashkenaz, Ne'ila, Leader's Repetition for Ne'ila 41",3764
"The Koren Yom Kippur Mahzor; Ashkenaz, Ne'ila, Leader's Repetition for Ne'ila 42",3765
"The Koren Yom Kippur Mahzor; Ashkenaz, Ne'ila, Leader's Repetition for Ne'ila 43",3766
"The Koren Yom Kippur Mahzor; Ashkenaz, Ne'ila, Leader's Repetition for Ne'ila 44",3767
"The Koren Yom Kippur Mahzor; Ashkenaz, Ne'ila, Leader's Repetition for Ne'ila 45",3768
"The Koren Yom Kippur Mahzor; Ashkenaz, Ne'ila, Leader's Repetition for Ne'ila 46",3769
"The Koren Yom Kippur Mahzor; Ashkenaz, Ne'ila, Leader's Repetition for Ne'ila 47",3770
"The Koren Yom Kippur Mahzor; Ashkenaz, Ne'ila, Leader's Repetition for Ne'ila 48",3771
"The Koren Yom Kippur Mahzor; Ashkenaz, Ne'ila, Leader's Repetition for Ne'ila 49",3772
"The Koren Yom Kippur Mahzor; Ashkenaz, Ne'ila, Leader's Repetition for Ne'ila 50",3773
"The Koren Yom Kippur Mahzor; Ashkenaz, Ne'ila, Leader's Repetition for Ne'ila 51",3774
"The Koren Yom Kippur Mahzor; Ashkenaz, Ne'ila, Leader's Repetition for Ne'ila 52",3775
"The Koren Yom Kippur Mahzor; Ashkenaz, Ne'ila, Leader's Repetition for Ne'ila 53",3776
"The Koren Yom Kippur Mahzor; Ashkenaz, Ne'ila, Leader's Repetition for Ne'ila 54",3777
"The Koren Yom Kippur Mahzor; Ashkenaz, Ne'ila, Leader's Repetition for Ne'ila 55",3778
"The Koren Yom Kippur Mahzor; Ashkenaz, Ne'ila, Leader's Repetition for Ne'ila 56",3779
"The Koren Yom Kippur Mahzor; Ashkenaz, Ne'ila, Leader's Repetition for Ne'ila 57",3780
"The Koren Yom Kippur Mahzor; Ashkenaz, Ne'ila, Leader's Repetition for Ne'ila 58",3781
"The Koren Yom Kippur Mahzor; Ashkenaz, Ne'ila, Leader's Repetition for Ne'ila 59",3782
"The Koren Yom Kippur Mahzor; Ashkenaz, Ne'ila, Leader's Repetition for Ne'ila 60",3783
"The Koren Yom Kippur Mahzor; Ashkenaz, Ne'ila, Leader's Repetition for Ne'ila 61",3784
"The Koren Yom Kippur Mahzor; Ashkenaz, Ne'ila, Leader's Repetition for Ne'ila 62",3785
"The Koren Yom Kippur Mahzor; Ashkenaz, Ne'ila, Leader's Repetition for Ne'ila 63",3786
"The Koren Yom Kippur Mahzor; Ashkenaz, Ne'ila, Leader's Repetition for Ne'ila 64",3787
"The Koren Yom Kippur Mahzor; Ashkenaz, Ne'ila, Leader's Repetition for Ne'ila 65",3788
"The Koren Yom Kippur Mahzor; Ashkenaz, Ne'ila, Leader's Repetition for Ne'ila 66",3789
"The Koren Yom Kippur Mahzor; Ashkenaz, Ne'ila, Leader's Repetition for Ne'ila 67",3790
"The Koren Yom Kippur Mahzor; Ashkenaz, Ne'ila, Leader's Repetition for Ne'ila 68",3791
"The Koren Yom Kippur Mahzor; Ashkenaz, Ne'ila, Leader's Repetition for Ne'ila 69",3792
"The Koren Yom Kippur Mahzor; Ashkenaz, Ne'ila, Leader's Repetition for Ne'ila 70",3793
"The Koren Yom Kippur Mahzor; Ashkenaz, Ne'ila, Leader's Repetition for Ne'ila 71",3794
"The Koren Yom Kippur Mahzor; Ashkenaz, Ne'ila, Leader's Repetition for Ne'ila 72",3795
"The Koren Yom Kippur Mahzor; Ashkenaz, Ne'ila, Leader's Repetition for Ne'ila 73",3796
"The Koren Yom Kippur Mahzor; Ashkenaz, Ne'ila, Leader's Repetition for Ne'ila 74",3797
"The Koren Yom Kippur Mahzor; Ashkenaz, Ne'ila, Leader's Repetition for Ne'ila 75",3798
"The Koren Yom Kippur Mahzor; Ashkenaz, Ne'ila, Leader's Repetition for Ne'ila 76",3799
"The Koren Yom Kippur Mahzor; Ashkenaz, Ne'ila, Leader's Repetition for Ne'ila 77",3800
"The Koren Yom Kippur Mahzor; Ashkenaz, Ne'ila, Leader's Repetition for Ne'ila 78",3801
"The Koren Yom Kippur Mahzor; Ashkenaz, Ne'ila, Leader's Repetition for Ne'ila 79",3802
"The Koren Yom Kippur Mahzor; Ashkenaz, Ne'ila, Leader's Repetition for Ne'ila 80",3803
"The Koren Yom Kippur Mahzor; Ashkenaz, Ne'ila, Leader's Repetition for Ne'ila 81",3804
"The Koren Yom Kippur Mahzor; Ashkenaz, Ne'ila, Leader's Repetition for Ne'ila 82",3805
"The Koren Yom Kippur Mahzor; Ashkenaz, Ne'ila, Leader's Repetition for Ne'ila 83",3806
"The Koren Yom Kippur Mahzor; Ashkenaz, Ne'ila, Leader's Repetition for Ne'ila 84",3807
"The Koren Yom Kippur Mahzor; Ashkenaz, Ne'ila, Leader's Repetition for Ne'ila 85",3808
"The Koren Yom Kippur Mahzor; Ashkenaz, Ne'ila, Leader's Repetition for Ne'ila 86",3809
"The Koren Yom Kippur Mahzor; Ashkenaz, Ne'ila, Leader's Repetition for Ne'ila 87",3810
"The Koren Yom Kippur Mahzor; Ashkenaz, Ne'ila, Leader's Repetition for Ne'ila 88",3811
"The Koren Yom Kippur Mahzor; Ashkenaz, Ne'ila, Leader's Repetition for Ne'ila 89",3812
"The Koren Yom Kippur Mahzor; Ashkenaz, Ne'ila, Leader's Repetition for Ne'ila 90",3813
"The Koren Yom Kippur Mahzor; Ashkenaz, Ne'ila, Leader's Repetition for Ne'ila 91",3814
"The Koren Yom Kippur Mahzor; Ashkenaz, Ne'ila, Leader's Repetition for Ne'ila 92",3815
"The Koren Yom Kippur Mahzor; Ashkenaz, Ne'ila, Leader's Repetition for Ne'ila 93",3816
"The Koren Yom Kippur Mahzor; Ashkenaz, Ne'ila, Leader's Repetition for Ne'ila 94",3817
"The Koren Yom Kippur Mahzor; Ashkenaz, Ne'ila, Leader's Repetition for Ne'ila 95",3818
"The Koren Yom Kippur Mahzor; Ashkenaz, Ne'ila, Leader's Repetition for Ne'ila 96",3819
"The Koren Yom Kippur Mahzor; Ashkenaz, Ne'ila, Leader's Repetition for Ne'ila 97",3820
"The Koren Yom Kippur Mahzor; Ashkenaz, Ne'ila, Leader's Repetition for Ne'ila 98",3821
"The Koren Yom Kippur Mahzor; Ashkenaz, Ne'ila, Leader's Repetition for Ne'ila 99",3822
"The Koren Yom Kippur Mahzor; Ashkenaz, Ne'ila, Leader's Repetition for Ne'ila 100",3823
"The Koren Yom Kippur Mahzor; Ashkenaz, Ne'ila, Leader's Repetition for Ne'ila 101",3824
"The Koren Yom Kippur Mahzor; Ashkenaz, Ne'ila, Leader's Repetition for Ne'ila 102",3825
"The Koren Yom Kippur Mahzor; Ashkenaz, Ne'ila, Leader's Repetition for Ne'ila 103",3826
"The Koren Yom Kippur Mahzor; Ashkenaz, Ne'ila, Leader's Repetition for Ne'ila 104",3827
"The Koren Yom Kippur Mahzor; Ashkenaz, Ne'ila, Leader's Repetition for Ne'ila 105",3828
"The Koren Yom Kippur Mahzor; Ashkenaz, Ne'ila, Leader's Repetition for Ne'ila 106",3829
"The Koren Yom Kippur Mahzor; Ashkenaz, Ne'ila, Leader's Repetition for Ne'ila 107",3830
"The Koren Yom Kippur Mahzor; Ashkenaz, Ne'ila, Leader's Repetition for Ne'ila 108",3831
"The Koren Yom Kippur Mahzor; Ashkenaz, Ne'ila, Leader's Repetition for Ne'ila 109",3832
"The Koren Yom Kippur Mahzor; Ashkenaz, Ne'ila, Leader's Repetition for Ne'ila 110",3833
"The Koren Yom Kippur Mahzor; Ashkenaz, Ne'ila, Leader's Repetition for Ne'ila 111",3834
"The Koren Yom Kippur Mahzor; Ashkenaz, Ne'ila, Leader's Repetition for Ne'ila 112",3835
"The Koren Yom Kippur Mahzor; Ashkenaz, Ne'ila, Leader's Repetition for Ne'ila 113",3836
"The Koren Yom Kippur Mahzor; Ashkenaz, Ne'ila, Leader's Repetition for Ne'ila 114",3837
"The Koren Yom Kippur Mahzor; Ashkenaz, Ne'ila, Leader's Repetition for Ne'ila 115",3838
"The Koren Yom Kippur Mahzor; Ashkenaz, Ne'ila, Leader's Repetition for Ne'ila 116",3839
"The Koren Yom Kippur Mahzor; Ashkenaz, Ne'ila, Leader's Repetition for Ne'ila 117",3840
"The Koren Yom Kippur Mahzor; Ashkenaz, Ne'ila, Leader's Repetition for Ne'ila 118",3841
"The Koren Yom Kippur Mahzor; Ashkenaz, Ne'ila, Leader's Repetition for Ne'ila 119",3842
"The Koren Yom Kippur Mahzor; Ashkenaz, Ne'ila, Leader's Repetition for Ne'ila 120",3843
"The Koren Yom Kippur Mahzor; Ashkenaz, Ne'ila, Leader's Repetition for Ne'ila 121",3844
"The Koren Yom Kippur Mahzor; Ashkenaz, Ne'ila, Leader's Repetition for Ne'ila 122",3845
"The Koren Yom Kippur Mahzor; Ashkenaz, Ne'ila, Leader's Repetition for Ne'ila 123",3846
"The Koren Yom Kippur Mahzor; Ashkenaz, Ne'ila, Leader's Repetition for Ne'ila 124",3847
"The Koren Yom Kippur Mahzor; Ashkenaz, Ne'ila, Leader's Repetition for Ne'ila 125",3848
"The Koren Yom Kippur Mahzor; Ashkenaz, Ne'ila, Leader's Repetition for Ne'ila 126",3849
"The Koren Yom Kippur Mahzor; Ashkenaz, Ne'ila, Leader's Repetition for Ne'ila 127",3850
"The Koren Yom Kippur Mahzor; Ashkenaz, Ne'ila, Leader's Repetition for Ne'ila 128",3851
"The Koren Yom Kippur Mahzor; Ashkenaz, Ne'ila, Leader's Repetition for Ne'ila 129",3852
"The Koren Yom Kippur Mahzor; Ashkenaz, Ne'ila, Leader's Repetition for Ne'ila 130",3853
"The Koren Yom Kippur Mahzor; Ashkenaz, Ne'ila, Leader's Repetition for Ne'ila 131",3854
"The Koren Yom Kippur Mahzor; Ashkenaz, Ne'ila, Leader's Repetition for Ne'ila 132",3855
"The Koren Yom Kippur Mahzor; Ashkenaz, Ne'ila, Leader's Repetition for Ne'ila 133",3856
"The Koren Yom Kippur Mahzor; Ashkenaz, Ne'ila, Leader's Repetition for Ne'ila 134",3857
"The Koren Yom Kippur Mahzor; Ashkenaz, Ne'ila, Leader's Repetition for Ne'ila 135",3858
"The Koren Yom Kippur Mahzor; Ashkenaz, Ne'ila, Leader's Repetition for Ne'ila 136",3859
"The Koren Yom Kippur Mahzor; Ashkenaz, Ne'ila, Leader's Repetition for Ne'ila 137",3860
"The Koren Yom Kippur Mahzor; Ashkenaz, Ne'ila, Leader's Repetition for Ne'ila 138",3861
"The Koren Yom Kippur Mahzor; Ashkenaz, Ne'ila, Leader's Repetition for Ne'ila 139",3862
"The Koren Yom Kippur Mahzor; Ashkenaz, Ne'ila, Leader's Repetition for Ne'ila 140",3863
"The Koren Yom Kippur Mahzor; Ashkenaz, Ne'ila, Leader's Repetition for Ne'ila 141",3864
"The Koren Yom Kippur Mahzor; Ashkenaz, Ne'ila, Leader's Repetition for Ne'ila 142",3865
"The Koren Yom Kippur Mahzor; Ashkenaz, Ne'ila, Leader's Repetition for Ne'ila 143",3866
"The Koren Yom Kippur Mahzor; Ashkenaz, Ne'ila, Leader's Repetition for Ne'ila 144",3867
"The Koren Yom Kippur Mahzor; Ashkenaz, Ne'ila, Leader's Repetition for Ne'ila 145",3868
"The Koren Yom Kippur Mahzor; Ashkenaz, Ne'ila, Leader's Repetition for Ne'ila 146",3869
"The Koren Yom Kippur Mahzor; Ashkenaz, Ne'ila, Leader's Repetition for Ne'ila 147",3870
"The Koren Yom Kippur Mahzor; Ashkenaz, Ne'ila, Leader's Repetition for Ne'ila 148",3871
"The Koren Yom Kippur Mahzor; Ashkenaz, Ne'ila, Leader's Repetition for Ne'ila 149",3872
"The Koren Yom Kippur Mahzor; Ashkenaz, Ne'ila, Leader's Repetition for Ne'ila 150",3873
"The Koren Yom Kippur Mahzor; Ashkenaz, Ne'ila, Leader's Repetition for Ne'ila 151",3874
"The Koren Yom Kippur Mahzor; Ashkenaz, Ne'ila, Leader's Repetition for Ne'ila 152",3875
"The Koren Yom Kippur Mahzor; Ashkenaz, Ne'ila, Leader's Repetition for Ne'ila 153",3876
"The Koren Yom Kippur Mahzor; Ashkenaz, Ne'ila, Leader's Repetition for Ne'ila 154",3877
"The Koren Yom Kippur Mahzor; Ashkenaz, Ne'ila, Leader's Repetition for Ne'ila 155",3878
"The Koren Yom Kippur Mahzor; Ashkenaz, Ne'ila, Leader's Repetition for Ne'ila 156",3879
"The Koren Yom Kippur Mahzor; Ashkenaz, Ne'ila, Leader's Repetition for Ne'ila 157",3880
"The Koren Yom Kippur Mahzor; Ashkenaz, Ne'ila, Leader's Repetition for Ne'ila 158",3881
"The Koren Yom Kippur Mahzor; Ashkenaz, Ne'ila, Leader's Repetition for Ne'ila 159",3882
"The Koren Yom Kippur Mahzor; Ashkenaz, Ne'ila, Leader's Repetition for Ne'ila 160",3883
"The Koren Yom Kippur Mahzor; Ashkenaz, Ne'ila, Leader's Repetition for Ne'ila 161",3884
"The Koren Yom Kippur Mahzor; Ashkenaz, Ne'ila, Leader's Repetition for Ne'ila 162",3885
"The Koren Yom Kippur Mahzor; Ashkenaz, Ne'ila, Leader's Repetition for Ne'ila 163",3886
"The Koren Yom Kippur Mahzor; Ashkenaz, Ne'ila, Leader's Repetition for Ne'ila 164",3887
"The Koren Yom Kippur Mahzor; Ashkenaz, Ne'ila, Leader's Repetition for Ne'ila 165",3888
"The Koren Yom Kippur Mahzor; Ashkenaz, Ne'ila, Leader's Repetition for Ne'ila 166",3889
"The Koren Yom Kippur Mahzor; Ashkenaz, Ne'ila, Leader's Repetition for Ne'ila 167",3890
"The Koren Yom Kippur Mahzor; Ashkenaz, Ne'ila, Leader's Repetition for Ne'ila 168",3891
"The Koren Yom Kippur Mahzor; Ashkenaz, Ne'ila, Leader's Repetition for Ne'ila 169",3892
"The Koren Yom Kippur Mahzor; Ashkenaz, Ne'ila, Leader's Repetition for Ne'ila 170",3893
"The Koren Yom Kippur Mahzor; Ashkenaz, Ne'ila, Leader's Repetition for Ne'ila 171",3894
"The Koren Yom Kippur Mahzor; Ashkenaz, Ne'ila, Leader's Repetition for Ne'ila 172",3895
"The Koren Yom Kippur Mahzor; Ashkenaz, Ne'ila, Leader's Repetition for Ne'ila 173",3896
"The Koren Yom Kippur Mahzor; Ashkenaz, Ne'ila, Leader's Repetition for Ne'ila 174",3897
"The Koren Yom Kippur Mahzor; Ashkenaz, Ne'ila, Leader's Repetition for Ne'ila 175",3898
"The Koren Yom Kippur Mahzor; Ashkenaz, Ne'ila, Leader's Repetition for Ne'ila 176",3899
"The Koren Yom Kippur Mahzor; Ashkenaz, Ne'ila, Leader's Repetition for Ne'ila 177",3900
"The Koren Yom Kippur Mahzor; Ashkenaz, Ne'ila, Leader's Repetition for Ne'ila 178",3901
"The Koren Yom Kippur Mahzor; Ashkenaz, Ne'ila, Leader's Repetition for Ne'ila 179",3902
"The Koren Yom Kippur Mahzor; Ashkenaz, Ne'ila, Leader's Repetition for Ne'ila 180",3903
"The Koren Yom Kippur Mahzor; Ashkenaz, Ne'ila, Leader's Repetition for Ne'ila 181",3904
"The Koren Yom Kippur Mahzor; Ashkenaz, Ne'ila, Leader's Repetition for Ne'ila 182",3905
"The Koren Yom Kippur Mahzor; Ashkenaz, Ne'ila, Leader's Repetition for Ne'ila 183",3906
"The Koren Yom Kippur Mahzor; Ashkenaz, Ne'ila, Leader's Repetition for Ne'ila 184",3907
"The Koren Yom Kippur Mahzor; Ashkenaz, Ne'ila, Leader's Repetition for Ne'ila 185",3908
"The Koren Yom Kippur Mahzor; Ashkenaz, Ne'ila, Leader's Repetition for Ne'ila 186",3909
"The Koren Yom Kippur Mahzor; Ashkenaz, Ne'ila, Leader's Repetition for Ne'ila 187",3910
"The Koren Yom Kippur Mahzor; Ashkenaz, Ne'ila, Leader's Repetition for Ne'ila 188",3911
"The Koren Yom Kippur Mahzor; Ashkenaz, Ne'ila, Leader's Repetition for Ne'ila 189",3912
"The Koren Yom Kippur Mahzor; Ashkenaz, Ne'ila, Leader's Repetition for Ne'ila 190",3913
"The Koren Yom Kippur Mahzor; Ashkenaz, Ne'ila, Leader's Repetition for Ne'ila 191",3914
"The Koren Yom Kippur Mahzor; Ashkenaz, Ne'ila, Leader's Repetition for Ne'ila 192",3915
"The Koren Yom Kippur Mahzor; Ashkenaz, Ne'ila, Leader's Repetition for Ne'ila 193",3916
"The Koren Yom Kippur Mahzor; Ashkenaz, Ne'ila, Leader's Repetition for Ne'ila 194",3917
"The Koren Yom Kippur Mahzor; Ashkenaz, Ne'ila, Leader's Repetition for Ne'ila 195",3918
"The Koren Yom Kippur Mahzor; Ashkenaz, Ne'ila, Leader's Repetition for Ne'ila 196",3919
"The Koren Yom Kippur Mahzor; Ashkenaz, Ne'ila, Leader's Repetition for Ne'ila 197",3920
"The Koren Yom Kippur Mahzor; Ashkenaz, Ne'ila, Leader's Repetition for Ne'ila 198",3921
"The Koren Yom Kippur Mahzor; Ashkenaz, Ne'ila, Leader's Repetition for Ne'ila 199",3922
"The Koren Yom Kippur Mahzor; Ashkenaz, Ne'ila, Leader's Repetition for Ne'ila 200",3923
"The Koren Yom Kippur Mahzor; Ashkenaz, Ne'ila, Leader's Repetition for Ne'ila 201",3924
"The Koren Yom Kippur Mahzor; Ashkenaz, Ne'ila, Leader's Repetition for Ne'ila 202",3925
"The Koren Yom Kippur Mahzor; Ashkenaz, Ne'ila, Leader's Repetition for Ne'ila 203",3926
"The Koren Yom Kippur Mahzor; Ashkenaz, Ne'ila, Leader's Repetition for Ne'ila 204",3927
"The Koren Yom Kippur Mahzor; Ashkenaz, Ne'ila, Leader's Repetition for Ne'ila 205",3928
"The Koren Yom Kippur Mahzor; Ashkenaz, Ne'ila, Leader's Repetition for Ne'ila 206",3929
"The Koren Yom Kippur Mahzor; Ashkenaz, Ne'ila, Leader's Repetition for Ne'ila 207",3930
"The Koren Yom Kippur Mahzor; Ashkenaz, Ne'ila, Leader's Repetition for Ne'ila 208",3931
"The Koren Yom Kippur Mahzor; Ashkenaz, Ne'ila, Leader's Repetition for Ne'ila 209",3932
"The Koren Yom Kippur Mahzor; Ashkenaz, Ne'ila, Leader's Repetition for Ne'ila 210",3933
"The Koren Yom Kippur Mahzor; Ashkenaz, Ne'ila, Leader's Repetition for Ne'ila 211",3934
"The Koren Yom Kippur Mahzor; Ashkenaz, Ne'ila, Leader's Repetition for Ne'ila 212",3935
"The Koren Yom Kippur Mahzor; Ashkenaz, Ne'ila, Leader's Repetition for Ne'ila 213",3936
"The Koren Yom Kippur Mahzor; Ashkenaz, Ne'ila, Leader's Repetition for Ne'ila 214",3937
"The Koren Yom Kippur Mahzor; Ashkenaz, Ne'ila, Leader's Repetition for Ne'ila 215",3938
"The Koren Yom Kippur Mahzor; Ashkenaz, Ne'ila, Leader's Repetition for Ne'ila 216",3939
"The Koren Yom Kippur Mahzor; Ashkenaz, Ne'ila, Leader's Repetition for Ne'ila 217",3940
"The Koren Yom Kippur Mahzor; Ashkenaz, Ne'ila, Leader's Repetition for Ne'ila 218",3941
"The Koren Yom Kippur Mahzor; Ashkenaz, Ne'ila, Leader's Repetition for Ne'ila 219",3942
"The Koren Yom Kippur Mahzor; Ashkenaz, Ne'ila, Leader's Repetition for Ne'ila 220",3943
"The Koren Yom Kippur Mahzor; Ashkenaz, Ne'ila, Leader's Repetition for Ne'ila 221",3944
"The Koren Yom Kippur Mahzor; Ashkenaz, Ne'ila, Leader's Repetition for Ne'ila 222",3945
"The Koren Yom Kippur Mahzor; Ashkenaz, Ne'ila, Leader's Repetition for Ne'ila 223",3946
"The Koren Yom Kippur Mahzor; Ashkenaz, Ne'ila, Leader's Repetition for Ne'ila 224",3947
"The Koren Yom Kippur Mahzor; Ashkenaz, Ne'ila, Leader's Repetition for Ne'ila 225",3948
"The Koren Yom Kippur Mahzor; Ashkenaz, Ne'ila, Leader's Repetition for Ne'ila 226",3949
"The Koren Yom Kippur Mahzor; Ashkenaz, Ne'ila, Leader's Repetition for Ne'ila 227",3950
"The Koren Yom Kippur Mahzor; Ashkenaz, Ne'ila, Leader's Repetition for Ne'ila 228",3951
"The Koren Yom Kippur Mahzor; Ashkenaz, Ne'ila, Leader's Repetition for Ne'ila 229",3952
"The Koren Yom Kippur Mahzor; Ashkenaz, Ne'ila, Leader's Repetition for Ne'ila 230",3953
"The Koren Yom Kippur Mahzor; Ashkenaz, Ne'ila, Leader's Repetition for Ne'ila 231",3954
"The Koren Yom Kippur Mahzor; Ashkenaz, Ne'ila, Leader's Repetition for Ne'ila 232",3955
"The Koren Yom Kippur Mahzor; Ashkenaz, Ne'ila, Leader's Repetition for Ne'ila 233",3956
"The Koren Yom Kippur Mahzor; Ashkenaz, Ne'ila, Leader's Repetition for Ne'ila 234",3957
"The Koren Yom Kippur Mahzor; Ashkenaz, Ne'ila, Leader's Repetition for Ne'ila 235",3958
"The Koren Yom Kippur Mahzor; Ashkenaz, Ne'ila, Leader's Repetition for Ne'ila 236",3959
"The Koren Yom Kippur Mahzor; Ashkenaz, Ne'ila, Leader's Repetition for Ne'ila 237",3960
"The Koren Yom Kippur Mahzor; Ashkenaz, Ne'ila, Leader's Repetition for Ne'ila 238",3961
"The Koren Yom Kippur Mahzor; Ashkenaz, Ne'ila, Leader's Repetition for Ne'ila 239",3962
"The Koren Yom Kippur Mahzor; Ashkenaz, Ne'ila, Leader's Repetition for Ne'ila 240",3963
"The Koren Yom Kippur Mahzor; Ashkenaz, Ne'ila, Leader's Repetition for Ne'ila 241",3964
"The Koren Yom Kippur Mahzor; Ashkenaz, Ne'ila, Leader's Repetition for Ne'ila 242",3965
"The Koren Yom Kippur Mahzor; Ashkenaz, Ne'ila, Leader's Repetition for Ne'ila 243",3966
"The Koren Yom Kippur Mahzor; Ashkenaz, Ne'ila, Leader's Repetition for Ne'ila 244",3967
"The Koren Yom Kippur Mahzor; Ashkenaz, Ne'ila, Leader's Repetition for Ne'ila 245",3968
"The Koren Yom Kippur Mahzor; Ashkenaz, Ne'ila, Leader's Repetition for Ne'ila 246",3969
"The Koren Yom Kippur Mahzor; Ashkenaz, Ne'ila, Leader's Repetition for Ne'ila 247",3970
"The Koren Yom Kippur Mahzor; Ashkenaz, Ne'ila, Leader's Repetition for Ne'ila 248",3971
"The Koren Yom Kippur Mahzor; Ashkenaz, Ne'ila, Leader's Repetition for Ne'ila 249",3972
"The Koren Yom Kippur Mahzor; Ashkenaz, Ne'ila, Leader's Repetition for Ne'ila 250",3973
"The Koren Yom Kippur Mahzor; Ashkenaz, Ne'ila, Leader's Repetition for Ne'ila 251",3974
"The Koren Yom Kippur Mahzor; Ashkenaz, Ne'ila, Leader's Repetition for Ne'ila 252",3975
"The Koren Yom Kippur Mahzor; Ashkenaz, Ne'ila, Leader's Repetition for Ne'ila 253",3976
"The Koren Yom Kippur Mahzor; Ashkenaz, Ne'ila, Leader's Repetition for Ne'ila 254",3977
"The Koren Yom Kippur Mahzor; Ashkenaz, Ne'ila, Leader's Repetition for Ne'ila 255",3978
"The Koren Yom Kippur Mahzor; Ashkenaz, Ne'ila, Leader's Repetition for Ne'ila 256",3979
"The Koren Yom Kippur Mahzor; Ashkenaz, Ne'ila, Leader's Repetition for Ne'ila 257",3980
"The Koren Yom Kippur Mahzor; Ashkenaz, Ne'ila, Leader's Repetition for Ne'ila 258",3981
"The Koren Yom Kippur Mahzor; Ashkenaz, Ne'ila, Leader's Repetition for Ne'ila 259",3982
"The Koren Yom Kippur Mahzor; Ashkenaz, Ne'ila, Leader's Repetition for Ne'ila 260",3983
"The Koren Yom Kippur Mahzor; Ashkenaz, Ne'ila, Leader's Repetition for Ne'ila 261",3984
"The Koren Yom Kippur Mahzor; Ashkenaz, Ne'ila, Leader's Repetition for Ne'ila 262",3985
"The Koren Yom Kippur Mahzor; Ashkenaz, Ne'ila, Leader's Repetition for Ne'ila 263",3986
"The Koren Yom Kippur Mahzor; Ashkenaz, Ne'ila, Leader's Repetition for Ne'ila 264",3987
"The Koren Yom Kippur Mahzor; Ashkenaz, Ne'ila, Leader's Repetition for Ne'ila 265",3988
"The Koren Yom Kippur Mahzor; Ashkenaz, Ne'ila, Leader's Repetition for Ne'ila 266",3989
"The Koren Yom Kippur Mahzor; Ashkenaz, Ne'ila, Leader's Repetition for Ne'ila 267",3990
"The Koren Yom Kippur Mahzor; Ashkenaz, Ne'ila, Leader's Repetition for Ne'ila 268",3991
"The Koren Yom Kippur Mahzor; Ashkenaz, Ne'ila, Leader's Repetition for Ne'ila 269",3992
"The Koren Yom Kippur Mahzor; Ashkenaz, Ne'ila, Leader's Repetition for Ne'ila 270",3993
"The Koren Yom Kippur Mahzor; Ashkenaz, Ne'ila, Leader's Repetition for Ne'ila 271",3994
"The Koren Yom Kippur Mahzor; Ashkenaz, Ne'ila, Leader's Repetition for Ne'ila 272",3995
"The Koren Yom Kippur Mahzor; Ashkenaz, Ne'ila, Leader's Repetition for Ne'ila 273",3996
"The Koren Yom Kippur Mahzor; Ashkenaz, Ne'ila, Avinu Malkenu 1",3998
"The Koren Yom Kippur Mahzor; Ashkenaz, Ne'ila, Avinu Malkenu 2",3999
"The Koren Yom Kippur Mahzor; Ashkenaz, Ne'ila, Avinu Malkenu 3",4000
"The Koren Yom Kippur Mahzor; Ashkenaz, Ne'ila, Avinu Malkenu 4",4001
"The Koren Yom Kippur Mahzor; Ashkenaz, Ne'ila, Avinu Malkenu 5",4002
"The Koren Yom Kippur Mahzor; Ashkenaz, Ne'ila, Avinu Malkenu 6",4003
"The Koren Yom Kippur Mahzor; Ashkenaz, Ne'ila, Avinu Malkenu 7",4004
"The Koren Yom Kippur Mahzor; Ashkenaz, Ne'ila, Avinu Malkenu 8",4005
"The Koren Yom Kippur Mahzor; Ashkenaz, Ne'ila, Avinu Malkenu 9",4006
"The Koren Yom Kippur Mahzor; Ashkenaz, Ne'ila, Avinu Malkenu 10",4007
"The Koren Yom Kippur Mahzor; Ashkenaz, Ne'ila, Avinu Malkenu 11",4008
"The Koren Yom Kippur Mahzor; Ashkenaz, Ne'ila, Avinu Malkenu 12",4009
"The Koren Yom Kippur Mahzor; Ashkenaz, Ne'ila, Avinu Malkenu 13",4010
"The Koren Yom Kippur Mahzor; Ashkenaz, Ne'ila, Avinu Malkenu 14",4011
"The Koren Yom Kippur Mahzor; Ashkenaz, Ne'ila, Avinu Malkenu 15",4012
"The Koren Yom Kippur Mahzor; Ashkenaz, Ne'ila, Avinu Malkenu 16",4013
"The Koren Yom Kippur Mahzor; Ashkenaz, Ne'ila, Avinu Malkenu 17",4014
"The Koren Yom Kippur Mahzor; Ashkenaz, Ne'ila, Avinu Malkenu 18",4015
"The Koren Yom Kippur Mahzor; Ashkenaz, Ne'ila, Avinu Malkenu 19",4016
"The Koren Yom Kippur Mahzor; Ashkenaz, Ne'ila, Avinu Malkenu 20",4017
"The Koren Yom Kippur Mahzor; Ashkenaz, Ne'ila, Avinu Malkenu 21",4018
"The Koren Yom Kippur Mahzor; Ashkenaz, Ne'ila, Avinu Malkenu 22",4019
"The Koren Yom Kippur Mahzor; Ashkenaz, Ne'ila, Avinu Malkenu 23",4020
"The Koren Yom Kippur Mahzor; Ashkenaz, Ne'ila, Avinu Malkenu 24",4021
"The Koren Yom Kippur Mahzor; Ashkenaz, Ne'ila, Avinu Malkenu 25",4022
"The Koren Yom Kippur Mahzor; Ashkenaz, Ne'ila, Avinu Malkenu 26",4023
"The Koren Yom Kippur Mahzor; Ashkenaz, Ne'ila, Avinu Malkenu 27",4024
"The Koren Yom Kippur Mahzor; Ashkenaz, Ne'ila, Avinu Malkenu 28",4025
"The Koren Yom Kippur Mahzor; Ashkenaz, Ne'ila, Avinu Malkenu 29",4026
"The Koren Yom Kippur Mahzor; Ashkenaz, Ne'ila, Avinu Malkenu 30",4027
"The Koren Yom Kippur Mahzor; Ashkenaz, Ne'ila, Avinu Malkenu 31",4028
"The Koren Yom Kippur Mahzor; Ashkenaz, Ne'ila, Avinu Malkenu 32",4029
"The Koren Yom Kippur Mahzor; Ashkenaz, Ne'ila, Avinu Malkenu 33",4030
"The Koren Yom Kippur Mahzor; Ashkenaz, Ne'ila, Avinu Malkenu 34",4031
"The Koren Yom Kippur Mahzor; Ashkenaz, Ne'ila, Avinu Malkenu 35",4032
"The Koren Yom Kippur Mahzor; Ashkenaz, Ne'ila, Avinu Malkenu 36",4033
"The Koren Yom Kippur Mahzor; Ashkenaz, Ne'ila, Avinu Malkenu 37",4034
"The Koren Yom Kippur Mahzor; Ashkenaz, Ne'ila, Avinu Malkenu 38",4035
"The Koren Yom Kippur Mahzor; Ashkenaz, Ne'ila, Avinu Malkenu 39",4036
"The Koren Yom Kippur Mahzor; Ashkenaz, Ne'ila, Avinu Malkenu 40",4037
"The Koren Yom Kippur Mahzor; Ashkenaz, Ne'ila, Avinu Malkenu 41",4038
"The Koren Yom Kippur Mahzor; Ashkenaz, Ne'ila, Avinu Malkenu 42",4039
"The Koren Yom Kippur Mahzor; Ashkenaz, Ne'ila, Avinu Malkenu 43",4040
"The Koren Yom Kippur Mahzor; Ashkenaz, Ne'ila, Avinu Malkenu 44",4041
"The Koren Yom Kippur Mahzor; Ashkenaz, Ne'ila, Avinu Malkenu 45",4042
"The Koren Yom Kippur Mahzor; Ashkenaz, Ne'ila, Avinu Malkenu 46",4043
"The Koren Yom Kippur Mahzor; Ashkenaz, Ne'ila, Avinu Malkenu 47",4044
"The Koren Yom Kippur Mahzor; Ashkenaz, Ne'ila, Avinu Malkenu 48",4045
"The Koren Yom Kippur Mahzor; Ashkenaz, Ne'ila, Avinu Malkenu 49",4046
"The Koren Yom Kippur Mahzor; Ashkenaz, Ne'ila, Verses of Unity 1",4048
"The Koren Yom Kippur Mahzor; Ashkenaz, Ne'ila, Verses of Unity 2",4049
"The Koren Yom Kippur Mahzor; Ashkenaz, Ne'ila, Verses of Unity 3",4050
"The Koren Yom Kippur Mahzor; Ashkenaz, Ne'ila, Verses of Unity 4",4051
"The Koren Yom Kippur Mahzor; Ashkenaz, Ne'ila, Verses of Unity 5",4052
"The Koren Yom Kippur Mahzor; Ashkenaz, Ne'ila, Verses of Unity 6",4053
"The Koren Yom Kippur Mahzor; Ashkenaz, Ne'ila, Verses of Unity 7",4054
"The Koren Yom Kippur Mahzor; Ashkenaz, Ne'ila, Verses of Unity 8",4055
"The Koren Yom Kippur Mahzor; Ashkenaz, Ne'ila, Verses of Unity 9",4056
"The Koren Yom Kippur Mahzor; Ashkenaz, Ne'ila, Verses of Unity 10",4057
"The Koren Yom Kippur Mahzor; Ashkenaz, Ne'ila, Verses of Unity 11",4058
"The Koren Yom Kippur Mahzor; Ashkenaz, Ne'ila, Verses of Unity 12",4059
"The Koren Yom Kippur Mahzor; Ashkenaz, Ne'ila, Verses of Unity 13",4060
"The Koren Yom Kippur Mahzor; Ashkenaz, Ne'ila, Verses of Unity 14",4061
"The Koren Yom Kippur Mahzor; Ashkenaz, Ne'ila, Verses of Unity 15",4062
"The Koren Yom Kippur Mahzor; Ashkenaz, Ne'ila, Verses of Unity 16",4063
"The Koren Yom Kippur Mahzor; Ashkenaz, Ne'ila, Verses of Unity 17",4064
"The Koren Yom Kippur Mahzor; Ashkenaz, Ne'ila, Verses of Unity 18",4065
"The Koren Yom Kippur Mahzor; Ashkenaz, Ne'ila, Verses of Unity 19",4066
"The Koren Yom Kippur Mahzor; Ashkenaz, Ne'ila, Verses of Unity 20",4067
"The Koren Yom Kippur Mahzor; Ashkenaz, Ne'ila, Verses of Unity 21",4068
"The Koren Yom Kippur Mahzor; Ashkenaz, Ma'ariv for Motza'ei Yom Kippur 1",4070
"The Koren Yom Kippur Mahzor; Ashkenaz, Ma'ariv for Motza'ei Yom Kippur 2",4071
"The Koren Yom Kippur Mahzor; Ashkenaz, Ma'ariv for Motza'ei Yom Kippur 3",4072
"The Koren Yom Kippur Mahzor; Ashkenaz, Ma'ariv for Motza'ei Yom Kippur 4",4073
"The Koren Yom Kippur Mahzor; Ashkenaz, Ma'ariv for Motza'ei Yom Kippur 5",4074
"The Koren Yom Kippur Mahzor; Ashkenaz, Ma'ariv for Motza'ei Yom Kippur 6",4075
"The Koren Yom Kippur Mahzor; Ashkenaz, Ma'ariv for Motza'ei Yom Kippur 7",4076
"The Koren Yom Kippur Mahzor; Ashkenaz, Ma'ariv for Motza'ei Yom Kippur 8",4077
"The Koren Yom Kippur Mahzor; Ashkenaz, Ma'ariv for Motza'ei Yom Kippur 9",4078
"The Koren Yom Kippur Mahzor; Ashkenaz, Ma'ariv for Motza'ei Yom Kippur 10",4079
"The Koren Yom Kippur Mahzor; Ashkenaz, Ma'ariv for Motza'ei Yom Kippur 11",4080
"The Koren Yom Kippur Mahzor; Ashkenaz, Ma'ariv for Motza'ei Yom Kippur 12",4081
"The Koren Yom Kippur Mahzor; Ashkenaz, Ma'ariv for Motza'ei Yom Kippur 13",4082
"The Koren Yom Kippur Mahzor; Ashkenaz, Ma'ariv for Motza'ei Yom Kippur 14",4083
"The Koren Yom Kippur Mahzor; Ashkenaz, Ma'ariv for Motza'ei Yom Kippur 15",4084
"The Koren Yom Kippur Mahzor; Ashkenaz, Ma'ariv for Motza'ei Yom Kippur 16",4085
"The Koren Yom Kippur Mahzor; Ashkenaz, Ma'ariv for Motza'ei Yom Kippur 17",4086
"The Koren Yom Kippur Mahzor; Ashkenaz, Ma'ariv for Motza'ei Yom Kippur 18",4087
"The Koren Yom Kippur Mahzor; Ashkenaz, Ma'ariv for Motza'ei Yom Kippur 19",4088
"The Koren Yom Kippur Mahzor; Ashkenaz, Ma'ariv for Motza'ei Yom Kippur 20",4089
"The Koren Yom Kippur Mahzor; Ashkenaz, Ma'ariv for Motza'ei Yom Kippur 21",4090
"The Koren Yom Kippur Mahzor; Ashkenaz, Ma'ariv for Motza'ei Yom Kippur 22",4091
"The Koren Yom Kippur Mahzor; Ashkenaz, Ma'ariv for Motza'ei Yom Kippur 23",4092
"The Koren Yom Kippur Mahzor; Ashkenaz, Ma'ariv for Motza'ei Yom Kippur 24",4093
"The Koren Yom Kippur Mahzor; Ashkenaz, Ma'ariv for Motza'ei Yom Kippur 25",4094
"The Koren Yom Kippur Mahzor; Ashkenaz, Ma'ariv for Motza'ei Yom Kippur 26",4095
"The Koren Yom Kippur Mahzor; Ashkenaz, Ma'ariv for Motza'ei Yom Kippur 27",4096
"The Koren Yom Kippur Mahzor; Ashkenaz, Ma'ariv for Motza'ei Yom Kippur 28",4097
"The Koren Yom Kippur Mahzor; Ashkenaz, Ma'ariv for Motza'ei Yom Kippur 29",4098
"The Koren Yom Kippur Mahzor; Ashkenaz, Ma'ariv for Motza'ei Yom Kippur 30",4099
"The Koren Yom Kippur Mahzor; Ashkenaz, Ma'ariv for Motza'ei Yom Kippur 31",4100
"The Koren Yom Kippur Mahzor; Ashkenaz, Ma'ariv for Motza'ei Yom Kippur 32",4101
"The Koren Yom Kippur Mahzor; Ashkenaz, Ma'ariv for Motza'ei Yom Kippur 33",4102
"The Koren Yom Kippur Mahzor; Ashkenaz, Ma'ariv for Motza'ei Yom Kippur 34",4103
"The Koren Yom Kippur Mahzor; Ashkenaz, Ma'ariv for Motza'ei Yom Kippur 35",4104
"The Koren Yom Kippur Mahzor; Ashkenaz, Ma'ariv for Motza'ei Yom Kippur 36",4105
"The Koren Yom Kippur Mahzor; Ashkenaz, Ma'ariv for Motza'ei Yom Kippur 37",4106
"The Koren Yom Kippur Mahzor; Ashkenaz, Ma'ariv for Motza'ei Yom Kippur 38",4107
"The Koren Yom Kippur Mahzor; Ashkenaz, Ma'ariv for Motza'ei Yom Kippur 39",4108
"The Koren Yom Kippur Mahzor; Ashkenaz, Ma'ariv for Motza'ei Yom Kippur 40",4109
"The Koren Yom Kippur Mahzor; Ashkenaz, Ma'ariv for Motza'ei Yom Kippur 41",4110
"The Koren Yom Kippur Mahzor; Ashkenaz, Ma'ariv for Motza'ei Yom Kippur 42",4111
"The Koren Yom Kippur Mahzor; Ashkenaz, Ma'ariv for Motza'ei Yom Kippur 43",4112
"The Koren Yom Kippur Mahzor; Ashkenaz, Ma'ariv for Motza'ei Yom Kippur 44",4113
"The Koren Yom Kippur Mahzor; Ashkenaz, Ma'ariv for Motza'ei Yom Kippur 45",4114
"The Koren Yom Kippur Mahzor; Ashkenaz, Ma'ariv for Motza'ei Yom Kippur 46",4115
"The Koren Yom Kippur Mahzor; Ashkenaz, Ma'ariv for Motza'ei Yom Kippur 47",4116
"The Koren Yom Kippur Mahzor; Ashkenaz, Ma'ariv for Motza'ei Yom Kippur 48",4117
"The Koren Yom Kippur Mahzor; Ashkenaz, Ma'ariv for Motza'ei Yom Kippur 49",4118
"The Koren Yom Kippur Mahzor; Ashkenaz, Ma'ariv for Motza'ei Yom Kippur 50",4119
"The Koren Yom Kippur Mahzor; Ashkenaz, Ma'ariv for Motza'ei Yom Kippur 51",4120
"The Koren Yom Kippur Mahzor; Ashkenaz, Ma'ariv for Motza'ei Yom Kippur 52",4121
"The Koren Yom Kippur Mahzor; Ashkenaz, Ma'ariv for Motza'ei Yom Kippur 53",4122
"The Koren Yom Kippur Mahzor; Ashkenaz, Ma'ariv for Motza'ei Yom Kippur 54",4123
"The Koren Yom Kippur Mahzor; Ashkenaz, Ma'ariv for Motza'ei Yom Kippur 55",4124
"The Koren Yom Kippur Mahzor; Ashkenaz, Ma'ariv for Motza'ei Yom Kippur 56",4125
"The Koren Yom Kippur Mahzor; Ashkenaz, Ma'ariv for Motza'ei Yom Kippur 57",4126
"The Koren Yom Kippur Mahzor; Ashkenaz, Ma'ariv for Motza'ei Yom Kippur 58",4127
"The Koren Yom Kippur Mahzor; Ashkenaz, Ma'ariv for Motza'ei Yom Kippur 59",4128
"The Koren Yom Kippur Mahzor; Ashkenaz, Ma'ariv for Motza'ei Yom Kippur 60",4129
"The Koren Yom Kippur Mahzor; Ashkenaz, Ma'ariv for Motza'ei Yom Kippur 61",4130
"The Koren Yom Kippur Mahzor; Ashkenaz, Ma'ariv for Motza'ei Yom Kippur 62",4131
"The Koren Yom Kippur Mahzor; Ashkenaz, Ma'ariv for Motza'ei Yom Kippur 63",4132
"The Koren Yom Kippur Mahzor; Ashkenaz, Ma'ariv for Motza'ei Yom Kippur 64",4133
"The Koren Yom Kippur Mahzor; Ashkenaz, Ma'ariv for Motza'ei Yom Kippur 65",4134
"The Koren Yom Kippur Mahzor; Ashkenaz, Ma'ariv for Motza'ei Yom Kippur 66",4135
"The Koren Yom Kippur Mahzor; Ashkenaz, Ma'ariv for Motza'ei Yom Kippur 67",4136
"The Koren Yom Kippur Mahzor; Ashkenaz, Ma'ariv for Motza'ei Yom Kippur 68",4137
"The Koren Yom Kippur Mahzor; Ashkenaz, Ma'ariv for Motza'ei Yom Kippur 69",4138
"The Koren Yom Kippur Mahzor; Ashkenaz, Ma'ariv for Motza'ei Yom Kippur 70",4139
"The Koren Yom Kippur Mahzor; Ashkenaz, Ma'ariv for Motza'ei Yom Kippur 71",4140
"The Koren Yom Kippur Mahzor; Ashkenaz, Ma'ariv for Motza'ei Yom Kippur 72",4141
"The Koren Yom Kippur Mahzor; Ashkenaz, Ma'ariv for Motza'ei Yom Kippur 73",4142
"The Koren Yom Kippur Mahzor; Ashkenaz, Ma'ariv for Motza'ei Yom Kippur 74",4143
"The Koren Yom Kippur Mahzor; Ashkenaz, Ma'ariv for Motza'ei Yom Kippur 75",4144
"The Koren Yom Kippur Mahzor; Ashkenaz, Ma'ariv for Motza'ei Yom Kippur 76",4145
"The Koren Yom Kippur Mahzor; Ashkenaz, Ma'ariv for Motza'ei Yom Kippur 77",4146
"The Koren Yom Kippur Mahzor; Ashkenaz, Ma'ariv for Motza'ei Yom Kippur 78",4147
"The Koren Yom Kippur Mahzor; Ashkenaz, Ma'ariv for Motza'ei Yom Kippur 79",4148
"The Koren Yom Kippur Mahzor; Ashkenaz, Ma'ariv for Motza'ei Yom Kippur 80",4149
"The Koren Yom Kippur Mahzor; Ashkenaz, Ma'ariv for Motza'ei Yom Kippur 81",4150
"The Koren Yom Kippur Mahzor; Ashkenaz, Ma'ariv for Motza'ei Yom Kippur 82",4151
"The Koren Yom Kippur Mahzor; Ashkenaz, Ma'ariv for Motza'ei Yom Kippur 83",4152
"The Koren Yom Kippur Mahzor; Ashkenaz, Ma'ariv for Motza'ei Yom Kippur 84",4153
"The Koren Yom Kippur Mahzor; Ashkenaz, Ma'ariv for Motza'ei Yom Kippur 85",4154
"The Koren Yom Kippur Mahzor; Ashkenaz, Ma'ariv for Motza'ei Yom Kippur 86",4155
"The Koren Yom Kippur Mahzor; Ashkenaz, Ma'ariv for Motza'ei Yom Kippur 87",4156
"The Koren Yom Kippur Mahzor; Ashkenaz, Ma'ariv for Motza'ei Yom Kippur 88",4157
"The Koren Yom Kippur Mahzor; Ashkenaz, Ma'ariv for Motza'ei Yom Kippur 89",4158
"The Koren Yom Kippur Mahzor; Ashkenaz, Ma'ariv for Motza'ei Yom Kippur 90",4159
"The Koren Yom Kippur Mahzor; Ashkenaz, Ma'ariv for Motza'ei Yom Kippur 91",4160
"The Koren Yom Kippur Mahzor; Ashkenaz, Ma'ariv for Motza'ei Yom Kippur 92",4161
"The Koren Yom Kippur Mahzor; Ashkenaz, Ma'ariv for Motza'ei Yom Kippur 93",4162
"The Koren Yom Kippur Mahzor; Ashkenaz, Ma'ariv for Motza'ei Yom Kippur 94",4163
"The Koren Yom Kippur Mahzor; Ashkenaz, Ma'ariv for Motza'ei Yom Kippur 95",4164
"The Koren Yom Kippur Mahzor; Ashkenaz, Ma'ariv for Motza'ei Yom Kippur 96",4165
"The Koren Yom Kippur Mahzor; Ashkenaz, Ma'ariv for Motza'ei Yom Kippur 97",4166
"The Koren Yom Kippur Mahzor; Ashkenaz, Ma'ariv for Motza'ei Yom Kippur 98",4167
"The Koren Yom Kippur Mahzor; Ashkenaz, Ma'ariv for Motza'ei Yom Kippur 99",4168
"The Koren Yom Kippur Mahzor; Ashkenaz, Ma'ariv for Motza'ei Yom Kippur 100",4169
"The Koren Yom Kippur Mahzor; Ashkenaz, Ma'ariv for Motza'ei Yom Kippur 101",4170
"The Koren Yom Kippur Mahzor; Ashkenaz, Ma'ariv for Motza'ei Yom Kippur 102",4171
"The Koren Yom Kippur Mahzor; Ashkenaz, Ma'ariv for Motza'ei Yom Kippur 103",4172
"The Koren Yom Kippur Mahzor; Ashkenaz, Ma'ariv for Motza'ei Yom Kippur 104",4173
"The Koren Yom Kippur Mahzor; Ashkenaz, Ma'ariv for Motza'ei Yom Kippur 105",4174
"The Koren Yom Kippur Mahzor; Ashkenaz, Ma'ariv for Motza'ei Yom Kippur 106",4175
"The Koren Yom Kippur Mahzor; Ashkenaz, Ma'ariv for Motza'ei Yom Kippur 107",4176
"The Koren Yom Kippur Mahzor; Ashkenaz, Ma'ariv for Motza'ei Yom Kippur 108",4177
"The Koren Yom Kippur Mahzor; Ashkenaz, Ma'ariv for Motza'ei Yom Kippur 109",4178
"The Koren Yom Kippur Mahzor; Ashkenaz, Ma'ariv for Motza'ei Yom Kippur 110",4179
"The Koren Yom Kippur Mahzor; Ashkenaz, Ma'ariv for Motza'ei Yom Kippur 111",4180
"The Koren Yom Kippur Mahzor; Ashkenaz, Ma'ariv for Motza'ei Yom Kippur 112",4181
"The Koren Yom Kippur Mahzor; Ashkenaz, Ma'ariv for Motza'ei Yom Kippur 113",4182
"The Koren Yom Kippur Mahzor; Ashkenaz, Ma'ariv for Motza'ei Yom Kippur 114",4183
"The Koren Yom Kippur Mahzor; Ashkenaz, Ma'ariv for Motza'ei Yom Kippur 115",4184
"The Koren Yom Kippur Mahzor; Ashkenaz, Ma'ariv for Motza'ei Yom Kippur 116",4185
"The Koren Yom Kippur Mahzor; Ashkenaz, Ma'ariv for Motza'ei Yom Kippur 117",4186
"The Koren Yom Kippur Mahzor; Ashkenaz, Ma'ariv for Motza'ei Yom Kippur 118",4187
"The Koren Yom Kippur Mahzor; Ashkenaz, Ma'ariv for Motza'ei Yom Kippur 119",4188
"The Koren Yom Kippur Mahzor; Ashkenaz, Ma'ariv for Motza'ei Yom Kippur 120",4189
"The Koren Yom Kippur Mahzor; Ashkenaz, Ma'ariv for Motza'ei Yom Kippur 121",4190
"The Koren Yom Kippur Mahzor; Ashkenaz, Ma'ariv for Motza'ei Yom Kippur 122",4191
"The Koren Yom Kippur Mahzor; Ashkenaz, Ma'ariv for Motza'ei Yom Kippur 123",4192
"The Koren Yom Kippur Mahzor; Ashkenaz, Ma'ariv for Motza'ei Yom Kippur 124",4193
"The Koren Yom Kippur Mahzor; Ashkenaz, Ma'ariv for Motza'ei Yom Kippur 125",4194
"The Koren Yom Kippur Mahzor; Ashkenaz, Ma'ariv for Motza'ei Yom Kippur 126",4195
"The Koren Yom Kippur Mahzor; Ashkenaz, Ma'ariv for Motza'ei Yom Kippur 127",4196
"The Koren Yom Kippur Mahzor; Ashkenaz, Ma'ariv for Motza'ei Yom Kippur 128",4197
"The Koren Yom Kippur Mahzor; Ashkenaz, Ma'ariv for Motza'ei Yom Kippur 129",4198
"The Koren Yom Kippur Mahzor; Ashkenaz, Ma'ariv for Motza'ei Yom Kippur 130",4199
"The Koren Yom Kippur Mahzor; Ashkenaz, Ma'ariv for Motza'ei Yom Kippur 131",4200
"The Koren Yom Kippur Mahzor; Ashkenaz, Ma'ariv for Motza'ei Yom Kippur 132",4201
"The Koren Yom Kippur Mahzor; Ashkenaz, Ma'ariv for Motza'ei Yom Kippur 133",4202
"The Koren Yom Kippur Mahzor; Ashkenaz, Ma'ariv for Motza'ei Yom Kippur 134",4203
"The Koren Yom Kippur Mahzor; Ashkenaz, Ma'ariv for Motza'ei Yom Kippur 135",4204
"The Koren Yom Kippur Mahzor; Ashkenaz, Ma'ariv for Motza'ei Yom Kippur 136",4205
"The Koren Yom Kippur Mahzor; Ashkenaz, Ma'ariv for Motza'ei Yom Kippur 137",4206
"The Koren Yom Kippur Mahzor; Ashkenaz, Ma'ariv for Motza'ei Yom Kippur 138",4207
"The Koren Yom Kippur Mahzor; Ashkenaz, Ma'ariv for Motza'ei Yom Kippur 139",4208
"The Koren Yom Kippur Mahzor; Ashkenaz, Ma'ariv for Motza'ei Yom Kippur 140",4209
"The Koren Yom Kippur Mahzor; Ashkenaz, Ma'ariv for Motza'ei Yom Kippur 141",4210
"The Koren Yom Kippur Mahzor; Ashkenaz, Ma'ariv for Motza'ei Yom Kippur 142",4211
"The Koren Yom Kippur Mahzor; Ashkenaz, Kiddush Levana 1",4213
"The Koren Yom Kippur Mahzor; Ashkenaz, Kiddush Levana 2",4214
"The Koren Yom Kippur Mahzor; Ashkenaz, Kiddush Levana 3",4215
"The Koren Yom Kippur Mahzor; Ashkenaz, Kiddush Levana 4",4216
"The Koren Yom Kippur Mahzor; Ashkenaz, Kiddush Levana 5",4217
"The Koren Yom Kippur Mahzor; Ashkenaz, Kiddush Levana 6",4218
"The Koren Yom Kippur Mahzor; Ashkenaz, Kiddush Levana 7",4219
"The Koren Yom Kippur Mahzor; Ashkenaz, Kiddush Levana 8",4220
"The Koren Yom Kippur Mahzor; Ashkenaz, Kiddush Levana 9",4221
"The Koren Yom Kippur Mahzor; Ashkenaz, Kiddush Levana 10",4222
"The Koren Yom Kippur Mahzor; Ashkenaz, Kiddush Levana 11",4223
"The Koren Yom Kippur Mahzor; Ashkenaz, Kiddush Levana 12",4224
"The Koren Yom Kippur Mahzor; Ashkenaz, Kiddush Levana 13",4225
"The Koren Yom Kippur Mahzor; Ashkenaz, Kiddush Levana 14",4226
"The Koren Yom Kippur Mahzor; Ashkenaz, Kiddush Levana 15",4227
"The Koren Yom Kippur Mahzor; Ashkenaz, Kiddush Levana 16",4228
"The Koren Yom Kippur Mahzor; Ashkenaz, Kiddush Levana 17",4229
"The Koren Yom Kippur Mahzor; Ashkenaz, Kiddush Levana 18",4230
"The Koren Yom Kippur Mahzor; Ashkenaz, Kiddush Levana 19",4231
"The Koren Yom Kippur Mahzor; Ashkenaz, Kiddush Levana 20",4232
"The Koren Yom Kippur Mahzor; Ashkenaz, Kiddush Levana 21",4233
"The Koren Yom Kippur Mahzor; Ashkenaz, Kiddush Levana 22",4234
"The Koren Yom Kippur Mahzor; Ashkenaz, Kiddush Levana 23",4235
"The Koren Yom Kippur Mahzor; Ashkenaz, Kiddush Levana 24",4236
"The Koren Yom Kippur Mahzor; Ashkenaz, Kiddush Levana 25",4237
"The Koren Yom Kippur Mahzor; Ashkenaz, Kiddush Levana 26",4238
"The Koren Yom Kippur Mahzor; Ashkenaz, Kiddush Levana 27",4239
"The Koren Yom Kippur Mahzor; Ashkenaz, Kiddush Levana 28",4240
"The Koren Yom Kippur Mahzor; Ashkenaz, Kiddush Levana 29",4241
"The Koren Yom Kippur Mahzor; Ashkenaz, Kiddush Levana 30",4242
"The Koren Yom Kippur Mahzor; Ashkenaz, Kiddush Levana 31",4243
"The Koren Yom Kippur Mahzor; Ashkenaz, Kiddush Levana 32",4244
"The Koren Yom Kippur Mahzor; Ashkenaz, Kiddush Levana 33",4245
"The Koren Yom Kippur Mahzor; Ashkenaz, Kiddush Levana 34",4246
"The Koren Yom Kippur Mahzor; Ashkenaz, Kiddush Levana 35",4247
"The Koren Yom Kippur Mahzor; Ashkenaz, Kiddush Levana 36",4248
"The Koren Yom Kippur Mahzor; Ashkenaz, Kiddush Levana 37",4249
"The Koren Yom Kippur Mahzor; Ashkenaz, Kiddush Levana 38",4250
"The Koren Yom Kippur Mahzor; Ashkenaz, Kiddush Levana 39",4251
"The Koren Yom Kippur Mahzor; Ashkenaz, Kiddush Levana 40",4252
"The Koren Yom Kippur Mahzor; Ashkenaz, Havdala 1",4254
"The Koren Yom Kippur Mahzor; Ashkenaz, Havdala 2",4255
"The Koren Yom Kippur Mahzor; Ashkenaz, Havdala 3",4256
"The Koren Yom Kippur Mahzor; Ashkenaz, Havdala 4",4257
"The Koren Yom Kippur Mahzor; Ashkenaz, Havdala 5",4258
"The Koren Yom Kippur Mahzor; Ashkenaz, Havdala 6",4259
"The Koren Yom Kippur Mahzor; Ashkenaz, Havdala 7",4260
"The Koren Yom Kippur Mahzor; Ashkenaz, Havdala 8",4261
"The Koren Yom Kippur Mahzor; Ashkenaz, Havdala 9",4262
"The Koren Yom Kippur Mahzor; Ashkenaz, Havdala 10",4263
"The Koren Yom Kippur Mahzor; Ashkenaz, Havdala 11",4264
"The Koren Yom Kippur Mahzor; Ashkenaz, Havdala 12",4265
"The Koren Yom Kippur Mahzor; Ashkenaz, Havdala 13",4266
"The Koren Yom Kippur Mahzor; Ashkenaz, Havdala 14",4267
"The Koren Yom Kippur Mahzor; Ashkenaz, Havdala 15",4268
"The Koren Yom Kippur Mahzor; Ashkenaz, Havdala 16",4269
"The Koren Yom Kippur Mahzor; Ashkenaz, Havdala 17",4270
"The Koren Yom Kippur Mahzor; Ashkenaz, Havdala 18",4271
"The Koren Yom Kippur Mahzor; Ashkenaz, Havdala 19",4272
"The Koren Yom Kippur Mahzor; Ashkenaz, Havdala 20",4273
"The Koren Yom Kippur Mahzor; Ashkenaz, Havdala 21",4274
"The Koren Yom Kippur Mahzor; Ashkenaz, Birkat Kohanim In Israel 1",4276
"The Koren Yom Kippur Mahzor; Ashkenaz, Birkat Kohanim In Israel 2",4277
"The Koren Yom Kippur Mahzor; Ashkenaz, Birkat Kohanim In Israel 3",4278
"The Koren Yom Kippur Mahzor; Ashkenaz, Birkat Kohanim In Israel 4",4279
"The Koren Yom Kippur Mahzor; Ashkenaz, Birkat Kohanim In Israel 5",4280
"The Koren Yom Kippur Mahzor; Ashkenaz, Birkat Kohanim In Israel 6",4281
"The Koren Yom Kippur Mahzor; Ashkenaz, Birkat Kohanim In Israel 7",4282
"The Koren Yom Kippur Mahzor; Ashkenaz, Birkat Kohanim In Israel 8",4283
"The Koren Yom Kippur Mahzor; Ashkenaz, Birkat Kohanim In Israel 9",4284
"The Koren Yom Kippur Mahzor; Ashkenaz, Birkat Kohanim In Israel 10",4285
"The Koren Yom Kippur Mahzor; Ashkenaz, Birkat Kohanim In Israel 11",4286
"The Koren Yom Kippur Mahzor; Ashkenaz, Birkat Kohanim In Israel 12",4287
"The Koren Yom Kippur Mahzor; Ashkenaz, Seder HaAvoda Nusah Sepharad 1",4289
"The Koren Yom Kippur Mahzor; Ashkenaz, Seder HaAvoda Nusah Sepharad 2",4290
"The Koren Yom Kippur Mahzor; Ashkenaz, Seder HaAvoda Nusah Sepharad 3",4291
"The Koren Yom Kippur Mahzor; Ashkenaz, Seder HaAvoda Nusah Sepharad 4",4292
"The Koren Yom Kippur Mahzor; Ashkenaz, Seder HaAvoda Nusah Sepharad 5",4293
"The Koren Yom Kippur Mahzor; Ashkenaz, Seder HaAvoda Nusah Sepharad 6",4294
"The Koren Yom Kippur Mahzor; Ashkenaz, Seder HaAvoda Nusah Sepharad 7",4295
"The Koren Yom Kippur Mahzor; Ashkenaz, Seder HaAvoda Nusah Sepharad 8",4296
"The Koren Yom Kippur Mahzor; Ashkenaz, Seder HaAvoda Nusah Sepharad 9",4297
"The Koren Yom Kippur Mahzor; Ashkenaz, Seder HaAvoda Nusah Sepharad 10",4298
"The Koren Yom Kippur Mahzor; Ashkenaz, Seder HaAvoda Nusah Sepharad 11",4299
"The Koren Yom Kippur Mahzor; Ashkenaz, Seder HaAvoda Nusah Sepharad 12",4300
"The Koren Yom Kippur Mahzor; Ashkenaz, Seder HaAvoda Nusah Sepharad 13",4301
"The Koren Yom Kippur Mahzor; Ashkenaz, Seder HaAvoda Nusah Sepharad 14",4302
"The Koren Yom Kippur Mahzor; Ashkenaz, Seder HaAvoda Nusah Sepharad 15",4303
"The Koren Yom Kippur Mahzor; Ashkenaz, Seder HaAvoda Nusah Sepharad 16",4304
"The Koren Yom Kippur Mahzor; Ashkenaz, Seder HaAvoda Nusah Sepharad 17",4305
"The Koren Yom Kippur Mahzor; Ashkenaz, Seder HaAvoda Nusah Sepharad 18",4306
"The Koren Yom Kippur Mahzor; Ashkenaz, Seder HaAvoda Nusah Sepharad 19",4307
"The Koren Yom Kippur Mahzor; Ashkenaz, Seder HaAvoda Nusah Sepharad 20",4308
"The Koren Yom Kippur Mahzor; Ashkenaz, Seder HaAvoda Nusah Sepharad 21",4309
"The Koren Yom Kippur Mahzor; Ashkenaz, Seder HaAvoda Nusah Sepharad 22",4310
"The Koren Yom Kippur Mahzor; Ashkenaz, Seder HaAvoda Nusah Sepharad 23",4311
"The Koren Yom Kippur Mahzor; Ashkenaz, Seder HaAvoda Nusah Sepharad 24",4312
"The Koren Yom Kippur Mahzor; Ashkenaz, Seder HaAvoda Nusah Sepharad 25",4313
"The Koren Yom Kippur Mahzor; Ashkenaz, Seder HaAvoda Nusah Sepharad 26",4314
"The Koren Yom Kippur Mahzor; Ashkenaz, Seder HaAvoda Nusah Sepharad 27",4315
"The Koren Yom Kippur Mahzor; Ashkenaz, Seder HaAvoda Nusah Sepharad 28",4316
"The Koren Yom Kippur Mahzor; Ashkenaz, Seder HaAvoda Nusah Sepharad 29",4317
"The Koren Yom Kippur Mahzor; Ashkenaz, Seder HaAvoda Nusah Sepharad 30",4318
"The Koren Yom Kippur Mahzor; Ashkenaz, Seder HaAvoda Nusah Sepharad 31",4319
"The Koren Yom Kippur Mahzor; Ashkenaz, Seder HaAvoda Nusah Sepharad 32",4320
"The Koren Yom Kippur Mahzor; Ashkenaz, Seder HaAvoda Nusah Sepharad 33",4321
"The Koren Yom Kippur Mahzor; Ashkenaz, Seder HaAvoda Nusah Sepharad 34",4322
"The Koren Yom Kippur Mahzor; Ashkenaz, Seder HaAvoda Nusah Sepharad 35",4323
"The Koren Yom Kippur Mahzor; Ashkenaz, Seder HaAvoda Nusah Sepharad 36",4324
"The Koren Yom Kippur Mahzor; Ashkenaz, Seder HaAvoda Nusah Sepharad 37",4325
"The Koren Yom Kippur Mahzor; Ashkenaz, Seder HaAvoda Nusah Sepharad 38",4326
"The Koren Yom Kippur Mahzor; Ashkenaz, Seder HaAvoda Nusah Sepharad 39",4327
"The Koren Yom Kippur Mahzor; Ashkenaz, Seder HaAvoda Nusah Sepharad 40",4328
"The Koren Yom Kippur Mahzor; Ashkenaz, Seder HaAvoda Nusah Sepharad 41",4329
"The Koren Yom Kippur Mahzor; Ashkenaz, Seder HaAvoda Nusah Sepharad 42",4330
"The Koren Yom Kippur Mahzor; Ashkenaz, Seder HaAvoda Nusah Sepharad 43",4331
"The Koren Yom Kippur Mahzor; Ashkenaz, Seder HaAvoda Nusah Sepharad 44",4332
"The Koren Yom Kippur Mahzor; Ashkenaz, Seder HaAvoda Nusah Sepharad 45",4333
"The Koren Yom Kippur Mahzor; Ashkenaz, Seder HaAvoda Nusah Sepharad 46",4334
"The Koren Yom Kippur Mahzor; Ashkenaz, Seder HaAvoda Nusah Sepharad 47",4335
"The Koren Yom Kippur Mahzor; Ashkenaz, Seder HaAvoda Nusah Sepharad 48",4336
"The Koren Yom Kippur Mahzor; Ashkenaz, Seder HaAvoda Nusah Sepharad 49",4337
"The Koren Yom Kippur Mahzor; Ashkenaz, Seder HaAvoda Nusah Sepharad 50",4338
"The Koren Yom Kippur Mahzor; Ashkenaz, Seder HaAvoda Nusah Sepharad 51",4339
"The Koren Yom Kippur Mahzor; Ashkenaz, Seder HaAvoda Nusah Sepharad 52",4340
"The Koren Yom Kippur Mahzor; Ashkenaz, Seder HaAvoda Nusah Sepharad 53",4341
"The Koren Yom Kippur Mahzor; Ashkenaz, Seder HaAvoda Nusah Sepharad 54",4342
"The Koren Yom Kippur Mahzor; Ashkenaz, Seder HaAvoda Nusah Sepharad 55",4343
"The Koren Yom Kippur Mahzor; Ashkenaz, Seder HaAvoda Nusah Sepharad 56",4344
"The Koren Yom Kippur Mahzor; Ashkenaz, Seder HaAvoda Nusah Sepharad 57",4345
"The Koren Yom Kippur Mahzor; Ashkenaz, Seder HaAvoda Nusah Sepharad 58",4346
"The Koren Yom Kippur Mahzor; Ashkenaz, Seder HaAvoda Nusah Sepharad 59",4347
"The Koren Yom Kippur Mahzor; Ashkenaz, Seder HaAvoda Nusah Sepharad 60",4348
"The Koren Yom Kippur Mahzor; Ashkenaz, Seder HaAvoda Nusah Sepharad 61",4349
"The Koren Yom Kippur Mahzor; Ashkenaz, Seder HaAvoda Nusah Sepharad 62",4350
"The Koren Yom Kippur Mahzor; Ashkenaz, Seder HaAvoda Nusah Sepharad 63",4351
"The Koren Yom Kippur Mahzor; Ashkenaz, Seder HaAvoda Nusah Sepharad 64",4352
"The Koren Yom Kippur Mahzor; Ashkenaz, Seder HaAvoda Nusah Sepharad 65",4353
"The Koren Yom Kippur Mahzor; Ashkenaz, Seder HaAvoda Nusah Sepharad 66",4354
"The Koren Yom Kippur Mahzor; Ashkenaz, Seder HaAvoda Nusah Sepharad 67",4355
"The Koren Yom Kippur Mahzor; Ashkenaz, Seder HaAvoda Nusah Sepharad 68",4356
"The Koren Yom Kippur Mahzor; Ashkenaz, Seder HaAvoda Nusah Sepharad 69",4357
"The Koren Yom Kippur Mahzor; Ashkenaz, Seder HaAvoda Nusah Sepharad 70",4358
"The Koren Yom Kippur Mahzor; Ashkenaz, Additional Piyutim 1",4360
"The Koren Yom Kippur Mahzor; Ashkenaz, Additional Piyutim 2",4361
"The Koren Yom Kippur Mahzor; Ashkenaz, Additional Piyutim 3",4362
"The Koren Yom Kippur Mahzor; Ashkenaz, Additional Piyutim 4",4363
"The Koren Yom Kippur Mahzor; Ashkenaz, Additional Piyutim 5",4364
"The Koren Yom Kippur Mahzor; Ashkenaz, Additional Piyutim 6",4365
"The Koren Yom Kippur Mahzor; Ashkenaz, Additional Piyutim 7",4366
"The Koren Yom Kippur Mahzor; Ashkenaz, Additional Piyutim 8",4367
"The Koren Yom Kippur Mahzor; Ashkenaz, Additional Piyutim 9",4368
"The Koren Yom Kippur Mahzor; Ashkenaz, Additional Piyutim 10",4369
"The Koren Yom Kippur Mahzor; Ashkenaz, Additional Piyutim 11",4370
"The Koren Yom Kippur Mahzor; Ashkenaz, Additional Piyutim 12",4371
"The Koren Yom Kippur Mahzor; Ashkenaz, Additional Piyutim 13",4372
"The Koren Yom Kippur Mahzor; Ashkenaz, Additional Piyutim 14",4373
"The Koren Yom Kippur Mahzor; Ashkenaz, Additional Piyutim 15",4374
"The Koren Yom Kippur Mahzor; Ashkenaz, Additional Piyutim 16",4375
"The Koren Yom Kippur Mahzor; Ashkenaz, Additional Piyutim 17",4376
"The Koren Yom Kippur Mahzor; Ashkenaz, Additional Piyutim 18",4377
"The Koren Yom Kippur Mahzor; Ashkenaz, Additional Piyutim 19",4378
"The Koren Yom Kippur Mahzor; Ashkenaz, Additional Piyutim 20",4379
"The Koren Yom Kippur Mahzor; Ashkenaz, Additional Piyutim 21",4380
"The Koren Yom Kippur Mahzor; Ashkenaz, Additional Piyutim 22",4381
"The Koren Yom Kippur Mahzor; Ashkenaz, Additional Piyutim 23",4382
"The Koren Yom Kippur Mahzor; Ashkenaz, Additional Piyutim 24",4383
"The Koren Yom Kippur Mahzor; Ashkenaz, Additional Piyutim 25",4384
"The Koren Yom Kippur Mahzor; Ashkenaz, Additional Piyutim 26",4385
"The Koren Yom Kippur Mahzor; Ashkenaz, Additional Piyutim 27",4386
"The Koren Yom Kippur Mahzor; Ashkenaz, Additional Piyutim 28",4387
"The Koren Yom Kippur Mahzor; Ashkenaz, Additional Piyutim 29",4388
"The Koren Yom Kippur Mahzor; Ashkenaz, Additional Piyutim 30",4389
"The Koren Yom Kippur Mahzor; Ashkenaz, Additional Piyutim 31",4390
"The Koren Yom Kippur Mahzor; Ashkenaz, Additional Piyutim 32",4391
"The Koren Yom Kippur Mahzor; Ashkenaz, Additional Piyutim 33",4392
"The Koren Yom Kippur Mahzor; Ashkenaz, Additional Piyutim 34",4393
"The Koren Yom Kippur Mahzor; Ashkenaz, Additional Piyutim 35",4394
"The Koren Yom Kippur Mahzor; Ashkenaz, Additional Piyutim 36",4395
"The Koren Yom Kippur Mahzor; Ashkenaz, Additional Piyutim 37",4396
"The Koren Yom Kippur Mahzor; Ashkenaz, Additional Piyutim 38",4397
"The Koren Yom Kippur Mahzor; Ashkenaz, Additional Piyutim 39",4398
"The Koren Yom Kippur Mahzor; Ashkenaz, Additional Piyutim 40",4399
"The Koren Yom Kippur Mahzor; Ashkenaz, Additional Piyutim 41",4400
"The Koren Yom Kippur Mahzor; Ashkenaz, Additional Piyutim 42",4401
"The Koren Yom Kippur Mahzor; Ashkenaz, Additional Piyutim 43",4402
"The Koren Yom Kippur Mahzor; Ashkenaz, Additional Piyutim 44",4403
"The Koren Yom Kippur Mahzor; Ashkenaz, Additional Piyutim 45",4404
"The Koren Yom Kippur Mahzor; Ashkenaz, Additional Piyutim 46",4405
"The Koren Yom Kippur Mahzor; Ashkenaz, Additional Piyutim 47",4406
"The Koren Yom Kippur Mahzor; Ashkenaz, Additional Piyutim 48",4407
"The Koren Yom Kippur Mahzor; Ashkenaz, Additional Piyutim 49",4408
"The Koren Yom Kippur Mahzor; Ashkenaz, Additional Piyutim 50",4409
"The Koren Yom Kippur Mahzor; Ashkenaz, Additional Piyutim 51",4410
"The Koren Yom Kippur Mahzor; Ashkenaz, Additional Piyutim 52",4411
"The Koren Yom Kippur Mahzor; Ashkenaz, Additional Piyutim 53",4412
"The Koren Yom Kippur Mahzor; Ashkenaz, Additional Piyutim 54",4413
"The Koren Yom Kippur Mahzor; Ashkenaz, Additional Piyutim 55",4414
"The Koren Yom Kippur Mahzor; Ashkenaz, Additional Piyutim 56",4415
"The Koren Yom Kippur Mahzor; Ashkenaz, Additional Piyutim 57",4416
"The Koren Yom Kippur Mahzor; Ashkenaz, Additional Piyutim 58",4417
"The Koren Yom Kippur Mahzor; Ashkenaz, Additional Piyutim 59",4418
"The Koren Yom Kippur Mahzor; Ashkenaz, Additional Piyutim 60",4419
"The Koren Yom Kippur Mahzor; Ashkenaz, Additional Piyutim 61",4420
"The Koren Yom Kippur Mahzor; Ashkenaz, Additional Piyutim 62",4421
"The Koren Yom Kippur Mahzor; Ashkenaz, Additional Piyutim 63",4422
"The Koren Yom Kippur Mahzor; Ashkenaz, Additional Piyutim 64",4423
"The Koren Yom Kippur Mahzor; Ashkenaz, Additional Piyutim 65",4424
"The Koren Yom Kippur Mahzor; Ashkenaz, Additional Piyutim 66",4425
"The Koren Yom Kippur Mahzor; Ashkenaz, Additional Piyutim 67",4426
"The Koren Yom Kippur Mahzor; Ashkenaz, Additional Piyutim 68",4427
"The Koren Yom Kippur Mahzor; Ashkenaz, Additional Piyutim 69",4428
"The Koren Yom Kippur Mahzor; Ashkenaz, Additional Piyutim 70",4429
"The Koren Yom Kippur Mahzor; Ashkenaz, Additional Piyutim 71",4430
"The Koren Yom Kippur Mahzor; Ashkenaz, Additional Piyutim 72",4431
"The Koren Yom Kippur Mahzor; Ashkenaz, Additional Piyutim 73",4432
"The Koren Yom Kippur Mahzor; Ashkenaz, Additional Piyutim 74",4433
"The Koren Yom Kippur Mahzor; Ashkenaz, Additional Piyutim 75",4434
"The Koren Yom Kippur Mahzor; Ashkenaz, Additional Piyutim 76",4435
"The Koren Yom Kippur Mahzor; Ashkenaz, Additional Piyutim 77",4436
"The Koren Yom Kippur Mahzor; Ashkenaz, Additional Piyutim 78",4437
"The Koren Yom Kippur Mahzor; Ashkenaz, Additional Piyutim 79",4438
"The Koren Yom Kippur Mahzor; Ashkenaz, Additional Piyutim 80",4439
"The Koren Yom Kippur Mahzor; Ashkenaz, Additional Piyutim 81",4440
"The Koren Yom Kippur Mahzor; Ashkenaz, Additional Piyutim 82",4441
"The Koren Yom Kippur Mahzor; Ashkenaz, Additional Piyutim 83",4442
"The Koren Yom Kippur Mahzor; Ashkenaz, Additional Piyutim 84",4443
"The Koren Yom Kippur Mahzor; Ashkenaz, Additional Piyutim 85",4444
"The Koren Yom Kippur Mahzor; Ashkenaz, Additional Piyutim 86",4445
"The Koren Yom Kippur Mahzor; Ashkenaz, Additional Piyutim 87",4446
"The Koren Yom Kippur Mahzor; Ashkenaz, Additional Piyutim 88",4447
"The Koren Yom Kippur Mahzor; Ashkenaz, Additional Piyutim 89",4448
"The Koren Yom Kippur Mahzor; Ashkenaz, Additional Piyutim 90",4449
"The Koren Yom Kippur Mahzor; Ashkenaz, Additional Piyutim 91",4450
"The Koren Yom Kippur Mahzor; Ashkenaz, Additional Piyutim 92",4451
"The Koren Yom Kippur Mahzor; Ashkenaz, Additional Piyutim 93",4452
"The Koren Yom Kippur Mahzor; Ashkenaz, Additional Piyutim 94",4453
"The Koren Yom Kippur Mahzor; Ashkenaz, Additional Piyutim 95",4454
"The Koren Yom Kippur Mahzor; Ashkenaz, Additional Piyutim 96",4455
"The Koren Yom Kippur Mahzor; Ashkenaz, Additional Piyutim 97",4456
"The Koren Yom Kippur Mahzor; Ashkenaz, Additional Piyutim 98",4457
"The Koren Yom Kippur Mahzor; Ashkenaz, Additional Piyutim 99",4458
"The Koren Yom Kippur Mahzor; Ashkenaz, Additional Piyutim 100",4459
"The Koren Yom Kippur Mahzor; Ashkenaz, Additional Piyutim 101",4460
"The Koren Yom Kippur Mahzor; Ashkenaz, Additional Piyutim 102",4461
"The Koren Yom Kippur Mahzor; Ashkenaz, Additional Piyutim 103",4462
"The Koren Yom Kippur Mahzor; Ashkenaz, Additional Piyutim 104",4463
"The Koren Yom Kippur Mahzor; Ashkenaz, Additional Piyutim 105",4464
"The Koren Yom Kippur Mahzor; Ashkenaz, Additional Piyutim 106",4465
"The Koren Yom Kippur Mahzor; Ashkenaz, Additional Piyutim 107",4466
"The Koren Yom Kippur Mahzor; Ashkenaz, Additional Piyutim 108",4467
"The Koren Yom Kippur Mahzor; Ashkenaz, Additional Piyutim 109",4468
"The Koren Yom Kippur Mahzor; Ashkenaz, Additional Piyutim 110",4469
"The Koren Yom Kippur Mahzor; Ashkenaz, Additional Piyutim 111",4470
"The Koren Yom Kippur Mahzor; Ashkenaz, Additional Piyutim 112",4471
"The Koren Yom Kippur Mahzor; Ashkenaz, Additional Piyutim 113",4472
"The Koren Yom Kippur Mahzor; Ashkenaz, Additional Piyutim 114",4473
"The Koren Yom Kippur Mahzor; Ashkenaz, Additional Piyutim 115",4474
"The Koren Yom Kippur Mahzor; Ashkenaz, Additional Piyutim 116",4475
"The Koren Yom Kippur Mahzor; Ashkenaz, Additional Piyutim 117",4476
"The Koren Yom Kippur Mahzor; Ashkenaz, Additional Piyutim 118",4477
"The Koren Yom Kippur Mahzor; Ashkenaz, Additional Piyutim 119",4478
"The Koren Yom Kippur Mahzor; Ashkenaz, Additional Piyutim 120",4479
"The Koren Yom Kippur Mahzor; Ashkenaz, Additional Piyutim 121",4480
"The Koren Yom Kippur Mahzor; Ashkenaz, Additional Piyutim 122",4481
"The Koren Yom Kippur Mahzor; Ashkenaz, Additional Piyutim 123",4482
"The Koren Yom Kippur Mahzor; Ashkenaz, Additional Piyutim 124",4483
"The Koren Yom Kippur Mahzor; Ashkenaz, Additional Piyutim 125",4484
"The Koren Yom Kippur Mahzor; Ashkenaz, Additional Piyutim 126",4485
"The Koren Yom Kippur Mahzor; Ashkenaz, Additional Piyutim 127",4486
"The Koren Yom Kippur Mahzor; Ashkenaz, Additional Piyutim 128",4487
"The Koren Yom Kippur Mahzor; Ashkenaz, Additional Piyutim 129",4488
"The Koren Yom Kippur Mahzor; Ashkenaz, Additional Piyutim 130",4489
"The Koren Yom Kippur Mahzor; Ashkenaz, Additional Piyutim 131",4490
"The Koren Yom Kippur Mahzor; Ashkenaz, Additional Piyutim 132",4491
"The Koren Yom Kippur Mahzor; Ashkenaz, Additional Piyutim 133",4492
"The Koren Yom Kippur Mahzor; Ashkenaz, Additional Piyutim 134",4493
"The Koren Yom Kippur Mahzor; Ashkenaz, Additional Piyutim 135",4494
"The Koren Yom Kippur Mahzor; Ashkenaz, Additional Piyutim 136",4495
"The Koren Yom Kippur Mahzor; Ashkenaz, Additional Piyutim 137",4496
"The Koren Yom Kippur Mahzor; Ashkenaz, Additional Piyutim 138",4497
"The Koren Yom Kippur Mahzor; Ashkenaz, Additional Piyutim 139",4498
"The Koren Yom Kippur Mahzor; Ashkenaz, Additional Piyutim 140",4499
"The Koren Yom Kippur Mahzor; Ashkenaz, Additional Piyutim 141",4500
"The Koren Yom Kippur Mahzor; Ashkenaz, Additional Piyutim 142",4501
"The Koren Yom Kippur Mahzor; Ashkenaz, Additional Piyutim 143",4502
"The Koren Yom Kippur Mahzor; Ashkenaz, Additional Piyutim 144",4503
"The Koren Yom Kippur Mahzor; Ashkenaz, Additional Piyutim 145",4504
"The Koren Yom Kippur Mahzor; Ashkenaz, Additional Piyutim 146",4505
"The Koren Yom Kippur Mahzor; Ashkenaz, Additional Piyutim 147",4506
"The Koren Yom Kippur Mahzor; Ashkenaz, Additional Piyutim 148",4507
"The Koren Yom Kippur Mahzor; Ashkenaz, Additional Piyutim 149",4508
"The Koren Yom Kippur Mahzor; Ashkenaz, Additional Piyutim 150",4509
"The Koren Yom Kippur Mahzor; Ashkenaz, Additional Piyutim 151",4510
"The Koren Yom Kippur Mahzor; Ashkenaz, Additional Piyutim 152",4511
"The Koren Yom Kippur Mahzor; Ashkenaz, Additional Piyutim 153",4512
"The Koren Yom Kippur Mahzor; Ashkenaz, Additional Piyutim 154",4513
"The Koren Yom Kippur Mahzor; Ashkenaz, Additional Piyutim 155",4514
"The Koren Yom Kippur Mahzor; Ashkenaz, Additional Piyutim 156",4515
"The Koren Yom Kippur Mahzor; Ashkenaz, Additional Piyutim 157",4516
"The Koren Yom Kippur Mahzor; Ashkenaz, Additional Piyutim 158",4517
"The Koren Yom Kippur Mahzor; Ashkenaz, Additional Piyutim 159",4518
"The Koren Yom Kippur Mahzor; Ashkenaz, Additional Piyutim 160",4519
"The Koren Yom Kippur Mahzor; Ashkenaz, Additional Piyutim 161",4520
"The Koren Yom Kippur Mahzor; Ashkenaz, Additional Piyutim 162",4521
"The Koren Yom Kippur Mahzor; Ashkenaz, Additional Piyutim 163",4522
"The Koren Yom Kippur Mahzor; Ashkenaz, Additional Piyutim 164",4523
"The Koren Yom Kippur Mahzor; Ashkenaz, Additional Piyutim 165",4524
"The Koren Yom Kippur Mahzor; Ashkenaz, Additional Piyutim 166",4525
"The Koren Yom Kippur Mahzor; Ashkenaz, Additional Piyutim 167",4526
"The Koren Yom Kippur Mahzor; Ashkenaz, Additional Piyutim 168",4527
"The Koren Yom Kippur Mahzor; Ashkenaz, Additional Piyutim 169",4528
"The Koren Yom Kippur Mahzor; Ashkenaz, Additional Piyutim 170",4529
"The Koren Yom Kippur Mahzor; Ashkenaz, Additional Piyutim 171",4530
"The Koren Yom Kippur Mahzor; Ashkenaz, Additional Piyutim 172",4531
"The Koren Yom Kippur Mahzor; Ashkenaz, Additional Piyutim 173",4532
"The Koren Yom Kippur Mahzor; Ashkenaz, Additional Piyutim 174",4533
"The Koren Yom Kippur Mahzor; Ashkenaz, Additional Piyutim 175",4534
"The Koren Yom Kippur Mahzor; Ashkenaz, Additional Piyutim 176",4535
"The Koren Yom Kippur Mahzor; Ashkenaz, Additional Piyutim 177",4536
"The Koren Yom Kippur Mahzor; Ashkenaz, Additional Piyutim 178",4537
"The Koren Yom Kippur Mahzor; Ashkenaz, Additional Piyutim 179",4538
"The Koren Yom Kippur Mahzor; Ashkenaz, Additional Piyutim 180",4539
"The Koren Yom Kippur Mahzor; Ashkenaz, Additional Piyutim 181",4540
"The Koren Yom Kippur Mahzor; Ashkenaz, Additional Piyutim 182",4541
"The Koren Yom Kippur Mahzor; Ashkenaz, Additional Piyutim 183",4542
"The Koren Yom Kippur Mahzor; Ashkenaz, Additional Piyutim 184",4543
"The Koren Yom Kippur Mahzor; Ashkenaz, Additional Piyutim 185",4544
"The Koren Yom Kippur Mahzor; Ashkenaz, Additional Piyutim 186",4545
"The Koren Yom Kippur Mahzor; Ashkenaz, Additional Piyutim 187",4546
"The Koren Yom Kippur Mahzor; Ashkenaz, Additional Piyutim 188",4547
"The Koren Yom Kippur Mahzor; Ashkenaz, Additional Piyutim 189",4548
"The Koren Yom Kippur Mahzor; Ashkenaz, Additional Piyutim 190",4549
"The Koren Yom Kippur Mahzor; Ashkenaz, Additional Piyutim 191",4550
"The Koren Yom Kippur Mahzor; Ashkenaz, Additional Piyutim 192",4551
"The Koren Yom Kippur Mahzor; Ashkenaz, Additional Piyutim 193",4552
"The Koren Yom Kippur Mahzor; Ashkenaz, Additional Piyutim 194",4553
"The Koren Yom Kippur Mahzor; Ashkenaz, Additional Piyutim 195",4554
"The Koren Yom Kippur Mahzor; Ashkenaz, Additional Piyutim 196",4555
"The Koren Yom Kippur Mahzor; Ashkenaz, Additional Piyutim 197",4556
"The Koren Yom Kippur Mahzor; Ashkenaz, Additional Piyutim 198",4557
"The Koren Yom Kippur Mahzor; Ashkenaz, Additional Piyutim 199",4558
"The Koren Yom Kippur Mahzor; Ashkenaz, Additional Piyutim 200",4559
"The Koren Yom Kippur Mahzor; Ashkenaz, Additional Piyutim 201",4560
"The Koren Yom Kippur Mahzor; Ashkenaz, Additional Piyutim 202",4561
"The Koren Yom Kippur Mahzor; Ashkenaz, Additional Piyutim 203",4562
"The Koren Yom Kippur Mahzor; Ashkenaz, Additional Piyutim 204",4563
"The Koren Yom Kippur Mahzor; Ashkenaz, Additional Piyutim 205",4564
"The Koren Yom Kippur Mahzor; Ashkenaz, Additional Piyutim 206",4565
"The Koren Yom Kippur Mahzor; Ashkenaz, Additional Piyutim 207",4566
"The Koren Yom Kippur Mahzor; Ashkenaz, Additional Piyutim 208",4567
"The Koren Yom Kippur Mahzor; Ashkenaz, Additional Piyutim 209",4568
"The Koren Yom Kippur Mahzor; Ashkenaz, Additional Piyutim 210",4569
"The Koren Yom Kippur Mahzor; Ashkenaz, Additional Piyutim 211",4570
"The Koren Yom Kippur Mahzor; Ashkenaz, Additional Piyutim 212",4571
"The Koren Yom Kippur Mahzor; Ashkenaz, Additional Piyutim 213",4572
"The Koren Yom Kippur Mahzor; Ashkenaz, Additional Piyutim 214",4573
"The Koren Yom Kippur Mahzor; Ashkenaz, Additional Piyutim 215",4574
"The Koren Yom Kippur Mahzor; Ashkenaz, Additional Piyutim 216",4575
"The Koren Yom Kippur Mahzor; Ashkenaz, Additional Piyutim 217",4576
"The Koren Yom Kippur Mahzor; Ashkenaz, Additional Piyutim 218",4577
"The Koren Yom Kippur Mahzor; Ashkenaz, Additional Piyutim 219",4578
"The Koren Yom Kippur Mahzor; Ashkenaz, Additional Piyutim 220",4579
"The Koren Yom Kippur Mahzor; Ashkenaz, Additional Piyutim 221",4580
"The Koren Yom Kippur Mahzor; Ashkenaz, Additional Piyutim 222",4581
"The Koren Yom Kippur Mahzor; Ashkenaz, Additional Piyutim 223",4582
"The Koren Yom Kippur Mahzor; Ashkenaz, Additional Piyutim 224",4583
"The Koren Yom Kippur Mahzor; Ashkenaz, Additional Piyutim 225",4584
"The Koren Yom Kippur Mahzor; Ashkenaz, Additional Piyutim 226",4585
"The Koren Yom Kippur Mahzor; Ashkenaz, Additional Piyutim 227",4586
"The Koren Yom Kippur Mahzor; Ashkenaz, Additional Piyutim 228",4587
"The Koren Yom Kippur Mahzor; Ashkenaz, Additional Piyutim 229",4588
"The Koren Yom Kippur Mahzor; Ashkenaz, Additional Piyutim 230",4589
"The Koren Yom Kippur Mahzor; Ashkenaz, Additional Piyutim 231",4590
"The Koren Yom Kippur Mahzor; Ashkenaz, Additional Piyutim 232",4591
"The Koren Yom Kippur Mahzor; Ashkenaz, Additional Piyutim 233",4592
"The Koren Yom Kippur Mahzor; Ashkenaz, Additional Piyutim 234",4593
"The Koren Yom Kippur Mahzor; Ashkenaz, Additional Piyutim 235",4594
"The Koren Yom Kippur Mahzor; Ashkenaz, Additional Piyutim 236",4595
"The Koren Yom Kippur Mahzor; Ashkenaz, Additional Piyutim 237",4596
"The Koren Yom Kippur Mahzor; Ashkenaz, Additional Piyutim 238",4597
"The Koren Yom Kippur Mahzor; Ashkenaz, Additional Piyutim 239",4598
"The Koren Yom Kippur Mahzor; Ashkenaz, Additional Piyutim 240",4599
"The Koren Yom Kippur Mahzor; Ashkenaz, Additional Piyutim 241",4600
"The Koren Yom Kippur Mahzor; Ashkenaz, Additional Piyutim 242",4601
"The Koren Yom Kippur Mahzor; Ashkenaz, Additional Piyutim 243",4602
"The Koren Yom Kippur Mahzor; Ashkenaz, Additional Piyutim 244",4603
"The Koren Yom Kippur Mahzor; Ashkenaz, Additional Piyutim 245",4604
"The Koren Yom Kippur Mahzor; Ashkenaz, Additional Piyutim 246",4605
"The Koren Yom Kippur Mahzor; Ashkenaz, Additional Piyutim 247",4606
"The Koren Yom Kippur Mahzor; Ashkenaz, Additional Piyutim 248",4607
"The Koren Yom Kippur Mahzor; Ashkenaz, Additional Piyutim 249",4608
"The Koren Yom Kippur Mahzor; Ashkenaz, Additional Piyutim 250",4609
"The Koren Yom Kippur Mahzor; Ashkenaz, Additional Piyutim 251",4610
"The Koren Yom Kippur Mahzor; Ashkenaz, Additional Piyutim 252",4611
"The Koren Yom Kippur Mahzor; Ashkenaz, Additional Piyutim 253",4612
"The Koren Yom Kippur Mahzor; Ashkenaz, Additional Piyutim 254",4613
"The Koren Yom Kippur Mahzor; Ashkenaz, Additional Piyutim 255",4614
"The Koren Yom Kippur Mahzor; Ashkenaz, Additional Piyutim 256",4615
"The Koren Yom Kippur Mahzor; Ashkenaz, Additional Piyutim 257",4616
"The Koren Yom Kippur Mahzor; Ashkenaz, Additional Piyutim 258",4617
"The Koren Yom Kippur Mahzor; Ashkenaz, Additional Piyutim 259",4618
"The Koren Yom Kippur Mahzor; Ashkenaz, Additional Piyutim 260",4619
"The Koren Yom Kippur Mahzor; Ashkenaz, Additional Piyutim 261",4620
"The Koren Yom Kippur Mahzor; Ashkenaz, Additional Piyutim 262",4621
"The Koren Yom Kippur Mahzor; Ashkenaz, Additional Piyutim 263",4622
"The Koren Yom Kippur Mahzor; Ashkenaz, Additional Piyutim 264",4623
"The Koren Yom Kippur Mahzor; Ashkenaz, Additional Piyutim 265",4624
"The Koren Yom Kippur Mahzor; Ashkenaz, Additional Piyutim 266",4625
"The Koren Yom Kippur Mahzor; Ashkenaz, Additional Piyutim 267",4626
"The Koren Yom Kippur Mahzor; Ashkenaz, Additional Piyutim 268",4627
"The Koren Yom Kippur Mahzor; Ashkenaz, Additional Piyutim 269",4628
"The Koren Yom Kippur Mahzor; Ashkenaz, Additional Piyutim 270",4629
"The Koren Yom Kippur Mahzor; Ashkenaz, Additional Piyutim 271",4630
"The Koren Yom Kippur Mahzor; Ashkenaz, Additional Piyutim 272",4631
"The Koren Yom Kippur Mahzor; Ashkenaz, Additional Piyutim 273",4632
"The Koren Yom Kippur Mahzor; Ashkenaz, Additional Piyutim 274",4633
"The Koren Yom Kippur Mahzor; Ashkenaz, Additional Piyutim 275",4634
"The Koren Yom Kippur Mahzor; Ashkenaz, Additional Piyutim 276",4635
"The Koren Yom Kippur Mahzor; Ashkenaz, Additional Piyutim 277",4636
"The Koren Yom Kippur Mahzor; Ashkenaz, Additional Piyutim 278",4637
"The Koren Yom Kippur Mahzor; Ashkenaz, Additional Piyutim 279",4638
"The Koren Yom Kippur Mahzor; Ashkenaz, Additional Piyutim 280",4639
"The Koren Yom Kippur Mahzor; Ashkenaz, Additional Piyutim 281",4640
"The Koren Yom Kippur Mahzor; Ashkenaz, Additional Piyutim 282",4641
"The Koren Yom Kippur Mahzor; Ashkenaz, Additional Piyutim 283",4642
"The Koren Yom Kippur Mahzor; Ashkenaz, Additional Piyutim 284",4643
"The Koren Yom Kippur Mahzor; Ashkenaz, Additional Piyutim 285",4644
"The Koren Yom Kippur Mahzor; Ashkenaz, Additional Piyutim 286",4645
"The Koren Yom Kippur Mahzor; Ashkenaz, Additional Piyutim 287",4646
"The Koren Yom Kippur Mahzor; Ashkenaz, Additional Piyutim 288",4647
"The Koren Yom Kippur Mahzor; Ashkenaz, Additional Piyutim 289",4648
"The Koren Yom Kippur Mahzor; Ashkenaz, Additional Piyutim 290",4649
"The Koren Yom Kippur Mahzor; Ashkenaz, Additional Piyutim 291",4650
"The Koren Yom Kippur Mahzor; Ashkenaz, Additional Piyutim 292",4651
"The Koren Yom Kippur Mahzor; Ashkenaz, Additional Piyutim 293",4652
"The Koren Yom Kippur Mahzor; Ashkenaz, Additional Piyutim 294",4653
"The Koren Yom Kippur Mahzor; Ashkenaz, Additional Piyutim 295",4654
"The Koren Yom Kippur Mahzor; Ashkenaz, Additional Piyutim 296",4655
"The Koren Yom Kippur Mahzor; Ashkenaz, Additional Piyutim 297",4656
"The Koren Yom Kippur Mahzor; Ashkenaz, Additional Piyutim 298",4657
"The Koren Yom Kippur Mahzor; Ashkenaz, Additional Piyutim 299",4658
"The Koren Yom Kippur Mahzor; Ashkenaz, Additional Piyutim 300",4659
"The Koren Yom Kippur Mahzor; Ashkenaz, Additional Piyutim 301",4660
"The Koren Yom Kippur Mahzor; Ashkenaz, Additional Piyutim 302",4661
"The Koren Yom Kippur Mahzor; Ashkenaz, Additional Piyutim 303",4662
"The Koren Yom Kippur Mahzor; Ashkenaz, Additional Piyutim 304",4663
"The Koren Yom Kippur Mahzor; Ashkenaz, Additional Piyutim 305",4664
"The Koren Yom Kippur Mahzor; Ashkenaz, Additional Piyutim 306",4665
"The Koren Yom Kippur Mahzor; Ashkenaz, Additional Piyutim 307",4666
"The Koren Yom Kippur Mahzor; Ashkenaz, Additional Piyutim 308",4667
"The Koren Yom Kippur Mahzor; Ashkenaz, Additional Piyutim 309",4668
"The Koren Yom Kippur Mahzor; Ashkenaz, Additional Piyutim 310",4669
"The Koren Yom Kippur Mahzor; Ashkenaz, Additional Piyutim 311",4670
"The Koren Yom Kippur Mahzor; Ashkenaz, Additional Piyutim 312",4671
"The Koren Yom Kippur Mahzor; Ashkenaz, Additional Piyutim 313",4672
"The Koren Yom Kippur Mahzor; Ashkenaz, Additional Piyutim 314",4673
"The Koren Yom Kippur Mahzor; Ashkenaz, Additional Piyutim 315",4674
"The Koren Yom Kippur Mahzor; Ashkenaz, Additional Piyutim 316",4675
"The Koren Yom Kippur Mahzor; Ashkenaz, Additional Piyutim 317",4676
"The Koren Yom Kippur Mahzor; Ashkenaz, Additional Piyutim 318",4677
"The Koren Yom Kippur Mahzor; Ashkenaz, Additional Piyutim 319",4678
"The Koren Yom Kippur Mahzor; Ashkenaz, Additional Piyutim 320",4679
"The Koren Yom Kippur Mahzor; Ashkenaz, Additional Piyutim 321",4680
"The Koren Yom Kippur Mahzor; Ashkenaz, Additional Piyutim 322",4681
"The Koren Yom Kippur Mahzor; Ashkenaz, Additional Piyutim 323",4682
"The Koren Yom Kippur Mahzor; Ashkenaz, Additional Piyutim 324",4683
"The Koren Yom Kippur Mahzor; Ashkenaz, Additional Piyutim 325",4684
"The Koren Yom Kippur Mahzor; Ashkenaz, Additional Piyutim 326",4685
"The Koren Yom Kippur Mahzor; Ashkenaz, Additional Piyutim 327",4686
"The Koren Yom Kippur Mahzor; Ashkenaz, Additional Piyutim 328",4687
"The Koren Yom Kippur Mahzor; Ashkenaz, Additional Piyutim 329",4688
"The Koren Yom Kippur Mahzor; Ashkenaz, Additional Piyutim 330",4689
"The Koren Yom Kippur Mahzor; Ashkenaz, Additional Piyutim 331",4690
"The Koren Yom Kippur Mahzor; Ashkenaz, Additional Piyutim 332",4691
"The Koren Yom Kippur Mahzor; Ashkenaz, Additional Piyutim 333",4692
"The Koren Yom Kippur Mahzor; Ashkenaz, Additional Piyutim 334",4693
"The Koren Yom Kippur Mahzor; Ashkenaz, Additional Piyutim 335",4694
"The Koren Yom Kippur Mahzor; Ashkenaz, Additional Piyutim 336",4695
"The Koren Yom Kippur Mahzor; Ashkenaz, Additional Piyutim 337",4696
"The Koren Yom Kippur Mahzor; Ashkenaz, Additional Piyutim 338",4697
"The Koren Yom Kippur Mahzor; Ashkenaz, Additional Piyutim 339",4698
"The Koren Yom Kippur Mahzor; Ashkenaz, Additional Piyutim 340",4699
"The Koren Yom Kippur Mahzor; Ashkenaz, Additional Piyutim 341",4700
"The Koren Yom Kippur Mahzor; Ashkenaz, Additional Piyutim 342",4701
"The Koren Yom Kippur Mahzor; Ashkenaz, Additional Piyutim 343",4702
"The Koren Yom Kippur Mahzor; Ashkenaz, Additional Piyutim 344",4703
"The Koren Yom Kippur Mahzor; Ashkenaz, Additional Piyutim 345",4704
"The Koren Yom Kippur Mahzor; Ashkenaz, Additional Piyutim 346",4705
"The Koren Yom Kippur Mahzor; Ashkenaz, Additional Piyutim 347",4706
"The Koren Yom Kippur Mahzor; Ashkenaz, Additional Piyutim 348",4707
"The Koren Yom Kippur Mahzor; Ashkenaz, Additional Piyutim 349",4708
"The Koren Yom Kippur Mahzor; Ashkenaz, Additional Piyutim 350",4709
"The Koren Yom Kippur Mahzor; Ashkenaz, Additional Piyutim 351",4710
"The Koren Yom Kippur Mahzor; Ashkenaz, Additional Piyutim 352",4711
"The Koren Yom Kippur Mahzor; Ashkenaz, Additional Piyutim 353",4712
"The Koren Yom Kippur Mahzor; Ashkenaz, Additional Piyutim 354",4713
"The Koren Yom Kippur Mahzor; Ashkenaz, Additional Piyutim 355",4714
"The Koren Yom Kippur Mahzor; Ashkenaz, Additional Piyutim 356",4715
"The Koren Yom Kippur Mahzor; Ashkenaz, Additional Piyutim 357",4716
"The Koren Yom Kippur Mahzor; Ashkenaz, Additional Piyutim 358",4717
"The Koren Yom Kippur Mahzor; Ashkenaz, Additional Piyutim 359",4718
"The Koren Yom Kippur Mahzor; Ashkenaz, Additional Piyutim 360",4719
"The Koren Yom Kippur Mahzor; Ashkenaz, Additional Piyutim 361",4720
"The Koren Yom Kippur Mahzor; Ashkenaz, Additional Piyutim 362",4721
"The Koren Yom Kippur Mahzor; Ashkenaz, Additional Piyutim 363",4722
"The Koren Yom Kippur Mahzor; Ashkenaz, Additional Piyutim 364",4723
"The Koren Yom Kippur Mahzor; Ashkenaz, Additional Piyutim 365",4724
"The Koren Yom Kippur Mahzor; Ashkenaz, Additional Piyutim 366",4725
"The Koren Yom Kippur Mahzor; Ashkenaz, Additional Piyutim 367",4726
"The Koren Yom Kippur Mahzor; Ashkenaz, Additional Piyutim 368",4727
"The Koren Yom Kippur Mahzor; Ashkenaz, Additional Piyutim 369",4728
"The Koren Yom Kippur Mahzor; Ashkenaz, Additional Piyutim 370",4729
"The Koren Yom Kippur Mahzor; Ashkenaz, Additional Piyutim 371",4730
"The Koren Yom Kippur Mahzor; Ashkenaz, Additional Piyutim 372",4731
"The Koren Yom Kippur Mahzor; Ashkenaz, Additional Piyutim 373",4732
"The Koren Yom Kippur Mahzor; Ashkenaz, Additional Piyutim 374",4733
"The Koren Yom Kippur Mahzor; Ashkenaz, Additional Piyutim 375",4734
"The Koren Yom Kippur Mahzor; Ashkenaz, Additional Piyutim 376",4735
"The Koren Yom Kippur Mahzor; Ashkenaz, Additional Piyutim 377",4736
"The Koren Yom Kippur Mahzor; Ashkenaz, Additional Piyutim 378",4737
"The Koren Yom Kippur Mahzor; Ashkenaz, Additional Piyutim 379",4738
"The Koren Yom Kippur Mahzor; Ashkenaz, Additional Piyutim 380",4739
"The Koren Yom Kippur Mahzor; Ashkenaz, Additional Piyutim 381",4740
"The Koren Yom Kippur Mahzor; Ashkenaz, Additional Piyutim 382",4741
"The Koren Yom Kippur Mahzor; Ashkenaz, Additional Piyutim 383",4742
"The Koren Yom Kippur Mahzor; Ashkenaz, Additional Piyutim 384",4743
"The Koren Yom Kippur Mahzor; Ashkenaz, Additional Piyutim 385",4744
"The Koren Yom Kippur Mahzor; Ashkenaz, Additional Piyutim 386",4745
"The Koren Yom Kippur Mahzor; Ashkenaz, Additional Piyutim 387",4746
"The Koren Yom Kippur Mahzor; Ashkenaz, Additional Piyutim 388",4747
"The Koren Yom Kippur Mahzor; Ashkenaz, Additional Piyutim 389",4748
"The Koren Yom Kippur Mahzor; Ashkenaz, Additional Piyutim 390",4749
"The Koren Yom Kippur Mahzor; Ashkenaz, Additional Piyutim 391",4750
"The Koren Yom Kippur Mahzor; Ashkenaz, Additional Piyutim 392",4751
"The Koren Yom Kippur Mahzor; Ashkenaz, Additional Piyutim 393",4752
"The Koren Yom Kippur Mahzor; Ashkenaz, Additional Piyutim 394",4753
"The Koren Yom Kippur Mahzor; Ashkenaz, Additional Piyutim 395",4754
"The Koren Yom Kippur Mahzor; Ashkenaz, Additional Piyutim 396",4755
"The Koren Yom Kippur Mahzor; Ashkenaz, Additional Piyutim 397",4756
"The Koren Yom Kippur Mahzor; Ashkenaz, Additional Piyutim 398",4757
"The Koren Yom Kippur Mahzor; Ashkenaz, Additional Piyutim 399",4758
"The Koren Yom Kippur Mahzor; Ashkenaz, Additional Piyutim 400",4759
"The Koren Yom Kippur Mahzor; Ashkenaz, Additional Piyutim 401",4760
"The Koren Yom Kippur Mahzor; Ashkenaz, Additional Piyutim 402",4761
"The Koren Yom Kippur Mahzor; Ashkenaz, Additional Piyutim 403",4762
"The Koren Yom Kippur Mahzor; Ashkenaz, Additional Piyutim 404",4763
"The Koren Yom Kippur Mahzor; Ashkenaz, Additional Piyutim 405",4764
"The Koren Yom Kippur Mahzor; Ashkenaz, Additional Piyutim 406",4765
"The Koren Yom Kippur Mahzor; Ashkenaz, Additional Piyutim 407",4766
"The Koren Yom Kippur Mahzor; Ashkenaz, Additional Piyutim 408",4767
"The Koren Yom Kippur Mahzor; Ashkenaz, Additional Piyutim 409",4768
"The Koren Yom Kippur Mahzor; Ashkenaz, Additional Piyutim 410",4769
"The Koren Yom Kippur Mahzor; Ashkenaz, Additional Piyutim 411",4770
"The Koren Yom Kippur Mahzor; Ashkenaz, Additional Piyutim 412",4771
"The Koren Yom Kippur Mahzor; Ashkenaz, Additional Piyutim 413",4772
"The Koren Yom Kippur Mahzor; Ashkenaz, Additional Piyutim 414",4773
"The Koren Yom Kippur Mahzor; Ashkenaz, Additional Piyutim 415",4774
"The Koren Yom Kippur Mahzor; Ashkenaz, Additional Piyutim 416",4775
"The Koren Yom Kippur Mahzor; Ashkenaz, Additional Piyutim 417",4776
"The Koren Yom Kippur Mahzor; Ashkenaz, Additional Piyutim 418",4777
"The Koren Yom Kippur Mahzor; Ashkenaz, Additional Piyutim 419",4778
"The Koren Yom Kippur Mahzor; Ashkenaz, Additional Piyutim 420",4779
"The Koren Yom Kippur Mahzor; Ashkenaz, Additional Piyutim 421",4780
"The Koren Yom Kippur Mahzor; Ashkenaz, Additional Piyutim 422",4781
"The Koren Yom Kippur Mahzor; Ashkenaz, Additional Piyutim 423",4782
"The Koren Yom Kippur Mahzor; Ashkenaz, Additional Piyutim 424",4783
"The Koren Yom Kippur Mahzor; Ashkenaz, Additional Piyutim 425",4784
"The Koren Yom Kippur Mahzor; Ashkenaz, Additional Piyutim 426",4785
"The Koren Yom Kippur Mahzor; Ashkenaz, Additional Piyutim 427",4786
"The Koren Yom Kippur Mahzor; Ashkenaz, Additional Piyutim 428",4787
"The Koren Yom Kippur Mahzor; Ashkenaz, Additional Piyutim 429",4788
"The Koren Yom Kippur Mahzor; Ashkenaz, Additional Piyutim 430",4789
"The Koren Yom Kippur Mahzor; Ashkenaz, Additional Piyutim 431",4790
"The Koren Yom Kippur Mahzor; Ashkenaz, Additional Piyutim 432",4791
"The Koren Yom Kippur Mahzor; Ashkenaz, Additional Piyutim 433",4792
"The Koren Yom Kippur Mahzor; Ashkenaz, Additional Piyutim 434",4793
"The Koren Yom Kippur Mahzor; Ashkenaz, Additional Piyutim 435",4794
"The Koren Yom Kippur Mahzor; Ashkenaz, Additional Piyutim 436",4795
"The Koren Yom Kippur Mahzor; Ashkenaz, Additional Piyutim 437",4796
"The Koren Yom Kippur Mahzor; Ashkenaz, Additional Piyutim 438",4797
"The Koren Yom Kippur Mahzor; Ashkenaz, Additional Piyutim 439",4798
"The Koren Yom Kippur Mahzor; Ashkenaz, Additional Piyutim 440",4799
"The Koren Yom Kippur Mahzor; Ashkenaz, Additional Piyutim 441",4800
"The Koren Yom Kippur Mahzor; Ashkenaz, Additional Piyutim 442",4801
"The Koren Yom Kippur Mahzor; Ashkenaz, Additional Piyutim 443",4802
"The Koren Yom Kippur Mahzor; Ashkenaz, Additional Piyutim 444",4803
"The Koren Yom Kippur Mahzor; Ashkenaz, Additional Piyutim 445",4804
"The Koren Yom Kippur Mahzor; Ashkenaz, Additional Piyutim 446",4805
"The Koren Yom Kippur Mahzor; Ashkenaz, Additional Piyutim 447",4806
"The Koren Yom Kippur Mahzor; Ashkenaz, Additional Piyutim 448",4807
"The Koren Yom Kippur Mahzor; Ashkenaz, Additional Piyutim 449",4808
"The Koren Yom Kippur Mahzor; Ashkenaz, Additional Piyutim 450",4809
"The Koren Yom Kippur Mahzor; Ashkenaz, Additional Piyutim 451",4810
"The Koren Yom Kippur Mahzor; Ashkenaz, Additional Piyutim 452",4811
"The Koren Yom Kippur Mahzor; Ashkenaz, Additional Piyutim 453",4812
"The Koren Yom Kippur Mahzor; Ashkenaz, Additional Piyutim 454",4813
"The Koren Yom Kippur Mahzor; Ashkenaz, Additional Piyutim 455",4814
"The Koren Yom Kippur Mahzor; Ashkenaz, Additional Piyutim 456",4815
"The Koren Yom Kippur Mahzor; Ashkenaz, Additional Piyutim 457",4816
"The Koren Yom Kippur Mahzor; Ashkenaz, Additional Piyutim 458",4817
"The Koren Yom Kippur Mahzor; Ashkenaz, Additional Piyutim 459",4818
"The Koren Yom Kippur Mahzor; Ashkenaz, Additional Piyutim 460",4819
"The Koren Yom Kippur Mahzor; Ashkenaz, Additional Piyutim 461",4820
"The Koren Yom Kippur Mahzor; Ashkenaz, Additional Piyutim 462",4821
"The Koren Yom Kippur Mahzor; Ashkenaz, Additional Piyutim 463",4822
"The Koren Yom Kippur Mahzor; Ashkenaz, Additional Piyutim 464",4823
"The Koren Yom Kippur Mahzor; Ashkenaz, Additional Piyutim 465",4824
"The Koren Yom Kippur Mahzor; Ashkenaz, Additional Piyutim 466",4825
"The Koren Yom Kippur Mahzor; Ashkenaz, Additional Piyutim 467",4826
"The Koren Yom Kippur Mahzor; Ashkenaz, Additional Piyutim 468",4827
"The Koren Yom Kippur Mahzor; Ashkenaz, Additional Piyutim 469",4828
"The Koren Yom Kippur Mahzor; Ashkenaz, Additional Piyutim 470",4829
"The Koren Yom Kippur Mahzor; Ashkenaz, Additional Piyutim 471",4830
"The Koren Yom Kippur Mahzor; Ashkenaz, Additional Piyutim 472",4831
"The Koren Yom Kippur Mahzor; Ashkenaz, Additional Piyutim 473",4832
"The Koren Yom Kippur Mahzor; Ashkenaz, Additional Piyutim 474",4833
"The Koren Yom Kippur Mahzor; Ashkenaz, Additional Piyutim 475",4834
"The Koren Yom Kippur Mahzor; Ashkenaz, Additional Piyutim 476",4835
"The Koren Yom Kippur Mahzor; Ashkenaz, Additional Piyutim 477",4836
"The Koren Yom Kippur Mahzor; Ashkenaz, Additional Piyutim 478",4837
"The Koren Yom Kippur Mahzor; Ashkenaz, Additional Piyutim 479",4838
"The Koren Yom Kippur Mahzor; Ashkenaz, Additional Piyutim 480",4839
"The Koren Yom Kippur Mahzor; Ashkenaz, Additional Piyutim 481",4840
"The Koren Yom Kippur Mahzor; Ashkenaz, Additional Piyutim 482",4841
"The Koren Yom Kippur Mahzor; Ashkenaz, Additional Piyutim 483",4842
"The Koren Yom Kippur Mahzor; Ashkenaz, Additional Piyutim 484",4843
"The Koren Yom Kippur Mahzor; Ashkenaz, Additional Piyutim 485",4844
"The Koren Yom Kippur Mahzor; Ashkenaz, Additional Piyutim 486",4845
"The Koren Yom Kippur Mahzor; Ashkenaz, Additional Piyutim 487",4846
"The Koren Yom Kippur Mahzor; Ashkenaz, Additional Piyutim 488",4847
"The Koren Yom Kippur Mahzor; Ashkenaz, Additional Piyutim 489",4848
"The Koren Yom Kippur Mahzor; Ashkenaz, Additional Piyutim 490",4849
"The Koren Yom Kippur Mahzor; Ashkenaz, Additional Piyutim 491",4850
"The Koren Yom Kippur Mahzor; Ashkenaz, Additional Piyutim 492",4851
"The Koren Yom Kippur Mahzor; Ashkenaz, Additional Piyutim 493",4852
"The Koren Yom Kippur Mahzor; Ashkenaz, Additional Piyutim 494",4853
"The Koren Yom Kippur Mahzor; Ashkenaz, Additional Piyutim 495",4854
"The Koren Yom Kippur Mahzor; Ashkenaz, Additional Piyutim 496",4855
"The Koren Yom Kippur Mahzor; Ashkenaz, Additional Piyutim 497",4856
"The Koren Yom Kippur Mahzor; Ashkenaz, Additional Piyutim 498",4857
"The Koren Yom Kippur Mahzor; Ashkenaz, Additional Piyutim 499",4858
"The Koren Yom Kippur Mahzor; Ashkenaz, Additional Piyutim 500",4859
"The Koren Yom Kippur Mahzor; Ashkenaz, Additional Piyutim 501",4860
"The Koren Yom Kippur Mahzor; Ashkenaz, Additional Piyutim 502",4861
"The Koren Yom Kippur Mahzor; Ashkenaz, Additional Piyutim 503",4862
"The Koren Yom Kippur Mahzor; Ashkenaz, Additional Piyutim 504",4863
"The Koren Yom Kippur Mahzor; Ashkenaz, Annotated Viduy 1",4866
"The Koren Yom Kippur Mahzor; Ashkenaz, Annotated Viduy 2",4867
"The Koren Yom Kippur Mahzor; Ashkenaz, Annotated Viduy 3",4868
"The Koren Yom Kippur Mahzor; Ashkenaz, Annotated Viduy 4",4869
"The Koren Yom Kippur Mahzor; Ashkenaz, Annotated Viduy 5",4870
"The Koren Yom Kippur Mahzor; Ashkenaz, Annotated Viduy 6",4871
"The Koren Yom Kippur Mahzor; Ashkenaz, Annotated Viduy 7",4872
"The Koren Yom Kippur Mahzor; Ashkenaz, Annotated Viduy 8",4873
"The Koren Yom Kippur Mahzor; Ashkenaz, Annotated Viduy 9",4874
"The Koren Yom Kippur Mahzor; Ashkenaz, Annotated Viduy 10",4875
"The Koren Yom Kippur Mahzor; Ashkenaz, Annotated Viduy 11",4876
"The Koren Yom Kippur Mahzor; Ashkenaz, Annotated Viduy 12",4877
"The Koren Yom Kippur Mahzor; Ashkenaz, Annotated Viduy 13",4878
"The Koren Yom Kippur Mahzor; Ashkenaz, Annotated Viduy 14",4879
"The Koren Yom Kippur Mahzor; Ashkenaz, Annotated Viduy 15",4880
"The Koren Yom Kippur Mahzor; Ashkenaz, Annotated Viduy 16",4881
"The Koren Yom Kippur Mahzor; Ashkenaz, Annotated Viduy 17",4882
"The Koren Yom Kippur Mahzor; Ashkenaz, Annotated Viduy 18",4883
"The Koren Yom Kippur Mahzor; Ashkenaz, Annotated Viduy 19",4884
"The Koren Yom Kippur Mahzor; Ashkenaz, Annotated Viduy 20",4885
"The Koren Yom Kippur Mahzor; Ashkenaz, Annotated Viduy 21",4886
"The Koren Yom Kippur Mahzor; Ashkenaz, Annotated Viduy 22",4887
"The Koren Yom Kippur Mahzor; Ashkenaz, Annotated Viduy 23",4888
"The Koren Yom Kippur Mahzor; Ashkenaz, Annotated Viduy 24",4889
"The Koren Yom Kippur Mahzor; Ashkenaz, Annotated Viduy 25",4890
"The Koren Yom Kippur Mahzor; Ashkenaz, Annotated Viduy 26",4891
"The Koren Yom Kippur Mahzor; Ashkenaz, Annotated Viduy 27",4892
"The Koren Yom Kippur Mahzor; Ashkenaz, Annotated Viduy 28",4893
"The Koren Yom Kippur Mahzor; Ashkenaz, Annotated Viduy 29",4894
"The Koren Yom Kippur Mahzor; Ashkenaz, Annotated Viduy 30",4895
"The Koren Yom Kippur Mahzor; Ashkenaz, Annotated Viduy 31",4896
"The Koren Yom Kippur Mahzor; Ashkenaz, Annotated Viduy 32",4897
"The Koren Yom Kippur Mahzor; Ashkenaz, Annotated Viduy 33",4898
"The Koren Yom Kippur Mahzor; Ashkenaz, Annotated Viduy 34",4899
"The Koren Yom Kippur Mahzor; Ashkenaz, Annotated Viduy 35",4900
"The Koren Yom Kippur Mahzor; Ashkenaz, Annotated Viduy 36",4901
"The Koren Yom Kippur Mahzor; Ashkenaz, Annotated Viduy 37",4902
"The Koren Yom Kippur Mahzor; Ashkenaz, Annotated Viduy 38",4903
"The Koren Yom Kippur Mahzor; Ashkenaz, Annotated Viduy 39",4904
"The Koren Yom Kippur Mahzor; Ashkenaz, Annotated Viduy 40",4905
"The Koren Yom Kippur Mahzor; Ashkenaz, Annotated Viduy 41",4906
"The Koren Yom Kippur Mahzor; Ashkenaz, Annotated Viduy 42",4907
"The Koren Yom Kippur Mahzor; Ashkenaz, Annotated Viduy 43",4908
"The Koren Yom Kippur Mahzor; Ashkenaz, Annotated Viduy 44",4909
"The Koren Yom Kippur Mahzor; Ashkenaz, Annotated Viduy 45",4910
"The Koren Yom Kippur Mahzor; Ashkenaz, Annotated Viduy 46",4911
"The Koren Yom Kippur Mahzor; Ashkenaz, Annotated Viduy 47",4912
"The Koren Yom Kippur Mahzor; Ashkenaz, Annotated Viduy 48",4913
"The Koren Yom Kippur Mahzor; Ashkenaz, Annotated Viduy 49",4914
"The Koren Yom Kippur Mahzor; Ashkenaz, Annotated Viduy 50",4915
"The Koren Yom Kippur Mahzor; Ashkenaz, Annotated Viduy 51",4916
"The Koren Yom Kippur Mahzor; Ashkenaz, Annotated Viduy 52",4917
"The Koren Yom Kippur Mahzor; Ashkenaz, Annotated Viduy 53",4918
"The Koren Yom Kippur Mahzor; Ashkenaz, Annotated Viduy 54",4919
"The Koren Yom Kippur Mahzor; Ashkenaz, Annotated Viduy 55",4920
"The Koren Yom Kippur Mahzor; Ashkenaz, Annotated Viduy 56",4921
"The Koren Yom Kippur Mahzor; Ashkenaz, Annotated Viduy 57",4922
"The Koren Yom Kippur Mahzor; Ashkenaz, Annotated Viduy 58",4923
"The Koren Yom Kippur Mahzor; Ashkenaz, Annotated Viduy 59",4924
"The Koren Yom Kippur Mahzor; Ashkenaz, Annotated Viduy 60",4925
"The Koren Yom Kippur Mahzor; Ashkenaz, Annotated Viduy 61",4926
"The Koren Yom Kippur Mahzor; Ashkenaz, Annotated Viduy 62",4927
"The Koren Yom Kippur Mahzor; Ashkenaz, Annotated Viduy 63",4928
"The Koren Yom Kippur Mahzor; Ashkenaz, Annotated Viduy 64",4929
"The Koren Yom Kippur Mahzor; Ashkenaz, Annotated Viduy 65",4930
"The Koren Yom Kippur Mahzor; Ashkenaz, Annotated Viduy 66",4931
"The Koren Yom Kippur Mahzor; Ashkenaz, Annotated Viduy 67",4932
"The Koren Yom Kippur Mahzor; Ashkenaz, Annotated Viduy 68",4933
"The Koren Yom Kippur Mahzor; Ashkenaz, Annotated Viduy 69",4934
"The Koren Yom Kippur Mahzor; Ashkenaz, Annotated Viduy 70",4935
"The Koren Yom Kippur Mahzor; Ashkenaz, Annotated Viduy 71",4936
"The Koren Yom Kippur Mahzor; Ashkenaz, Annotated Viduy 72",4937
"The Koren Yom Kippur Mahzor; Ashkenaz, Annotated Viduy 73",4938
"The Koren Yom Kippur Mahzor; Ashkenaz, Annotated Viduy 74",4939
"The Koren Yom Kippur Mahzor; Ashkenaz, Annotated Viduy 75",4940
"The Koren Yom Kippur Mahzor; Ashkenaz, Annotated Viduy 76",4941
"The Koren Yom Kippur Mahzor; Ashkenaz, Annotated Viduy 77",4942
"The Koren Yom Kippur Mahzor; Ashkenaz, Annotated Viduy 78",4943
"The Koren Yom Kippur Mahzor; Ashkenaz, Annotated Viduy 79",4944
"The Koren Yom Kippur Mahzor; Ashkenaz, Annotated Viduy 80",4945
"The Koren Yom Kippur Mahzor; Ashkenaz, Annotated Viduy 81",4946
"The Koren Yom Kippur Mahzor; Ashkenaz, Annotated Viduy 82",4947
"The Koren Yom Kippur Mahzor; Ashkenaz, Annotated Viduy 83",4948
"The Koren Yom Kippur Mahzor; Ashkenaz, Annotated Viduy 84",4949
"The Koren Yom Kippur Mahzor; Ashkenaz, Annotated Viduy 85",4950
"The Koren Yom Kippur Mahzor; Ashkenaz, Annotated Viduy 86",4951
"The Koren Yom Kippur Mahzor; Ashkenaz, Annotated Viduy 87",4952
"The Koren Yom Kippur Mahzor; Ashkenaz, Annotated Viduy 88",4953
"The Koren Yom Kippur Mahzor; Ashkenaz, Annotated Viduy 89",4954
"The Koren Yom Kippur Mahzor; Ashkenaz, Annotated Viduy 90",4955
"The Koren Yom Kippur Mahzor; Ashkenaz, Annotated Viduy 91",4956
"The Koren Yom Kippur Mahzor; Ashkenaz, Annotated Viduy 92",4957
"The Koren Yom Kippur Mahzor; Ashkenaz, Annotated Viduy 93",4958
"The Koren Yom Kippur Mahzor; Ashkenaz, Annotated Viduy 94",4959
"The Koren Yom Kippur Mahzor; Ashkenaz, Annotated Viduy 95",4960
"The Koren Yom Kippur Mahzor; Ashkenaz, Annotated Viduy 96",4961
"The Koren Yom Kippur Mahzor; Ashkenaz, Annotated Viduy 97",4962
"The Koren Yom Kippur Mahzor; Ashkenaz, Annotated Viduy 98",4963
"The Koren Yom Kippur Mahzor; Ashkenaz, Annotated Viduy 99",4964
"The Koren Yom Kippur Mahzor; Ashkenaz, Annotated Viduy 100",4965
"The Koren Yom Kippur Mahzor; Ashkenaz, Annotated Viduy 101",4966
"The Koren Yom Kippur Mahzor; Ashkenaz, Annotated Viduy 102",4967
"The Koren Yom Kippur Mahzor; Ashkenaz, Annotated Viduy 103",4968
"The Koren Yom Kippur Mahzor; Ashkenaz, Full Kaddish 1",4970
"The Koren Yom Kippur Mahzor; Ashkenaz, Full Kaddish 2",4971
"The Koren Yom Kippur Mahzor; Ashkenaz, Full Kaddish 3",4972
"The Koren Yom Kippur Mahzor; Ashkenaz, Full Kaddish 4",4973
"The Koren Yom Kippur Mahzor; Ashkenaz, Full Kaddish 5",4974
"The Koren Yom Kippur Mahzor; Ashkenaz, Full Kaddish 6",4975
"The Koren Yom Kippur Mahzor; Ashkenaz, Full Kaddish 7",4976
"The Koren Yom Kippur Mahzor; Ashkenaz, Full Kaddish 8",4977
"The Koren Yom Kippur Mahzor; Ashkenaz, Full Kaddish 9",4978
"The Koren Yom Kippur Mahzor; Ashkenaz, Full Kaddish 10",4979
