ref,line_index
"The Koren Rosh HaShana Mahzor; Ashkenaz, Annulment of Vows 1",5
"The Koren Rosh HaShana Mahzor; Ashkenaz, Annulment of Vows 2",6
"The Koren Rosh HaShana Mahzor; Ashkenaz, Annulment of Vows 3",7
"The Koren Rosh HaShana Mahzor; Ashkenaz, Annulment of Vows 4",8
"The Koren Rosh HaShana Mahzor; Ashkenaz, Annulment of Vows 5",9
"The Koren Rosh HaShana Mahzor; Ashkenaz, Annulment of Vows 6",10
"The Koren Rosh HaShana Mahzor; Ashkenaz, Annulment of Vows 7",11
"The Koren Rosh HaShana Mahzor; Ashkenaz, Prozbul 1",13
"The Koren Rosh HaShana Mahzor; Ashkenaz, Prozbul 2",14
"The Koren Rosh HaShana Mahzor; Ashkenaz, Prozbul 3",15
"The Koren Rosh HaShana Mahzor; Ashkenaz, Prozbul 4",16
"The Koren Rosh HaShana Mahzor; Ashkenaz, Prozbul 5",17
"The Koren Rosh HaShana Mahzor; Ashkenaz, Prozbul 6",18
"The Koren Rosh HaShana Mahzor; Ashkenaz, Prozbul 7",19
"The Koren Rosh HaShana Mahzor; Ashkenaz, Eiruvin 1",21
"The Koren Rosh HaShana Mahzor; Ashkenaz, Eiruvin 2",22
"The Koren Rosh HaShana Mahzor; Ashkenaz, Eiruvin 3",23
"The Koren Rosh HaShana Mahzor; Ashkenaz, Eiruvin 4",24
"The Koren Rosh HaShana Mahzor; Ashkenaz, Eiruvin 5",25
"The Koren Rosh HaShana Mahzor; Ashkenaz, Eiruvin 6",26
"The Koren Rosh HaShana Mahzor; Ashkenaz, Eiruvin 7",27
"The Koren Rosh HaShana Mahzor; Ashkenaz, Eiruvin 8",28
"The Koren Rosh HaShana Mahzor; Ashkenaz, Eiruvin 9",29
"The Koren Rosh HaShana Mahzor; Ashkenaz, Eiruvin 10",30
"The Koren Rosh HaShana Mahzor; Ashkenaz, Eiruvin 11",31
"The Koren Rosh HaShana Mahzor; Ashkenaz, Eiruvin 12",32
"The Koren Rosh HaShana Mahzor; Ashkenaz, Candle Lighting 1",34
"The Koren Rosh HaShana Mahzor; Ashkenaz, Candle Lighting 2",35
"The Koren Rosh HaShana Mahzor; Ashkenaz, Candle Lighting 3",36
"The Koren Rosh HaShana Mahzor; Ashkenaz, Candle Lighting 4",37
"The Koren Rosh HaShana Mahzor; Ashkenaz, Candle Lighting 5",38
"The Koren Rosh HaShana Mahzor; Ashkenaz, Candle Lighting 6",39
"The Koren Rosh HaShana Mahzor; Ashkenaz, Candle Lighting 7",40
"The Koren Rosh HaShana Mahzor; Ashkenaz, Minha for Erev Rosh HaShana 1",42
"The Koren Rosh HaShana Mahzor; Ashkenaz, Minha for Erev Rosh HaShana 2",43
"The Koren Rosh HaShana Mahzor; Ashkenaz, Minha for Erev Rosh HaShana 3",44
"The Koren Rosh HaShana Mahzor; Ashkenaz, Minha for Erev Rosh HaShana 4",45
"The Koren Rosh HaShana Mahzor; Ashkenaz, Minha for Erev Rosh HaShana 5",46
"The Koren Rosh HaShana Mahzor; Ashkenaz, Minha for Erev Rosh HaShana 6",47
"The Koren Rosh HaShana Mahzor; Ashkenaz, Minha for Erev Rosh HaShana 7",48
"The Koren Rosh HaShana Mahzor; Ashkenaz, Minha for Erev Rosh HaShana 8",49
"The Koren Rosh HaShana Mahzor; Ashkenaz, Minha for Erev Rosh HaShana 9",50
"The Koren Rosh HaShana Mahzor; Ashkenaz, Minha for Erev Rosh HaShana 10",51
"The Koren Rosh HaShana Mahzor; Ashkenaz, Minha for Erev Rosh HaShana 11",52
"The Koren Rosh HaShana Mahzor; Ashkenaz, Minha for Erev Rosh HaShana 12",53
"The Koren Rosh HaShana Mahzor; Ashkenaz, Minha for Erev Rosh HaShana 13",54
"The Koren Rosh HaShana Mahzor; Ashkenaz, Minha for Erev Rosh HaShana 14",55
"The Koren Rosh HaShana Mahzor; Ashkenaz, Minha for Erev Rosh HaShana 15",56
"The Koren Rosh HaShana Mahzor; Ashkenaz, Minha for Erev Rosh HaShana 16",57
"The Koren Rosh HaShana Mahzor; Ashkenaz, Minha for Erev Rosh HaShana 17",58
"The Koren Rosh HaShana Mahzor; Ashkenaz, Minha for Erev Rosh HaShana 18",59
"The Koren Rosh HaShana Mahzor; Ashkenaz, Minha for Erev Rosh HaShana 19",60
"The Koren Rosh HaShana Mahzor; Ashkenaz, Minha for Erev Rosh HaShana 20",61
"The Koren Rosh HaShana Mahzor; Ashkenaz, Minha for Erev Rosh HaShana 21",62
"The Koren Rosh HaShana Mahzor; Ashkenaz, Minha for Erev Rosh HaShana 22",63
"The Koren Rosh HaShana Mahzor; Ashkenaz, Minha for Erev Rosh HaShana 23",64
"The Koren Rosh HaShana Mahzor; Ashkenaz, Minha for Erev Rosh HaShana 24",65
"The Koren Rosh HaShana Mahzor; Ashkenaz, Minha for Erev Rosh HaShana 25",66
"The Koren Rosh HaShana Mahzor; Ashkenaz, Minha for Erev Rosh HaShana 26",67
"The Koren Rosh HaShana Mahzor; Ashkenaz, Minha for Erev Rosh HaShana 27",68
"The Koren Rosh HaShana Mahzor; Ashkenaz, Minha for Erev Rosh HaShana 28",69
"The Koren Rosh HaShana Mahzor; Ashkenaz, Minha for Erev Rosh HaShana 29",70
"The Koren Rosh HaShana Mahzor; Ashkenaz, Minha for Erev Rosh HaShana 30",71
"The Koren Rosh HaShana Mahzor; Ashkenaz, Minha for Erev Rosh HaShana 31",72
"The Koren Rosh HaShana Mahzor; Ashkenaz, Minha for Erev Rosh HaShana 32",73
"The Koren Rosh HaShana Mahzor; Ashkenaz, Minha for Erev Rosh HaShana 33",74
"The Koren Rosh HaShana Mahzor; Ashkenaz, Minha for Erev Rosh HaShana 34",75
"The Koren Rosh HaShana Mahzor; Ashkenaz, Minha for Erev Rosh HaShana 35",76
"The Koren Rosh HaShana Mahzor; Ashkenaz, Minha for Erev Rosh HaShana 36",77
"The Koren Rosh HaShana Mahzor; Ashkenaz, Minha for Erev Rosh HaShana 37",78
"The Koren Rosh HaShana Mahzor; Ashkenaz, Minha for Erev Rosh HaShana 38",79
"The Koren Rosh HaShana Mahzor; Ashkenaz, Minha for Erev Rosh HaShana 39",80
"The Koren Rosh HaShana Mahzor; Ashkenaz, Minha for Erev Rosh HaShana 40",81
"The Koren Rosh HaShana Mahzor; Ashkenaz, Minha for Erev Rosh HaShana 41",82
"The Koren Rosh HaShana Mahzor; Ashkenaz, Minha for Erev Rosh HaShana 42",83
"The Koren Rosh HaShana Mahzor; Ashkenaz, Minha for Erev Rosh HaShana 43",84
"The Koren Rosh HaShana Mahzor; Ashkenaz, Minha for Erev Rosh HaShana 44",85
"The Koren Rosh HaShana Mahzor; Ashkenaz, Minha for Erev Rosh HaShana 45",86
"The Koren Rosh HaShana Mahzor; Ashkenaz, Minha for Erev Rosh HaShana 46",87
"The Koren Rosh HaShana Mahzor; Ashkenaz, Minha for Erev Rosh HaShana 47",88
"The Koren Rosh HaShana Mahzor; Ashkenaz, Minha for Erev Rosh HaShana 48",89
"The Koren Rosh HaShana Mahzor; Ashkenaz, Minha for Erev Rosh HaShana 49",90
"The Koren Rosh HaShana Mahzor; Ashkenaz, Minha for Erev Rosh HaShana 50",91
"The Koren Rosh HaShana Mahzor; Ashkenaz, Minha for Erev Rosh HaShana 51",92
"The Koren Rosh HaShana Mahzor; Ashkenaz, Minha for Erev Rosh HaShana 52",93
"The Koren Rosh HaShana Mahzor; Ashkenaz, Minha for Erev Rosh HaShana 53",94
"The Koren Rosh HaShana Mahzor; Ashkenaz, Minha for Erev Rosh HaShana 54",95
"The Koren Rosh HaShana Mahzor; Ashkenaz, Minha for Erev Rosh HaShana 55",96
"The Koren Rosh HaShana Mahzor; Ashkenaz, Minha for Erev Rosh HaShana 56",97
"The Koren Rosh HaShana Mahzor; Ashkenaz, Minha for Erev Rosh HaShana 57",98
"The Koren Rosh HaShana Mahzor; Ashkenaz, Minha for Erev Rosh HaShana 58",99
"The Koren Rosh HaShana Mahzor; Ashkenaz, Minha for Erev Rosh HaShana 59",100
"The Koren Rosh HaShana Mahzor; Ashkenaz, Minha for Erev Rosh HaShana 60",101
"The Koren Rosh HaShana Mahzor; Ashkenaz, Minha for Erev Rosh HaShana 61",102
"The Koren Rosh HaShana Mahzor; Ashkenaz, Minha for Erev Rosh HaShana 62",103
"The Koren Rosh HaShana Mahzor; Ashkenaz, Minha for Erev Rosh HaShana 63",104
"The Koren Rosh HaShana Mahzor; Ashkenaz, Minha for Erev Rosh HaShana 64",105
"The Koren Rosh HaShana Mahzor; Ashkenaz, Minha for Erev Rosh HaShana 65",106
"The Koren Rosh HaShana Mahzor; Ashkenaz, Minha for Erev Rosh HaShana 66",107
"The Koren Rosh HaShana Mahzor; Ashkenaz, Minha for Erev Rosh HaShana 67",108
"The Koren Rosh HaShana Mahzor; Ashkenaz, Minha for Erev Rosh HaShana 68",109
"The Koren Rosh HaShana Mahzor; Ashkenaz, Minha for Erev Rosh HaShana 69",110
"The Koren Rosh HaShana Mahzor; Ashkenaz, Minha for Erev Rosh HaShana 70",111
"The Koren Rosh HaShana Mahzor; Ashkenaz, Minha for Erev Rosh HaShana 71",112
"The Koren Rosh HaShana Mahzor; Ashkenaz, Minha for Erev Rosh HaShana 72",113
"The Koren Rosh HaShana Mahzor; Ashkenaz, Minha for Erev Rosh HaShana 73",114
"The Koren Rosh HaShana Mahzor; Ashkenaz, Minha for Erev Rosh HaShana 74",115
"The Koren Rosh HaShana Mahzor; Ashkenaz, Minha for Erev Rosh HaShana 75",116
"The Koren Rosh HaShana Mahzor; Ashkenaz, Minha for Erev Rosh HaShana 76",117
"The Koren Rosh HaShana Mahzor; Ashkenaz, Minha for Erev Rosh HaShana 77",118
"The Koren Rosh HaShana Mahzor; Ashkenaz, Minha for Erev Rosh HaShana 78",119
"The Koren Rosh HaShana Mahzor; Ashkenaz, Minha for Erev Rosh HaShana 79",120
"The Koren Rosh HaShana Mahzor; Ashkenaz, Minha for Erev Rosh HaShana 80",121
"The Koren Rosh HaShana Mahzor; Ashkenaz, Minha for Erev Rosh HaShana 81",122
"The Koren Rosh HaShana Mahzor; Ashkenaz, Minha for Erev Rosh HaShana 82",123
"The Koren Rosh HaShana Mahzor; Ashkenaz, Minha for Erev Rosh HaShana 83",124
"The Koren Rosh HaShana Mahzor; Ashkenaz, Minha for Erev Rosh HaShana 84",125
"The Koren Rosh HaShana Mahzor; Ashkenaz, Minha for Erev Rosh HaShana 85",126
"The Koren Rosh HaShana Mahzor; Ashkenaz, Minha for Erev Rosh HaShana 86",127
"The Koren Rosh HaShana Mahzor; Ashkenaz, Minha for Erev Rosh HaShana 87",128
"The Koren Rosh HaShana Mahzor; Ashkenaz, Minha for Erev Rosh HaShana 88",129
"The Koren Rosh HaShana Mahzor; Ashkenaz, Minha for Erev Rosh HaShana 89",130
"The Koren Rosh HaShana Mahzor; Ashkenaz, Minha for Erev Rosh HaShana 90",131
"The Koren Rosh HaShana Mahzor; Ashkenaz, Minha for Erev Rosh HaShana 91",132
"The Koren Rosh HaShana Mahzor; Ashkenaz, Minha for Erev Rosh HaShana 92",133
"The Koren Rosh HaShana Mahzor; Ashkenaz, Minha for Erev Rosh HaShana 93",134
"The Koren Rosh HaShana Mahzor; Ashkenaz, Minha for Erev Rosh HaShana 94",135
"The Koren Rosh HaShana Mahzor; Ashkenaz, Minha for Erev Rosh HaShana 95",136
"The Koren Rosh HaShana Mahzor; Ashkenaz, Minha for Erev Rosh HaShana 96",137
"The Koren Rosh HaShana Mahzor; Ashkenaz, Ahot Ketana 1",139
"The Koren Rosh HaShana Mahzor; Ashkenaz, Ahot Ketana 2",140
"The Koren Rosh HaShana Mahzor; Ashkenaz, Ahot Ketana 3",141
"The Koren Rosh HaShana Mahzor; Ashkenaz, Ahot Ketana 4",142
"The Koren Rosh HaShana Mahzor; Ashkenaz, Ahot Ketana 5",143
"The Koren Rosh HaShana Mahzor; Ashkenaz, Ahot Ketana 6",144
"The Koren Rosh HaShana Mahzor; Ashkenaz, Ahot Ketana 7",145
"The Koren Rosh HaShana Mahzor; Ashkenaz, Ahot Ketana 8",146
"The Koren Rosh HaShana Mahzor; Ashkenaz, Ahot Ketana 9",147
"The Koren Rosh HaShana Mahzor; Ashkenaz, Ahot Ketana 10",148
"The Koren Rosh HaShana Mahzor; Ashkenaz, Kabbalat Shabbat 1",150
"The Koren Rosh HaShana Mahzor; Ashkenaz, Kabbalat Shabbat 2",151
"The Koren Rosh HaShana Mahzor; Ashkenaz, Kabbalat Shabbat 3",152
"The Koren Rosh HaShana Mahzor; Ashkenaz, Kabbalat Shabbat 4",153
"The Koren Rosh HaShana Mahzor; Ashkenaz, Kabbalat Shabbat 5",154
"The Koren Rosh HaShana Mahzor; Ashkenaz, Kabbalat Shabbat 6",155
"The Koren Rosh HaShana Mahzor; Ashkenaz, Kabbalat Shabbat 7",156
"The Koren Rosh HaShana Mahzor; Ashkenaz, Kabbalat Shabbat 8",157
"The Koren Rosh HaShana Mahzor; Ashkenaz, Kabbalat Shabbat 9",158
"The Koren Rosh HaShana Mahzor; Ashkenaz, Kabbalat Shabbat 10",159
"The Koren Rosh HaShana Mahzor; Ashkenaz, Kabbalat Shabbat 11",160
"The Koren Rosh HaShana Mahzor; Ashkenaz, Ma'ariv for Rosh HaShana 1",162
"The Koren Rosh HaShana Mahzor; Ashkenaz, Ma'ariv for Rosh HaShana 2",163
"The Koren Rosh HaShana Mahzor; Ashkenaz, Ma'ariv for Rosh HaShana 3",164
"The Koren Rosh HaShana Mahzor; Ashkenaz, Ma'ariv for Rosh HaShana 4",165
"The Koren Rosh HaShana Mahzor; Ashkenaz, Ma'ariv for Rosh HaShana 5",166
"The Koren Rosh HaShana Mahzor; Ashkenaz, Ma'ariv for Rosh HaShana 6",167
"The Koren Rosh HaShana Mahzor; Ashkenaz, Ma'ariv for Rosh HaShana 7",168
"The Koren Rosh HaShana Mahzor; Ashkenaz, Ma'ariv for Rosh HaShana 8",169
"The Koren Rosh HaShana Mahzor; Ashkenaz, Ma'ariv for Rosh HaShana 9",170
"The Koren Rosh HaShana Mahzor; Ashkenaz, Ma'ariv for Rosh HaShana 10",171
"The Koren Rosh HaShana Mahzor; Ashkenaz, Ma'ariv for Rosh HaShana 11",172
"The Koren Rosh HaShana Mahzor; Ashkenaz, Ma'ariv for Rosh HaShana 12",173
"The Koren Rosh HaShana Mahzor; Ashkenaz, Ma'ariv for Rosh HaShana 13",174
"The Koren Rosh HaShana Mahzor; Ashkenaz, Ma'ariv for Rosh HaShana 14",175
"The Koren Rosh HaShana Mahzor; Ashkenaz, Ma'ariv for Rosh HaShana 15",176
"The Koren Rosh HaShana Mahzor; Ashkenaz, Ma'ariv for Rosh HaShana 16",177
"The Koren Rosh HaShana Mahzor; Ashkenaz, Ma'ariv for Rosh HaShana 17",178
"The Koren Rosh HaShana Mahzor; Ashkenaz, Ma'ariv for Rosh HaShana 18",179
"The Koren Rosh HaShana Mahzor; Ashkenaz, Ma'ariv for Rosh HaShana 19",180
"The Koren Rosh HaShana Mahzor; Ashkenaz, Ma'ariv for Rosh HaShana 20",181
"The Koren Rosh HaShana Mahzor; Ashkenaz, Ma'ariv for Rosh HaShana 21",182
"The Koren Rosh HaShana Mahzor; Ashkenaz, Ma'ariv for Rosh HaShana 22",183
"The Koren Rosh HaShana Mahzor; Ashkenaz, Ma'ariv for Rosh HaShana 23",184
"The Koren Rosh HaShana Mahzor; Ashkenaz, Ma'ariv for Rosh HaShana 24",185
"The Koren Rosh HaShana Mahzor; Ashkenaz, Ma'ariv for Rosh HaShana 25",186
"The Koren Rosh HaShana Mahzor; Ashkenaz, Ma'ariv for Rosh HaShana 26",187
"The Koren Rosh HaShana Mahzor; Ashkenaz, Ma'ariv for Rosh HaShana 27",188
"The Koren Rosh HaShana Mahzor; Ashkenaz, Ma'ariv for Rosh HaShana 28",189
"The Koren Rosh HaShana Mahzor; Ashkenaz, Ma'ariv for Rosh HaShana 29",190
"The Koren Rosh HaShana Mahzor; Ashkenaz, Ma'ariv for Rosh HaShana 30",191
"The Koren Rosh HaShana Mahzor; Ashkenaz, Ma'ariv for Rosh HaShana 31",192
"The Koren Rosh HaShana Mahzor; Ashkenaz, Ma'ariv for Rosh HaShana 32",193
"The Koren Rosh HaShana Mahzor; Ashkenaz, Ma'ariv for Rosh HaShana 33",194
"The Koren Rosh HaShana Mahzor; Ashkenaz, Ma'ariv for Rosh HaShana 34",195
"The Koren Rosh HaShana Mahzor; Ashkenaz, Ma'ariv for Rosh HaShana 35",196
"The Koren Rosh HaShana Mahzor; Ashkenaz, Ma'ariv for Rosh HaShana 36",197
"The Koren Rosh HaShana Mahzor; Ashkenaz, Ma'ariv for Rosh HaShana 37",198
"The Koren Rosh HaShana Mahzor; Ashkenaz, Ma'ariv for Rosh HaShana 38",199
"The Koren Rosh HaShana Mahzor; Ashkenaz, Ma'ariv for Rosh HaShana 39",200
"The Koren Rosh HaShana Mahzor; Ashkenaz, Ma'ariv for Rosh HaShana 40",201
"The Koren Rosh HaShana Mahzor; Ashkenaz, Ma'ariv for Rosh HaShana 41",202
"The Koren Rosh HaShana Mahzor; Ashkenaz, Ma'ariv for Rosh HaShana 42",203
"The Koren Rosh HaShana Mahzor; Ashkenaz, Ma'ariv for Rosh HaShana 43",204
"The Koren Rosh HaShana Mahzor; Ashkenaz, Ma'ariv for Rosh HaShana 44",205
"The Koren Rosh HaShana Mahzor; Ashkenaz, Ma'ariv for Rosh HaShana 45",206
"The Koren Rosh HaShana Mahzor; Ashkenaz, Ma'ariv for Rosh HaShana 46",207
"The Koren Rosh HaShana Mahzor; Ashkenaz, Ma'ariv for Rosh HaShana 47",208
"The Koren Rosh HaShana Mahzor; Ashkenaz, Ma'ariv for Rosh HaShana 48",209
"The Koren Rosh HaShana Mahzor; Ashkenaz, Ma'ariv for Rosh HaShana 49",210
"The Koren Rosh HaShana Mahzor; Ashkenaz, Ma'ariv for Rosh HaShana 50",211
"The Koren Rosh HaShana Mahzor; Ashkenaz, Ma'ariv for Rosh HaShana 51",212
"The Koren Rosh HaShana Mahzor; Ashkenaz, Ma'ariv for Rosh HaShana 52",213
"The Koren Rosh HaShana Mahzor; Ashkenaz, Ma'ariv for Rosh HaShana 53",214
"The Koren Rosh HaShana Mahzor; Ashkenaz, Ma'ariv for Rosh HaShana 54",215
"The Koren Rosh HaShana Mahzor; Ashkenaz, Ma'ariv for Rosh HaShana 55",216
"The Koren Rosh HaShana Mahzor; Ashkenaz, Ma'ariv for Rosh HaShana 56",217
"The Koren Rosh HaShana Mahzor; Ashkenaz, Ma'ariv for Rosh HaShana 57",218
"The Koren Rosh HaShana Mahzor; Ashkenaz, Ma'ariv for Rosh HaShana 58",219
"The Koren Rosh HaShana Mahzor; Ashkenaz, Ma'ariv for Rosh HaShana 59",220
"The Koren Rosh HaShana Mahzor; Ashkenaz, Ma'ariv for Rosh HaShana 60",221
"The Koren Rosh HaShana Mahzor; Ashkenaz, Ma'ariv for Rosh HaShana 61",222
"The Koren Rosh HaShana Mahzor; Ashkenaz, Ma'ariv for Rosh HaShana 62",223
"The Koren Rosh HaShana Mahzor; Ashkenaz, Ma'ariv for Rosh HaShana 63",224
"The Koren Rosh HaShana Mahzor; Ashkenaz, Ma'ariv for Rosh HaShana 64",225
"The Koren Rosh HaShana Mahzor; Ashkenaz, Ma'ariv for Rosh HaShana 65",226
"The Koren Rosh HaShana Mahzor; Ashkenaz, Ma'ariv for Rosh HaShana 66",227
"The Koren Rosh HaShana Mahzor; Ashkenaz, Ma'ariv for Rosh HaShana 67",228
"The Koren Rosh HaShana Mahzor; Ashkenaz, Ma'ariv for Rosh HaShana 68",229
"The Koren Rosh HaShana Mahzor; Ashkenaz, Ma'ariv for Rosh HaShana 69",230
"The Koren Rosh HaShana Mahzor; Ashkenaz, Ma'ariv for Rosh HaShana 70",231
"The Koren Rosh HaShana Mahzor; Ashkenaz, Ma'ariv for Rosh HaShana 71",232
"The Koren Rosh HaShana Mahzor; Ashkenaz, Ma'ariv for Rosh HaShana 72",233
"The Koren Rosh HaShana Mahzor; Ashkenaz, Ma'ariv for Rosh HaShana 73",234
"The Koren Rosh HaShana Mahzor; Ashkenaz, Ma'ariv for Rosh HaShana 74",235
"The Koren Rosh HaShana Mahzor; Ashkenaz, Ma'ariv for Rosh HaShana 75",236
"The Koren Rosh HaShana Mahzor; Ashkenaz, Ma'ariv for Rosh HaShana 76",237
"The Koren Rosh HaShana Mahzor; Ashkenaz, Ma'ariv for Rosh HaShana 77",238
"The Koren Rosh HaShana Mahzor; Ashkenaz, Ma'ariv for Rosh HaShana 78",239
"The Koren Rosh HaShana Mahzor; Ashkenaz, Ma'ariv for Rosh HaShana 79",240
"The Koren Rosh HaShana Mahzor; Ashkenaz, Ma'ariv for Rosh HaShana 80",241
"The Koren Rosh HaShana Mahzor; Ashkenaz, Ma'ariv for Rosh HaShana 81",242
"The Koren Rosh HaShana Mahzor; Ashkenaz, Ma'ariv for Rosh HaShana 82",243
"The Koren Rosh HaShana Mahzor; Ashkenaz, Ma'ariv for Rosh HaShana 83",244
"The Koren Rosh HaShana Mahzor; Ashkenaz, Ma'ariv for Rosh HaShana 84",245
"The Koren Rosh HaShana Mahzor; Ashkenaz, Ma'ariv for Rosh HaShana 85",246
"The Koren Rosh HaShana Mahzor; Ashkenaz, Ma'ariv for Rosh HaShana 86",247
"The Koren Rosh HaShana Mahzor; Ashkenaz, Ma'ariv for Rosh HaShana 87",248
"The Koren Rosh HaShana Mahzor; Ashkenaz, Ma'ariv for Rosh HaShana 88",249
"The Koren Rosh HaShana Mahzor; Ashkenaz, Ma'ariv for Rosh HaShana 89",250
"The Koren Rosh HaShana Mahzor; Ashkenaz, Ma'ariv for Rosh HaShana 90",251
"The Koren Rosh HaShana Mahzor; Ashkenaz, Ma'ariv for Rosh HaShana 91",252
"The Koren Rosh HaShana Mahzor; Ashkenaz, Ma'ariv for Rosh HaShana 92",253
"The Koren Rosh HaShana Mahzor; Ashkenaz, Ma'ariv for Rosh HaShana 93",254
"The Koren Rosh HaShana Mahzor; Ashkenaz, Ma'ariv for Rosh HaShana 94",255
"The Koren Rosh HaShana Mahzor; Ashkenaz, Ma'ariv for Rosh HaShana 95",256
"The Koren Rosh HaShana Mahzor; Ashkenaz, Ma'ariv for Rosh HaShana 96",257
"The Koren Rosh HaShana Mahzor; Ashkenaz, Ma'ariv for Rosh HaShana 97",258
"The Koren Rosh HaShana Mahzor; Ashkenaz, Ma'ariv for Rosh HaShana 98",259
"The Koren Rosh HaShana Mahzor; Ashkenaz, Ma'ariv for Rosh HaShana 99",260
"The Koren Rosh HaShana Mahzor; Ashkenaz, Ma'ariv for Rosh HaShana 100",261
"The Koren Rosh HaShana Mahzor; Ashkenaz, Ma'ariv for Rosh HaShana 101",262
"The Koren Rosh HaShana Mahzor; Ashkenaz, Ma'ariv for Rosh HaShana 102",263
"The Koren Rosh HaShana Mahzor; Ashkenaz, Ma'ariv for Rosh HaShana 103",264
"The Koren Rosh HaShana Mahzor; Ashkenaz, Ma'ariv for Rosh HaShana 104",265
"The Koren Rosh HaShana Mahzor; Ashkenaz, Ma'ariv for Rosh HaShana 105",266
"The Koren Rosh HaShana Mahzor; Ashkenaz, Ma'ariv for Rosh HaShana 106",267
"The Koren Rosh HaShana Mahzor; Ashkenaz, Ma'ariv for Rosh HaShana 107",268
"The Koren Rosh HaShana Mahzor; Ashkenaz, Ma'ariv for Rosh HaShana 108",269
"The Koren Rosh HaShana Mahzor; Ashkenaz, Ma'ariv for Rosh HaShana 109",270
"The Koren Rosh HaShana Mahzor; Ashkenaz, Ma'ariv for Rosh HaShana 110",271
"The Koren Rosh HaShana Mahzor; Ashkenaz, Ma'ariv for Rosh HaShana 111",272
"The Koren Rosh HaShana Mahzor; Ashkenaz, Ma'ariv for Rosh HaShana 112",273
"The Koren Rosh HaShana Mahzor; Ashkenaz, Ma'ariv for Rosh HaShana 113",274
"The Koren Rosh HaShana Mahzor; Ashkenaz, Ma'ariv for Rosh HaShana 114",275
"The Koren Rosh HaShana Mahzor; Ashkenaz, Ma'ariv for Rosh HaShana 115",276
"The Koren Rosh HaShana Mahzor; Ashkenaz, Ma'ariv for Rosh HaShana 116",277
"The Koren Rosh HaShana Mahzor; Ashkenaz, Ma'ariv for Rosh HaShana 117",278
"The Koren Rosh HaShana Mahzor; Ashkenaz, Ma'ariv for Rosh HaShana 118",279
"The Koren Rosh HaShana Mahzor; Ashkenaz, Ma'ariv for Rosh HaShana 119",280
"The Koren Rosh HaShana Mahzor; Ashkenaz, Ma'ariv for Rosh HaShana 120",281
"The Koren Rosh HaShana Mahzor; Ashkenaz, Ma'ariv for Rosh HaShana 121",282
"The Koren Rosh HaShana Mahzor; Ashkenaz, Ma'ariv for Rosh HaShana 122",283
"The Koren Rosh HaShana Mahzor; Ashkenaz, Ma'ariv for Rosh HaShana 123",284
"The Koren Rosh HaShana Mahzor; Ashkenaz, Ma'ariv for Rosh HaShana 124",285
"The Koren Rosh HaShana Mahzor; Ashkenaz, Ma'ariv for Rosh HaShana 125",286
"The Koren Rosh HaShana Mahzor; Ashkenaz, Ma'ariv for Rosh HaShana 126",287
"The Koren Rosh HaShana Mahzor; Ashkenaz, Ma'ariv for Rosh HaShana 127",288
"The Koren Rosh HaShana Mahzor; Ashkenaz, Ma'ariv for Rosh HaShana 128",289
"The Koren Rosh HaShana Mahzor; Ashkenaz, Ma'ariv for Rosh HaShana 129",290
"The Koren Rosh HaShana Mahzor; Ashkenaz, Ma'ariv for Rosh HaShana 130",291
"The Koren Rosh HaShana Mahzor; Ashkenaz, Ma'ariv for Rosh HaShana 131",292
"The Koren Rosh HaShana Mahzor; Ashkenaz, Ma'ariv for Rosh HaShana 132",293
"The Koren Rosh HaShana Mahzor; Ashkenaz, Ma'ariv for Rosh HaShana 133",294
"The Koren Rosh HaShana Mahzor; Ashkenaz, Ma'ariv for Rosh HaShana 134",295
"The Koren Rosh HaShana Mahzor; Ashkenaz, Ma'ariv for Rosh HaShana 135",296
"The Koren Rosh HaShana Mahzor; Ashkenaz, Ma'ariv for Rosh HaShana 136",297
"The Koren Rosh HaShana Mahzor; Ashkenaz, Ma'ariv for Rosh HaShana 137",298
"The Koren Rosh HaShana Mahzor; Ashkenaz, Ma'ariv for Rosh HaShana 138",299
"The Koren Rosh HaShana Mahzor; Ashkenaz, Ma'ariv for Rosh HaShana 139",300
"The Koren Rosh HaShana Mahzor; Ashkenaz, Ma'ariv for Rosh HaShana 140",301
"The Koren Rosh HaShana Mahzor; Ashkenaz, Ma'ariv for Rosh HaShana 141",302
"The Koren Rosh HaShana Mahzor; Ashkenaz, Blessing the Children 1",304
"The Koren Rosh HaShana Mahzor; Ashkenaz, Blessing the Children 2",305
"The Koren Rosh HaShana Mahzor; Ashkenaz, Blessing the Children 3",306
"The Koren Rosh HaShana Mahzor; Ashkenaz, Blessing the Children 4",307
"The Koren Rosh HaShana Mahzor; Ashkenaz, Blessing the Children 5",308
"The Koren Rosh HaShana Mahzor; Ashkenaz, Blessing the Children 6",309
"The Koren Rosh HaShana Mahzor; Ashkenaz, Kiddush for Rosh HaShana Evening 1",311
"The Koren Rosh HaShana Mahzor; Ashkenaz, Kiddush for Rosh HaShana Evening 2",312
"The Koren Rosh HaShana Mahzor; Ashkenaz, Kiddush for Rosh HaShana Evening 3",313
"The Koren Rosh HaShana Mahzor; Ashkenaz, Kiddush for Rosh HaShana Evening 4",314
"The Koren Rosh HaShana Mahzor; Ashkenaz, Kiddush for Rosh HaShana Evening 5",315
"The Koren Rosh HaShana Mahzor; Ashkenaz, Kiddush for Rosh HaShana Evening 6",316
"The Koren Rosh HaShana Mahzor; Ashkenaz, Kiddush for Rosh HaShana Evening 7",317
"The Koren Rosh HaShana Mahzor; Ashkenaz, Kiddush for Rosh HaShana Evening 8",318
"The Koren Rosh HaShana Mahzor; Ashkenaz, Kiddush for Rosh HaShana Evening 9",319
"The Koren Rosh HaShana Mahzor; Ashkenaz, Kiddush for Rosh HaShana Evening 10",320
"The Koren Rosh HaShana Mahzor; Ashkenaz, Kiddush for Rosh HaShana Evening 11",321
"The Koren Rosh HaShana Mahzor; Ashkenaz, Kiddush for Rosh HaShana Evening 12",322
"The Koren Rosh HaShana Mahzor; Ashkenaz, Kiddush for Rosh HaShana Evening 13",323
"The Koren Rosh HaShana Mahzor; Ashkenaz, Kiddush for Rosh HaShana Evening 14",324
"The Koren Rosh HaShana Mahzor; Ashkenaz, Kiddush for Rosh HaShana Evening 15",325
"The Koren Rosh HaShana Mahzor; Ashkenaz, Kiddush for Rosh HaShana Evening 16",326
"The Koren Rosh HaShana Mahzor; Ashkenaz, Kiddush for Rosh HaShana Evening 17",327
"The Koren Rosh HaShana Mahzor; Ashkenaz, Kiddush for Rosh HaShana Evening 18",328
"The Koren Rosh HaShana Mahzor; Ashkenaz, Kiddush for Rosh HaShana Evening 19",329
"The Koren Rosh HaShana Mahzor; Ashkenaz, Kiddush for Rosh HaShana Evening 20",330
"The Koren Rosh HaShana Mahzor; Ashkenaz, Kiddush for Rosh HaShana Evening 21",331
"The Koren Rosh HaShana Mahzor; Ashkenaz, Kiddush for Rosh HaShana Evening 22",332
"The Koren Rosh HaShana Mahzor; Ashkenaz, Kiddush for Rosh HaShana Evening 23",333
"The Koren Rosh HaShana Mahzor; Ashkenaz, Kiddush for Rosh HaShana Evening 24",334
"The Koren Rosh HaShana Mahzor; Ashkenaz, Kiddush for Rosh HaShana Evening 25",335
"The Koren Rosh HaShana Mahzor; Ashkenaz, Kiddush for Rosh HaShana Evening 26",336
"The Koren Rosh HaShana Mahzor; Ashkenaz, Kiddush for Rosh HaShana Evening 27",337
"The Koren Rosh HaShana Mahzor; Ashkenaz, Kiddush for Rosh HaShana Evening 28",338
"The Koren Rosh HaShana Mahzor; Ashkenaz, Kiddush for Rosh HaShana Evening 29",339
"The Koren Rosh HaShana Mahzor; Ashkenaz, Simanim 1",341
"The Koren Rosh HaShana Mahzor; Ashkenaz, Simanim 2",342
"The Koren Rosh HaShana Mahzor; Ashkenaz, Simanim 3",343
"The Koren Rosh HaShana Mahzor; Ashkenaz, Simanim 4",344
"The Koren Rosh HaShana Mahzor; Ashkenaz, Simanim 5",345
"The Koren Rosh HaShana Mahzor; Ashkenaz, Simanim 6",346
"The Koren Rosh HaShana Mahzor; Ashkenaz, Simanim 7",347
"The Koren Rosh HaShana Mahzor; Ashkenaz, Simanim 8",348
"The Koren Rosh HaShana Mahzor; Ashkenaz, Simanim 9",349
"The Koren Rosh HaShana Mahzor; Ashkenaz, Simanim 10",350
"The Koren Rosh HaShana Mahzor; Ashkenaz, Simanim 11",351
"The Koren Rosh HaShana Mahzor; Ashkenaz, Simanim 12",352
"The Koren Rosh HaShana Mahzor; Ashkenaz, Simanim 13",353
"The Koren Rosh HaShana Mahzor; Ashkenaz, Simanim 14",354
"The Koren Rosh HaShana Mahzor; Ashkenaz, Simanim 15",355
"The Koren Rosh HaShana Mahzor; Ashkenaz, Simanim 16",356
"The Koren Rosh HaShana Mahzor; Ashkenaz, Simanim 17",357
"The Koren Rosh HaShana Mahzor; Ashkenaz, Simanim 18",358
"The Koren Rosh HaShana Mahzor; Ashkenaz, Simanim 19",359
"The Koren Rosh HaShana Mahzor; Ashkenaz, Simanim 20",360
"The Koren Rosh HaShana Mahzor; Ashkenaz, Grace After Meals 1",362
"The Koren Rosh HaShana Mahzor; Ashkenaz, Grace After Meals 2",363
"The Koren Rosh HaShana Mahzor; Ashkenaz, Grace After Meals 3",364
"The Koren Rosh HaShana Mahzor; Ashkenaz, Grace After Meals 4",365
"The Koren Rosh HaShana Mahzor; Ashkenaz, Grace After Meals 5",366
"The Koren Rosh HaShana Mahzor; Ashkenaz, Grace After Meals 6",367
"The Koren Rosh HaShana Mahzor; Ashkenaz, Grace After Meals 7",368
"The Koren Rosh HaShana Mahzor; Ashkenaz, Grace After Meals 8",369
"The Koren Rosh HaShana Mahzor; Ashkenaz, Grace After Meals 9",370
"The Koren Rosh HaShana Mahzor; Ashkenaz, Grace After Meals 10",371
"The Koren Rosh HaShana Mahzor; Ashkenaz, Grace After Meals 11",372
"The Koren Rosh HaShana Mahzor; Ashkenaz, Grace After Meals 12",373
"The Koren Rosh HaShana Mahzor; Ashkenaz, Grace After Meals 13",374
"The Koren Rosh HaShana Mahzor; Ashkenaz, Grace After Meals 14",375
"The Koren Rosh HaShana Mahzor; Ashkenaz, Grace After Meals 15",376
"The Koren Rosh HaShana Mahzor; Ashkenaz, Grace After Meals 16",377
"The Koren Rosh HaShana Mahzor; Ashkenaz, Grace After Meals 17",378
"The Koren Rosh HaShana Mahzor; Ashkenaz, Grace After Meals 18",379
"The Koren Rosh HaShana Mahzor; Ashkenaz, Grace After Meals 19",380
"The Koren Rosh HaShana Mahzor; Ashkenaz, Grace After Meals 20",381
"The Koren Rosh HaShana Mahzor; Ashkenaz, Grace After Meals 21",382
"The Koren Rosh HaShana Mahzor; Ashkenaz, Grace After Meals 22",383
"The Koren Rosh HaShana Mahzor; Ashkenaz, Grace After Meals 23",384
"The Koren Rosh HaShana Mahzor; Ashkenaz, Grace After Meals 24",385
"The Koren Rosh HaShana Mahzor; Ashkenaz, Grace After Meals 25",386
"The Koren Rosh HaShana Mahzor; Ashkenaz, Grace After Meals 26",387
"The Koren Rosh HaShana Mahzor; Ashkenaz, Grace After Meals 27",388
"The Koren Rosh HaShana Mahzor; Ashkenaz, Grace After Meals 28",389
"The Koren Rosh HaShana Mahzor; Ashkenaz, Grace After Meals 29",390
"The Koren Rosh HaShana Mahzor; Ashkenaz, Grace After Meals 30",391
"The Koren Rosh HaShana Mahzor; Ashkenaz, Grace After Meals 31",392
"The Koren Rosh HaShana Mahzor; Ashkenaz, Grace After Meals 32",393
"The Koren Rosh HaShana Mahzor; Ashkenaz, Grace After Meals 33",394
"The Koren Rosh HaShana Mahzor; Ashkenaz, Grace After Meals 34",395
"The Koren Rosh HaShana Mahzor; Ashkenaz, Grace After Meals 35",396
"The Koren Rosh HaShana Mahzor; Ashkenaz, Grace After Meals 36",397
"The Koren Rosh HaShana Mahzor; Ashkenaz, Grace After Meals 37",398
"The Koren Rosh HaShana Mahzor; Ashkenaz, Grace After Meals 38",399
"The Koren Rosh HaShana Mahzor; Ashkenaz, Grace After Meals 39",400
"The Koren Rosh HaShana Mahzor; Ashkenaz, Grace After Meals 40",401
"The Koren Rosh HaShana Mahzor; Ashkenaz, Grace After Meals 41",402
"The Koren Rosh HaShana Mahzor; Ashkenaz, Grace After Meals 42",403
"The Koren Rosh HaShana Mahzor; Ashkenaz, Grace After Meals 43",404
"The Koren Rosh HaShana Mahzor; Ashkenaz, Grace After Meals 44",405
"The Koren Rosh HaShana Mahzor; Ashkenaz, Grace After Meals 45",406
"The Koren Rosh HaShana Mahzor; Ashkenaz, Massekhet Rosh HaShana 1:1",410
"The Koren Rosh HaShana Mahzor; Ashkenaz, Massekhet Rosh HaShana 1:2",412
"The Koren Rosh HaShana Mahzor; Ashkenaz, Massekhet Rosh HaShana 1:3",414
"The Koren Rosh HaShana Mahzor; Ashkenaz, Massekhet Rosh HaShana 1:4",416
"The Koren Rosh HaShana Mahzor; Ashkenaz, Massekhet Rosh HaShana 1:5",418
"The Koren Rosh HaShana Mahzor; Ashkenaz, Massekhet Rosh HaShana 1:6",420
"The Koren Rosh HaShana Mahzor; Ashkenaz, Massekhet Rosh HaShana 1:7",422
"The Koren Rosh HaShana Mahzor; Ashkenaz, Massekhet Rosh HaShana 1:8",424
"The Koren Rosh HaShana Mahzor; Ashkenaz, Massekhet Rosh HaShana 1:9",426
"The Koren Rosh HaShana Mahzor; Ashkenaz, Massekhet Rosh HaShana 2:1",429
"The Koren Rosh HaShana Mahzor; Ashkenaz, Massekhet Rosh HaShana 2:2",431
"The Koren Rosh HaShana Mahzor; Ashkenaz, Massekhet Rosh HaShana 2:3",433
"The Koren Rosh HaShana Mahzor; Ashkenaz, Massekhet Rosh HaShana 2:4",435
"The Koren Rosh HaShana Mahzor; Ashkenaz, Massekhet Rosh HaShana 2:5",437
"The Koren Rosh HaShana Mahzor; Ashkenaz, Massekhet Rosh HaShana 2:6",439
"The Koren Rosh HaShana Mahzor; Ashkenaz, Massekhet Rosh HaShana 2:7",441
"The Koren Rosh HaShana Mahzor; Ashkenaz, Massekhet Rosh HaShana 2:8",443
"The Koren Rosh HaShana Mahzor; Ashkenaz, Massekhet Rosh HaShana 2:9",445
"The Koren Rosh HaShana Mahzor; Ashkenaz, Massekhet Rosh HaShana 3:1",448
"The Koren Rosh HaShana Mahzor; Ashkenaz, Massekhet Rosh HaShana 3:2",450
"The Koren Rosh HaShana Mahzor; Ashkenaz, Massekhet Rosh HaShana 3:3",452
"The Koren Rosh HaShana Mahzor; Ashkenaz, Massekhet Rosh HaShana 3:4",454
"The Koren Rosh HaShana Mahzor; Ashkenaz, Massekhet Rosh HaShana 3:5",456
"The Koren Rosh HaShana Mahzor; Ashkenaz, Massekhet Rosh HaShana 3:6",458
"The Koren Rosh HaShana Mahzor; Ashkenaz, Massekhet Rosh HaShana 3:7",460
"The Koren Rosh HaShana Mahzor; Ashkenaz, Massekhet Rosh HaShana 3:8",462
"The Koren Rosh HaShana Mahzor; Ashkenaz, Massekhet Rosh HaShana 4:1",465
"The Koren Rosh HaShana Mahzor; Ashkenaz, Massekhet Rosh HaShana 4:2",467
"The Koren Rosh HaShana Mahzor; Ashkenaz, Massekhet Rosh HaShana 4:3",469
"The Koren Rosh HaShana Mahzor; Ashkenaz, Massekhet Rosh HaShana 4:4",471
"The Koren Rosh HaShana Mahzor; Ashkenaz, Massekhet Rosh HaShana 4:5",473
"The Koren Rosh HaShana Mahzor; Ashkenaz, Massekhet Rosh HaShana 4:6",475
"The Koren Rosh HaShana Mahzor; Ashkenaz, Massekhet Rosh HaShana 4:7",477
"The Koren Rosh HaShana Mahzor; Ashkenaz, Massekhet Rosh HaShana 4:8",479
"The Koren Rosh HaShana Mahzor; Ashkenaz, Massekhet Rosh HaShana 4:9",481
"The Koren Rosh HaShana Mahzor; Ashkenaz, Shaharit, On Waking 1",484
"The Koren Rosh HaShana Mahzor; Ashkenaz, Shaharit, On Waking 2",485
"The Koren Rosh HaShana Mahzor; Ashkenaz, Shaharit, On Waking 3",486
"The Koren Rosh HaShana Mahzor; Ashkenaz, Shaharit, On Waking 4",487
"The Koren Rosh HaShana Mahzor; Ashkenaz, Shaharit, On Waking 5",488
"The Koren Rosh HaShana Mahzor; Ashkenaz, Shaharit, On Waking 6",489
"The Koren Rosh HaShana Mahzor; Ashkenaz, Shaharit, On Waking 7",490
"The Koren Rosh HaShana Mahzor; Ashkenaz, Shaharit, On Waking 8",491
"The Koren Rosh HaShana Mahzor; Ashkenaz, Shaharit, On Waking 9",492
"The Koren Rosh HaShana Mahzor; Ashkenaz, Shaharit, On Waking 10",493
"The Koren Rosh HaShana Mahzor; Ashkenaz, Shaharit, On Waking 11",494
"The Koren Rosh HaShana Mahzor; Ashkenaz, Shaharit, On Waking 12",495
"The Koren Rosh HaShana Mahzor; Ashkenaz, Shaharit, Blessings over the Torah 1",497
"The Koren Rosh HaShana Mahzor; Ashkenaz, Shaharit, Blessings over the Torah 2",498
"The Koren Rosh HaShana Mahzor; Ashkenaz, Shaharit, Blessings over the Torah 3",499
"The Koren Rosh HaShana Mahzor; Ashkenaz, Shaharit, Blessings over the Torah 4",500
"The Koren Rosh HaShana Mahzor; Ashkenaz, Shaharit, Blessings over the Torah 5",501
"The Koren Rosh HaShana Mahzor; Ashkenaz, Shaharit, Blessings over the Torah 6",502
"The Koren Rosh HaShana Mahzor; Ashkenaz, Shaharit, Blessings over the Torah 7",503
"The Koren Rosh HaShana Mahzor; Ashkenaz, Shaharit, Blessings over the Torah 8",504
"The Koren Rosh HaShana Mahzor; Ashkenaz, Shaharit, Tallit 1",506
"The Koren Rosh HaShana Mahzor; Ashkenaz, Shaharit, Tallit 2",507
"The Koren Rosh HaShana Mahzor; Ashkenaz, Shaharit, Tallit 3",508
"The Koren Rosh HaShana Mahzor; Ashkenaz, Shaharit, Tallit 4",509
"The Koren Rosh HaShana Mahzor; Ashkenaz, Shaharit, Tallit 5",510
"The Koren Rosh HaShana Mahzor; Ashkenaz, Shaharit, Tallit 6",511
"The Koren Rosh HaShana Mahzor; Ashkenaz, Shaharit, Tallit 7",512
"The Koren Rosh HaShana Mahzor; Ashkenaz, Shaharit, Tallit 8",513
"The Koren Rosh HaShana Mahzor; Ashkenaz, Shaharit, Preparation for Prayer 1",515
"The Koren Rosh HaShana Mahzor; Ashkenaz, Shaharit, Preparation for Prayer 2",516
"The Koren Rosh HaShana Mahzor; Ashkenaz, Shaharit, Preparation for Prayer 3",517
"The Koren Rosh HaShana Mahzor; Ashkenaz, Shaharit, Preparation for Prayer 4",518
"The Koren Rosh HaShana Mahzor; Ashkenaz, Shaharit, Shir HaYihud, Sunday 1",521
"The Koren Rosh HaShana Mahzor; Ashkenaz, Shaharit, Shir HaYihud, Sunday 2",522
"The Koren Rosh HaShana Mahzor; Ashkenaz, Shaharit, Shir HaYihud, Sunday 3",523
"The Koren Rosh HaShana Mahzor; Ashkenaz, Shaharit, Shir HaYihud, Sunday 4",524
"The Koren Rosh HaShana Mahzor; Ashkenaz, Shaharit, Shir HaYihud, Sunday 5",525
"The Koren Rosh HaShana Mahzor; Ashkenaz, Shaharit, Shir HaYihud, Sunday 6",526
"The Koren Rosh HaShana Mahzor; Ashkenaz, Shaharit, Shir HaYihud, Sunday 7",527
"The Koren Rosh HaShana Mahzor; Ashkenaz, Shaharit, Shir HaYihud, Sunday 8",528
"The Koren Rosh HaShana Mahzor; Ashkenaz, Shaharit, Shir HaYihud, Sunday 9",529
"The Koren Rosh HaShana Mahzor; Ashkenaz, Shaharit, Shir HaYihud, Sunday 10",530
"The Koren Rosh HaShana Mahzor; Ashkenaz, Shaharit, Shir HaYihud, Sunday 11",531
"The Koren Rosh HaShana Mahzor; Ashkenaz, Shaharit, Shir HaYihud, Sunday 12",532
"The Koren Rosh HaShana Mahzor; Ashkenaz, Shaharit, Shir HaYihud, Sunday 13",533
"The Koren Rosh HaShana Mahzor; Ashkenaz, Shaharit, Shir HaYihud, Sunday 14",534
"The Koren Rosh HaShana Mahzor; Ashkenaz, Shaharit, Shir HaYihud, Sunday 15",535
"The Koren Rosh HaShana Mahzor; Ashkenaz, Shaharit, Shir HaYihud, Sunday 16",536
"The Koren Rosh HaShana Mahzor; Ashkenaz, Shaharit, Shir HaYihud, Sunday 17",537
"The Koren Rosh HaShana Mahzor; Ashkenaz, Shaharit, Shir HaYihud, Sunday 18",538
"The Koren Rosh HaShana Mahzor; Ashkenaz, Shaharit, Shir HaYihud, Sunday 19",539
"The Koren Rosh HaShana Mahzor; Ashkenaz, Shaharit, Shir HaYihud, Sunday 20",540
"The Koren Rosh HaShana Mahzor; Ashkenaz, Shaharit, Shir HaYihud, Sunday 21",541
"The Koren Rosh HaShana Mahzor; Ashkenaz, Shaharit, Shir HaYihud, Sunday 22",542
"The Koren Rosh HaShana Mahzor; Ashkenaz, Shaharit, Shir HaYihud, Sunday 23",543
"The Koren Rosh HaShana Mahzor; Ashkenaz, Shaharit, Shir HaYihud, Sunday 24",544
"The Koren Rosh HaShana Mahzor; Ashkenaz, Shaharit, Shir HaYihud, Sunday 25",545
"The Koren Rosh HaShana Mahzor; Ashkenaz, Shaharit, Shir HaYihud, Sunday 26",546
"The Koren Rosh HaShana Mahzor; Ashkenaz, Shaharit, Shir HaYihud, Sunday 27",547
"The Koren Rosh HaShana Mahzor; Ashkenaz, Shaharit, Shir HaYihud, Sunday 28",548
"The Koren Rosh HaShana Mahzor; Ashkenaz, Shaharit, Shir HaYihud, Sunday 29",549
"The Koren Rosh HaShana Mahzor; Ashkenaz, Shaharit, Shir HaYihud, Sunday 30",550
"The Koren Rosh HaShana Mahzor; Ashkenaz, Shaharit, Shir HaYihud, Sunday 31",551
"The Koren Rosh HaShana Mahzor; Ashkenaz, Shaharit, Shir HaYihud, Sunday 32",552
"The Koren Rosh HaShana Mahzor; Ashkenaz, Shaharit, Shir HaYihud, Sunday 33",553
"The Koren Rosh HaShana Mahzor; Ashkenaz, Shaharit, Shir HaYihud, Sunday 34",554
"The Koren Rosh HaShana Mahzor; Ashkenaz, Shaharit, Shir HaYihud, Sunday 35",555
"The Koren Rosh HaShana Mahzor; Ashkenaz, Shaharit, Shir HaYihud, Sunday 36",556
"The Koren Rosh HaShana Mahzor; Ashkenaz, Shaharit, Shir HaYihud, Sunday 37",557
"The Koren Rosh HaShana Mahzor; Ashkenaz, Shaharit, Shir HaYihud, Sunday 38",558
"The Koren Rosh HaShana Mahzor; Ashkenaz, Shaharit, Shir HaYihud, Sunday 39",559
"The Koren Rosh HaShana Mahzor; Ashkenaz, Shaharit, Shir HaYihud, Sunday 40",560
"The Koren Rosh HaShana Mahzor; Ashkenaz, Shaharit, Shir HaYihud, Sunday 41",561
"The Koren Rosh HaShana Mahzor; Ashkenaz, Shaharit, Shir HaYihud, Sunday 42",562
"The Koren Rosh HaShana Mahzor; Ashkenaz, Shaharit, Shir HaYihud, Sunday 43",563
"The Koren Rosh HaShana Mahzor; Ashkenaz, Shaharit, Shir HaYihud, Sunday 44",564
"The Koren Rosh HaShana Mahzor; Ashkenaz, Shaharit, Shir HaYihud, Sunday 45",565
"The Koren Rosh HaShana Mahzor; Ashkenaz, Shaharit, Shir HaYihud, Sunday 46",566
"The Koren Rosh HaShana Mahzor; Ashkenaz, Shaharit, Shir HaYihud, Sunday 47",567
"The Koren Rosh HaShana Mahzor; Ashkenaz, Shaharit, Shir HaYihud, Sunday 48",568
"The Koren Rosh HaShana Mahzor; Ashkenaz, Shaharit, Shir HaYihud, Sunday 49",569
"The Koren Rosh HaShana Mahzor; Ashkenaz, Shaharit, Shir HaYihud, Sunday 50",570
"The Koren Rosh HaShana Mahzor; Ashkenaz, Shaharit, Shir HaYihud, Sunday 51",571
"The Koren Rosh HaShana Mahzor; Ashkenaz, Shaharit, Shir HaYihud, Sunday 52",572
"The Koren Rosh HaShana Mahzor; Ashkenaz, Shaharit, Shir HaYihud, Sunday 53",573
"The Koren Rosh HaShana Mahzor; Ashkenaz, Shaharit, Shir HaYihud, Sunday 54",574
"The Koren Rosh HaShana Mahzor; Ashkenaz, Shaharit, Shir HaYihud, Sunday 55",575
"The Koren Rosh HaShana Mahzor; Ashkenaz, Shaharit, Shir HaYihud, Sunday 56",576
"The Koren Rosh HaShana Mahzor; Ashkenaz, Shaharit, Shir HaYihud, Sunday 57",577
"The Koren Rosh HaShana Mahzor; Ashkenaz, Shaharit, Shir HaYihud, Sunday 58",578
"The Koren Rosh HaShana Mahzor; Ashkenaz, Shaharit, Shir HaYihud, Sunday 59",579
"The Koren Rosh HaShana Mahzor; Ashkenaz, Shaharit, Shir HaYihud, Sunday 60",580
"The Koren Rosh HaShana Mahzor; Ashkenaz, Shaharit, Shir HaYihud, Sunday 61",581
"The Koren Rosh HaShana Mahzor; Ashkenaz, Shaharit, Shir HaYihud, Sunday 62",582
"The Koren Rosh HaShana Mahzor; Ashkenaz, Shaharit, Shir HaYihud, Monday 1",584
"The Koren Rosh HaShana Mahzor; Ashkenaz, Shaharit, Shir HaYihud, Monday 2",585
"The Koren Rosh HaShana Mahzor; Ashkenaz, Shaharit, Shir HaYihud, Monday 3",586
"The Koren Rosh HaShana Mahzor; Ashkenaz, Shaharit, Shir HaYihud, Monday 4",587
"The Koren Rosh HaShana Mahzor; Ashkenaz, Shaharit, Shir HaYihud, Monday 5",588
"The Koren Rosh HaShana Mahzor; Ashkenaz, Shaharit, Shir HaYihud, Monday 6",589
"The Koren Rosh HaShana Mahzor; Ashkenaz, Shaharit, Shir HaYihud, Monday 7",590
"The Koren Rosh HaShana Mahzor; Ashkenaz, Shaharit, Shir HaYihud, Monday 8",591
"The Koren Rosh HaShana Mahzor; Ashkenaz, Shaharit, Shir HaYihud, Monday 9",592
"The Koren Rosh HaShana Mahzor; Ashkenaz, Shaharit, Shir HaYihud, Monday 10",593
"The Koren Rosh HaShana Mahzor; Ashkenaz, Shaharit, Shir HaYihud, Monday 11",594
"The Koren Rosh HaShana Mahzor; Ashkenaz, Shaharit, Shir HaYihud, Monday 12",595
"The Koren Rosh HaShana Mahzor; Ashkenaz, Shaharit, Shir HaYihud, Monday 13",596
"The Koren Rosh HaShana Mahzor; Ashkenaz, Shaharit, Shir HaYihud, Monday 14",597
"The Koren Rosh HaShana Mahzor; Ashkenaz, Shaharit, Shir HaYihud, Monday 15",598
"The Koren Rosh HaShana Mahzor; Ashkenaz, Shaharit, Shir HaYihud, Monday 16",599
"The Koren Rosh HaShana Mahzor; Ashkenaz, Shaharit, Shir HaYihud, Monday 17",600
"The Koren Rosh HaShana Mahzor; Ashkenaz, Shaharit, Shir HaYihud, Monday 18",601
"The Koren Rosh HaShana Mahzor; Ashkenaz, Shaharit, Shir HaYihud, Monday 19",602
"The Koren Rosh HaShana Mahzor; Ashkenaz, Shaharit, Shir HaYihud, Monday 20",603
"The Koren Rosh HaShana Mahzor; Ashkenaz, Shaharit, Shir HaYihud, Monday 21",604
"The Koren Rosh HaShana Mahzor; Ashkenaz, Shaharit, Shir HaYihud, Monday 22",605
"The Koren Rosh HaShana Mahzor; Ashkenaz, Shaharit, Shir HaYihud, Monday 23",606
"The Koren Rosh HaShana Mahzor; Ashkenaz, Shaharit, Shir HaYihud, Monday 24",607
"The Koren Rosh HaShana Mahzor; Ashkenaz, Shaharit, Shir HaYihud, Monday 25",608
"The Koren Rosh HaShana Mahzor; Ashkenaz, Shaharit, Shir HaYihud, Monday 26",609
"The Koren Rosh HaShana Mahzor; Ashkenaz, Shaharit, Shir HaYihud, Monday 27",610
"The Koren Rosh HaShana Mahzor; Ashkenaz, Shaharit, Shir HaYihud, Monday 28",611
"The Koren Rosh HaShana Mahzor; Ashkenaz, Shaharit, Shir HaYihud, Monday 29",612
"The Koren Rosh HaShana Mahzor; Ashkenaz, Shaharit, Shir HaYihud, Monday 30",613
"The Koren Rosh HaShana Mahzor; Ashkenaz, Shaharit, Shir HaYihud, Monday 31",614
"The Koren Rosh HaShana Mahzor; Ashkenaz, Shaharit, Shir HaYihud, Monday 32",615
"The Koren Rosh HaShana Mahzor; Ashkenaz, Shaharit, Shir HaYihud, Monday 33",616
"The Koren Rosh HaShana Mahzor; Ashkenaz, Shaharit, Shir HaYihud, Monday 34",617
"The Koren Rosh HaShana Mahzor; Ashkenaz, Shaharit, Shir HaYihud, Monday 35",618
"The Koren Rosh HaShana Mahzor; Ashkenaz, Shaharit, Shir HaYihud, Monday 36",619
"The Koren Rosh HaShana Mahzor; Ashkenaz, Shaharit, Shir HaYihud, Monday 37",620
"The Koren Rosh HaShana Mahzor; Ashkenaz, Shaharit, Shir HaYihud, Monday 38",621
"The Koren Rosh HaShana Mahzor; Ashkenaz, Shaharit, Shir HaYihud, Monday 39",622
"The Koren Rosh HaShana Mahzor; Ashkenaz, Shaharit, Shir HaYihud, Monday 40",623
"The Koren Rosh HaShana Mahzor; Ashkenaz, Shaharit, Shir HaYihud, Monday 41",624
"The Koren Rosh HaShana Mahzor; Ashkenaz, Shaharit, Shir HaYihud, Monday 42",625
"The Koren Rosh HaShana Mahzor; Ashkenaz, Shaharit, Shir HaYihud, Monday 43",626
"The Koren Rosh HaShana Mahzor; Ashkenaz, Shaharit, Shir HaYihud, Monday 44",627
"The Koren Rosh HaShana Mahzor; Ashkenaz, Shaharit, Shir HaYihud, Monday 45",628
"The Koren Rosh HaShana Mahzor; Ashkenaz, Shaharit, Shir HaYihud, Monday 46",629
"The Koren Rosh HaShana Mahzor; Ashkenaz, Shaharit, Shir HaYihud, Monday 47",630
"The Koren Rosh HaShana Mahzor; Ashkenaz, Shaharit, Shir HaYihud, Monday 48",631
"The Koren Rosh HaShana Mahzor; Ashkenaz, Shaharit, Shir HaYihud, Tuesday 1",633
"The Koren Rosh HaShana Mahzor; Ashkenaz, Shaharit, Shir HaYihud, Tuesday 2",634
"The Koren Rosh HaShana Mahzor; Ashkenaz, Shaharit, Shir HaYihud, Tuesday 3",635
"The Koren Rosh HaShana Mahzor; Ashkenaz, Shaharit, Shir HaYihud, Tuesday 4",636
"The Koren Rosh HaShana Mahzor; Ashkenaz, Shaharit, Shir HaYihud, Tuesday 5",637
"The Koren Rosh HaShana Mahzor; Ashkenaz, Shaharit, Shir HaYihud, Tuesday 6",638
"The Koren Rosh HaShana Mahzor; Ashkenaz, Shaharit, Shir HaYihud, Tuesday 7",639
"The Koren Rosh HaShana Mahzor; Ashkenaz, Shaharit, Shir HaYihud, Tuesday 8",640
"The Koren Rosh HaShana Mahzor; Ashkenaz, Shaharit, Shir HaYihud, Tuesday 9",641
"The Koren Rosh HaShana Mahzor; Ashkenaz, Shaharit, Shir HaYihud, Tuesday 10",642
"The Koren Rosh HaShana Mahzor; Ashkenaz, Shaharit, Shir HaYihud, Tuesday 11",643
"The Koren Rosh HaShana Mahzor; Ashkenaz, Shaharit, Shir HaYihud, Tuesday 12",644
"The Koren Rosh HaShana Mahzor; Ashkenaz, Shaharit, Shir HaYihud, Tuesday 13",645
"The Koren Rosh HaShana Mahzor; Ashkenaz, Shaharit, Shir HaYihud, Tuesday 14",646
"The Koren Rosh HaShana Mahzor; Ashkenaz, Shaharit, Shir HaYihud, Tuesday 15",647
"The Koren Rosh HaShana Mahzor; Ashkenaz, Shaharit, Shir HaYihud, Tuesday 16",648
"The Koren Rosh HaShana Mahzor; Ashkenaz, Shaharit, Shir HaYihud, Tuesday 17",649
"The Koren Rosh HaShana Mahzor; Ashkenaz, Shaharit, Shir HaYihud, Tuesday 18",650
"The Koren Rosh HaShana Mahzor; Ashkenaz, Shaharit, Shir HaYihud, Tuesday 19",651
"The Koren Rosh HaShana Mahzor; Ashkenaz, Shaharit, Shir HaYihud, Tuesday 20",652
"The Koren Rosh HaShana Mahzor; Ashkenaz, Shaharit, Shir HaYihud, Tuesday 21",653
"The Koren Rosh HaShana Mahzor; Ashkenaz, Shaharit, Shir HaYihud, Tuesday 22",654
"The Koren Rosh HaShana Mahzor; Ashkenaz, Shaharit, Shir HaYihud, Tuesday 23",655
"The Koren Rosh HaShana Mahzor; Ashkenaz, Shaharit, Shir HaYihud, Tuesday 24",656
"The Koren Rosh HaShana Mahzor; Ashkenaz, Shaharit, Shir HaYihud, Tuesday 25",657
"The Koren Rosh HaShana Mahzor; Ashkenaz, Shaharit, Shir HaYihud, Tuesday 26",658
"The Koren Rosh HaShana Mahzor; Ashkenaz, Shaharit, Shir HaYihud, Tuesday 27",659
"The Koren Rosh HaShana Mahzor; Ashkenaz, Shaharit, Shir HaYihud, Tuesday 28",660
"The Koren Rosh HaShana Mahzor; Ashkenaz, Shaharit, Shir HaYihud, Tuesday 29",661
"The Koren Rosh HaShana Mahzor; Ashkenaz, Shaharit, Shir HaYihud, Tuesday 30",662
"The Koren Rosh HaShana Mahzor; Ashkenaz, Shaharit, Shir HaYihud, Tuesday 31",663
"The Koren Rosh HaShana Mahzor; Ashkenaz, Shaharit, Shir HaYihud, Tuesday 32",664
"The Koren Rosh HaShana Mahzor; Ashkenaz, Shaharit, Shir HaYihud, Tuesday 33",665
"The Koren Rosh HaShana Mahzor; Ashkenaz, Shaharit, Shir HaYihud, Tuesday 34",666
"The Koren Rosh HaShana Mahzor; Ashkenaz, Shaharit, Shir HaYihud, Tuesday 35",667
"The Koren Rosh HaShana Mahzor; Ashkenaz, Shaharit, Shir HaYihud, Tuesday 36",668
"The Koren Rosh HaShana Mahzor; Ashkenaz, Shaharit, Shir HaYihud, Tuesday 37",669
"The Koren Rosh HaShana Mahzor; Ashkenaz, Shaharit, Shir HaYihud, Tuesday 38",670
"The Koren Rosh HaShana Mahzor; Ashkenaz, Shaharit, Shir HaYihud, Tuesday 39",671
"The Koren Rosh HaShana Mahzor; Ashkenaz, Shaharit, Shir HaYihud, Tuesday 40",672
"The Koren Rosh HaShana Mahzor; Ashkenaz, Shaharit, Shir HaYihud, Tuesday 41",673
"The Koren Rosh HaShana Mahzor; Ashkenaz, Shaharit, Shir HaYihud, Tuesday 42",674
"The Koren Rosh HaShana Mahzor; Ashkenaz, Shaharit, Shir HaYihud, Tuesday 43",675
"The Koren Rosh HaShana Mahzor; Ashkenaz, Shaharit, Shir HaYihud, Tuesday 44",676
"The Koren Rosh HaShana Mahzor; Ashkenaz, Shaharit, Shir HaYihud, Tuesday 45",677
"The Koren Rosh HaShana Mahzor; Ashkenaz, Shaharit, Shir HaYihud, Tuesday 46",678
"The Koren Rosh HaShana Mahzor; Ashkenaz, Shaharit, Shir HaYihud, Tuesday 47",679
"The Koren Rosh HaShana Mahzor; Ashkenaz, Shaharit, Shir HaYihud, Tuesday 48",680
"The Koren Rosh HaShana Mahzor; Ashkenaz, Shaharit, Shir HaYihud, Tuesday 49",681
"The Koren Rosh HaShana Mahzor; Ashkenaz, Shaharit, Shir HaYihud, Tuesday 50",682
"The Koren Rosh HaShana Mahzor; Ashkenaz, Shaharit, Shir HaYihud, Tuesday 51",683
"The Koren Rosh HaShana Mahzor; Ashkenaz, Shaharit, Shir HaYihud, Tuesday 52",684
"The Koren Rosh HaShana Mahzor; Ashkenaz, Shaharit, Shir HaYihud, Tuesday 53",685
"The Koren Rosh HaShana Mahzor; Ashkenaz, Shaharit, Shir HaYihud, Tuesday 54",686
"The Koren Rosh HaShana Mahzor; Ashkenaz, Shaharit, Shir HaYihud, Tuesday 55",687
"The Koren Rosh HaShana Mahzor; Ashkenaz, Shaharit, Shir HaYihud, Tuesday 56",688
"The Koren Rosh HaShana Mahzor; Ashkenaz, Shaharit, Shir HaYihud, Tuesday 57",689
"The Koren Rosh HaShana Mahzor; Ashkenaz, Shaharit, Shir HaYihud, Tuesday 58",690
"The Koren Rosh HaShana Mahzor; Ashkenaz, Shaharit, Shir HaYihud, Tuesday 59",691
"The Koren Rosh HaShana Mahzor; Ashkenaz, Shaharit, Shir HaYihud, Tuesday 60",692
"The Koren Rosh HaShana Mahzor; Ashkenaz, Shaharit, Shir HaYihud, Tuesday 61",693
"The Koren Rosh HaShana Mahzor; Ashkenaz, Shaharit, Shir HaYihud, Tuesday 62",694
"The Koren Rosh HaShana Mahzor; Ashkenaz, Shaharit, Shir HaYihud, Tuesday 63",695
"The Koren Rosh HaShana Mahzor; Ashkenaz, Shaharit, Shir HaYihud, Tuesday 64",696
"The Koren Rosh HaShana Mahzor; Ashkenaz, Shaharit, Shir HaYihud, Tuesday 65",697
"The Koren Rosh HaShana Mahzor; Ashkenaz, Shaharit, Shir HaYihud, Tuesday 66",698
"The Koren Rosh HaShana Mahzor; Ashkenaz, Shaharit, Shir HaYihud, Tuesday 67",699
"The Koren Rosh HaShana Mahzor; Ashkenaz, Shaharit, Shir HaYihud, Tuesday 68",700
"The Koren Rosh HaShana Mahzor; Ashkenaz, Shaharit, Shir HaYihud, Tuesday 69",701
"The Koren Rosh HaShana Mahzor; Ashkenaz, Shaharit, Shir HaYihud, Tuesday 70",702
"The Koren Rosh HaShana Mahzor; Ashkenaz, Shaharit, Shir HaYihud, Tuesday 71",703
"The Koren Rosh HaShana Mahzor; Ashkenaz, Shaharit, Shir HaYihud, Tuesday 72",704
"The Koren Rosh HaShana Mahzor; Ashkenaz, Shaharit, Shir HaYihud, Tuesday 73",705
"The Koren Rosh HaShana Mahzor; Ashkenaz, Shaharit, Shir HaYihud, Tuesday 74",706
"The Koren Rosh HaShana Mahzor; Ashkenaz, Shaharit, Shir HaYihud, Tuesday 75",707
"The Koren Rosh HaShana Mahzor; Ashkenaz, Shaharit, Shir HaYihud, Tuesday 76",708
"The Koren Rosh HaShana Mahzor; Ashkenaz, Shaharit, Shir HaYihud, Tuesday 77",709
"The Koren Rosh HaShana Mahzor; Ashkenaz, Shaharit, Shir HaYihud, Tuesday 78",710
"The Koren Rosh HaShana Mahzor; Ashkenaz, Shaharit, Shir HaYihud, Wednesday 1",712
"The Koren Rosh HaShana Mahzor; Ashkenaz, Shaharit, Shir HaYihud, Wednesday 2",713
"The Koren Rosh HaShana Mahzor; Ashkenaz, Shaharit, Shir HaYihud, Wednesday 3",714
"The Koren Rosh HaShana Mahzor; Ashkenaz, Shaharit, Shir HaYihud, Wednesday 4",715
"The Koren Rosh HaShana Mahzor; Ashkenaz, Shaharit, Shir HaYihud, Wednesday 5",716
"The Koren Rosh HaShana Mahzor; Ashkenaz, Shaharit, Shir HaYihud, Wednesday 6",717
"The Koren Rosh HaShana Mahzor; Ashkenaz, Shaharit, Shir HaYihud, Wednesday 7",718
"The Koren Rosh HaShana Mahzor; Ashkenaz, Shaharit, Shir HaYihud, Wednesday 8",719
"The Koren Rosh HaShana Mahzor; Ashkenaz, Shaharit, Shir HaYihud, Wednesday 9",720
"The Koren Rosh HaShana Mahzor; Ashkenaz, Shaharit, Shir HaYihud, Wednesday 10",721
"The Koren Rosh HaShana Mahzor; Ashkenaz, Shaharit, Shir HaYihud, Wednesday 11",722
"The Koren Rosh HaShana Mahzor; Ashkenaz, Shaharit, Shir HaYihud, Wednesday 12",723
"The Koren Rosh HaShana Mahzor; Ashkenaz, Shaharit, Shir HaYihud, Wednesday 13",724
"The Koren Rosh HaShana Mahzor; Ashkenaz, Shaharit, Shir HaYihud, Wednesday 14",725
"The Koren Rosh HaShana Mahzor; Ashkenaz, Shaharit, Shir HaYihud, Wednesday 15",726
"The Koren Rosh HaShana Mahzor; Ashkenaz, Shaharit, Shir HaYihud, Wednesday 16",727
"The Koren Rosh HaShana Mahzor; Ashkenaz, Shaharit, Shir HaYihud, Wednesday 17",728
"The Koren Rosh HaShana Mahzor; Ashkenaz, Shaharit, Shir HaYihud, Wednesday 18",729
"The Koren Rosh HaShana Mahzor; Ashkenaz, Shaharit, Shir HaYihud, Wednesday 19",730
"The Koren Rosh HaShana Mahzor; Ashkenaz, Shaharit, Shir HaYihud, Wednesday 20",731
"The Koren Rosh HaShana Mahzor; Ashkenaz, Shaharit, Shir HaYihud, Wednesday 21",732
"The Koren Rosh HaShana Mahzor; Ashkenaz, Shaharit, Shir HaYihud, Wednesday 22",733
"The Koren Rosh HaShana Mahzor; Ashkenaz, Shaharit, Shir HaYihud, Wednesday 23",734
"The Koren Rosh HaShana Mahzor; Ashkenaz, Shaharit, Shir HaYihud, Wednesday 24",735
"The Koren Rosh HaShana Mahzor; Ashkenaz, Shaharit, Shir HaYihud, Wednesday 25",736
"The Koren Rosh HaShana Mahzor; Ashkenaz, Shaharit, Shir HaYihud, Wednesday 26",737
"The Koren Rosh HaShana Mahzor; Ashkenaz, Shaharit, Shir HaYihud, Wednesday 27",738
"The Koren Rosh HaShana Mahzor; Ashkenaz, Shaharit, Shir HaYihud, Wednesday 28",739
"The Koren Rosh HaShana Mahzor; Ashkenaz, Shaharit, Shir HaYihud, Wednesday 29",740
"The Koren Rosh HaShana Mahzor; Ashkenaz, Shaharit, Shir HaYihud, Wednesday 30",741
"The Koren Rosh HaShana Mahzor; Ashkenaz, Shaharit, Shir HaYihud, Wednesday 31",742
"The Koren Rosh HaShana Mahzor; Ashkenaz, Shaharit, Shir HaYihud, Wednesday 32",743
"The Koren Rosh HaShana Mahzor; Ashkenaz, Shaharit, Shir HaYihud, Wednesday 33",744
"The Koren Rosh HaShana Mahzor; Ashkenaz, Shaharit, Shir HaYihud, Wednesday 34",745
"The Koren Rosh HaShana Mahzor; Ashkenaz, Shaharit, Shir HaYihud, Wednesday 35",746
"The Koren Rosh HaShana Mahzor; Ashkenaz, Shaharit, Shir HaYihud, Wednesday 36",747
"The Koren Rosh HaShana Mahzor; Ashkenaz, Shaharit, Shir HaYihud, Wednesday 37",748
"The Koren Rosh HaShana Mahzor; Ashkenaz, Shaharit, Shir HaYihud, Wednesday 38",749
"The Koren Rosh HaShana Mahzor; Ashkenaz, Shaharit, Shir HaYihud, Wednesday 39",750
"The Koren Rosh HaShana Mahzor; Ashkenaz, Shaharit, Shir HaYihud, Wednesday 40",751
"The Koren Rosh HaShana Mahzor; Ashkenaz, Shaharit, Shir HaYihud, Wednesday 41",752
"The Koren Rosh HaShana Mahzor; Ashkenaz, Shaharit, Shir HaYihud, Wednesday 42",753
"The Koren Rosh HaShana Mahzor; Ashkenaz, Shaharit, Shir HaYihud, Wednesday 43",754
"The Koren Rosh HaShana Mahzor; Ashkenaz, Shaharit, Shir HaYihud, Wednesday 44",755
"The Koren Rosh HaShana Mahzor; Ashkenaz, Shaharit, Shir HaYihud, Wednesday 45",756
"The Koren Rosh HaShana Mahzor; Ashkenaz, Shaharit, Shir HaYihud, Wednesday 46",757
"The Koren Rosh HaShana Mahzor; Ashkenaz, Shaharit, Shir HaYihud, Wednesday 47",758
"The Koren Rosh HaShana Mahzor; Ashkenaz, Shaharit, Shir HaYihud, Wednesday 48",759
"The Koren Rosh HaShana Mahzor; Ashkenaz, Shaharit, Shir HaYihud, Wednesday 49",760
"The Koren Rosh HaShana Mahzor; Ashkenaz, Shaharit, Shir HaYihud, Wednesday 50",761
"The Koren Rosh HaShana Mahzor; Ashkenaz, Shaharit, Shir HaYihud, Wednesday 51",762
"The Koren Rosh HaShana Mahzor; Ashkenaz, Shaharit, Shir HaYihud, Wednesday 52",763
"The Koren Rosh HaShana Mahzor; Ashkenaz, Shaharit, Shir HaYihud, Wednesday 53",764
"The Koren Rosh HaShana Mahzor; Ashkenaz, Shaharit, Shir HaYihud, Wednesday 54",765
"The Koren Rosh HaShana Mahzor; Ashkenaz, Shaharit, Shir HaYihud, Wednesday 55",766
"The Koren Rosh HaShana Mahzor; Ashkenaz, Shaharit, Shir HaYihud, Wednesday 56",767
"The Koren Rosh HaShana Mahzor; Ashkenaz, Shaharit, Shir HaYihud, Wednesday 57",768
"The Koren Rosh HaShana Mahzor; Ashkenaz, Shaharit, Shir HaYihud, Wednesday 58",769
"The Koren Rosh HaShana Mahzor; Ashkenaz, Shaharit, Shir HaYihud, Wednesday 59",770
"The Koren Rosh HaShana Mahzor; Ashkenaz, Shaharit, Shir HaYihud, Wednesday 60",771
"The Koren Rosh HaShana Mahzor; Ashkenaz, Shaharit, Shir HaYihud, Wednesday 61",772
"The Koren Rosh HaShana Mahzor; Ashkenaz, Shaharit, Shir HaYihud, Wednesday 62",773
"The Koren Rosh HaShana Mahzor; Ashkenaz, Shaharit, Shir HaYihud, Wednesday 63",774
"The Koren Rosh HaShana Mahzor; Ashkenaz, Shaharit, Shir HaYihud, Wednesday 64",775
"The Koren Rosh HaShana Mahzor; Ashkenaz, Shaharit, Shir HaYihud, Wednesday 65",776
"The Koren Rosh HaShana Mahzor; Ashkenaz, Shaharit, Shir HaYihud, Wednesday 66",777
"The Koren Rosh HaShana Mahzor; Ashkenaz, Shaharit, Shir HaYihud, Wednesday 67",778
"The Koren Rosh HaShana Mahzor; Ashkenaz, Shaharit, Shir HaYihud, Wednesday 68",779
"The Koren Rosh HaShana Mahzor; Ashkenaz, Shaharit, Shir HaYihud, Wednesday 69",780
"The Koren Rosh HaShana Mahzor; Ashkenaz, Shaharit, Shir HaYihud, Wednesday 70",781
"The Koren Rosh HaShana Mahzor; Ashkenaz, Shaharit, Shir HaYihud, Wednesday 71",782
"The Koren Rosh HaShana Mahzor; Ashkenaz, Shaharit, Shir HaYihud, Wednesday 72",783
"The Koren Rosh HaShana Mahzor; Ashkenaz, Shaharit, Shir HaYihud, Wednesday 73",784
"The Koren Rosh HaShana Mahzor; Ashkenaz, Shaharit, Shir HaYihud, Wednesday 74",785
"The Koren Rosh HaShana Mahzor; Ashkenaz, Shaharit, Shir HaYihud, Wednesday 75",786
"The Koren Rosh HaShana Mahzor; Ashkenaz, Shaharit, Shir HaYihud, Wednesday 76",787
"The Koren Rosh HaShana Mahzor; Ashkenaz, Shaharit, Shir HaYihud, Wednesday 77",788
"The Koren Rosh HaShana Mahzor; Ashkenaz, Shaharit, Shir HaYihud, Wednesday 78",789
"The Koren Rosh HaShana Mahzor; Ashkenaz, Shaharit, Shir HaYihud, Wednesday 79",790
"The Koren Rosh HaShana Mahzor; Ashkenaz, Shaharit, Shir HaYihud, Wednesday 80",791
"The Koren Rosh HaShana Mahzor; Ashkenaz, Shaharit, Shir HaYihud, Wednesday 81",792
"The Koren Rosh HaShana Mahzor; Ashkenaz, Shaharit, Shir HaYihud, Wednesday 82",793
"The Koren Rosh HaShana Mahzor; Ashkenaz, Shaharit, Shir HaYihud, Wednesday 83",794
"The Koren Rosh HaShana Mahzor; Ashkenaz, Shaharit, Shir HaYihud, Wednesday 84",795
"The Koren Rosh HaShana Mahzor; Ashkenaz, Shaharit, Shir HaYihud, Wednesday 85",796
"The Koren Rosh HaShana Mahzor; Ashkenaz, Shaharit, Shir HaYihud, Wednesday 86",797
"The Koren Rosh HaShana Mahzor; Ashkenaz, Shaharit, Shir HaYihud, Wednesday 87",798
"The Koren Rosh HaShana Mahzor; Ashkenaz, Shaharit, Shir HaYihud, Wednesday 88",799
"The Koren Rosh HaShana Mahzor; Ashkenaz, Shaharit, Shir HaYihud, Wednesday 89",800
"The Koren Rosh HaShana Mahzor; Ashkenaz, Shaharit, Shir HaYihud, Wednesday 90",801
"The Koren Rosh HaShana Mahzor; Ashkenaz, Shaharit, Shir HaYihud, Wednesday 91",802
"The Koren Rosh HaShana Mahzor; Ashkenaz, Shaharit, Shir HaYihud, Wednesday 92",803
"The Koren Rosh HaShana Mahzor; Ashkenaz, Shaharit, Shir HaYihud, Wednesday 93",804
"The Koren Rosh HaShana Mahzor; Ashkenaz, Shaharit, Shir HaYihud, Wednesday 94",805
"The Koren Rosh HaShana Mahzor; Ashkenaz, Shaharit, Shir HaYihud, Wednesday 95",806
"The Koren Rosh HaShana Mahzor; Ashkenaz, Shaharit, Shir HaYihud, Wednesday 96",807
"The Koren Rosh HaShana Mahzor; Ashkenaz, Shaharit, Shir HaYihud, Wednesday 97",808
"The Koren Rosh HaShana Mahzor; Ashkenaz, Shaharit, Shir HaYihud, Wednesday 98",809
"The Koren Rosh HaShana Mahzor; Ashkenaz, Shaharit, Shir HaYihud, Wednesday 99",810
"The Koren Rosh HaShana Mahzor; Ashkenaz, Shaharit, Shir HaYihud, Wednesday 100",811
"The Koren Rosh HaShana Mahzor; Ashkenaz, Shaharit, Shir HaYihud, Wednesday 101",812
"The Koren Rosh HaShana Mahzor; Ashkenaz, Shaharit, Shir HaYihud, Wednesday 102",813
"The Koren Rosh HaShana Mahzor; Ashkenaz, Shaharit, Shir HaYihud, Wednesday 103",814
"The Koren Rosh HaShana Mahzor; Ashkenaz, Shaharit, Shir HaYihud, Wednesday 104",815
"The Koren Rosh HaShana Mahzor; Ashkenaz, Shaharit, Shir HaYihud, Thursday 1",817
"The Koren Rosh HaShana Mahzor; Ashkenaz, Shaharit, Shir HaYihud, Thursday 2",818
"The Koren Rosh HaShana Mahzor; Ashkenaz, Shaharit, Shir HaYihud, Thursday 3",819
"The Koren Rosh HaShana Mahzor; Ashkenaz, Shaharit, Shir HaYihud, Thursday 4",820
"The Koren Rosh HaShana Mahzor; Ashkenaz, Shaharit, Shir HaYihud, Thursday 5",821
"The Koren Rosh HaShana Mahzor; Ashkenaz, Shaharit, Shir HaYihud, Thursday 6",822
"The Koren Rosh HaShana Mahzor; Ashkenaz, Shaharit, Shir HaYihud, Thursday 7",823
"The Koren Rosh HaShana Mahzor; Ashkenaz, Shaharit, Shir HaYihud, Thursday 8",824
"The Koren Rosh HaShana Mahzor; Ashkenaz, Shaharit, Shir HaYihud, Thursday 9",825
"The Koren Rosh HaShana Mahzor; Ashkenaz, Shaharit, Shir HaYihud, Thursday 10",826
"The Koren Rosh HaShana Mahzor; Ashkenaz, Shaharit, Shir HaYihud, Thursday 11",827
"The Koren Rosh HaShana Mahzor; Ashkenaz, Shaharit, Shir HaYihud, Thursday 12",828
"The Koren Rosh HaShana Mahzor; Ashkenaz, Shaharit, Shir HaYihud, Thursday 13",829
"The Koren Rosh HaShana Mahzor; Ashkenaz, Shaharit, Shir HaYihud, Thursday 14",830
"The Koren Rosh HaShana Mahzor; Ashkenaz, Shaharit, Shir HaYihud, Thursday 15",831
"The Koren Rosh HaShana Mahzor; Ashkenaz, Shaharit, Shir HaYihud, Thursday 16",832
"The Koren Rosh HaShana Mahzor; Ashkenaz, Shaharit, Shir HaYihud, Thursday 17",833
"The Koren Rosh HaShana Mahzor; Ashkenaz, Shaharit, Shir HaYihud, Thursday 18",834
"The Koren Rosh HaShana Mahzor; Ashkenaz, Shaharit, Shir HaYihud, Thursday 19",835
"The Koren Rosh HaShana Mahzor; Ashkenaz, Shaharit, Shir HaYihud, Thursday 20",836
"The Koren Rosh HaShana Mahzor; Ashkenaz, Shaharit, Shir HaYihud, Thursday 21",837
"The Koren Rosh HaShana Mahzor; Ashkenaz, Shaharit, Shir HaYihud, Thursday 22",838
"The Koren Rosh HaShana Mahzor; Ashkenaz, Shaharit, Shir HaYihud, Thursday 23",839
"The Koren Rosh HaShana Mahzor; Ashkenaz, Shaharit, Shir HaYihud, Thursday 24",840
"The Koren Rosh HaShana Mahzor; Ashkenaz, Shaharit, Shir HaYihud, Thursday 25",841
"The Koren Rosh HaShana Mahzor; Ashkenaz, Shaharit, Shir HaYihud, Thursday 26",842
"The Koren Rosh HaShana Mahzor; Ashkenaz, Shaharit, Shir HaYihud, Thursday 27",843
"The Koren Rosh HaShana Mahzor; Ashkenaz, Shaharit, Shir HaYihud, Thursday 28",844
"The Koren Rosh HaShana Mahzor; Ashkenaz, Shaharit, Shir HaYihud, Thursday 29",845
"The Koren Rosh HaShana Mahzor; Ashkenaz, Shaharit, Shir HaYihud, Thursday 30",846
"The Koren Rosh HaShana Mahzor; Ashkenaz, Shaharit, Shir HaYihud, Thursday 31",847
"The Koren Rosh HaShana Mahzor; Ashkenaz, Shaharit, Shir HaYihud, Thursday 32",848
"The Koren Rosh HaShana Mahzor; Ashkenaz, Shaharit, Shir HaYihud, Thursday 33",849
"The Koren Rosh HaShana Mahzor; Ashkenaz, Shaharit, Shir HaYihud, Thursday 34",850
"The Koren Rosh HaShana Mahzor; Ashkenaz, Shaharit, Shir HaYihud, Thursday 35",851
"The Koren Rosh HaShana Mahzor; Ashkenaz, Shaharit, Shir HaYihud, Thursday 36",852
"The Koren Rosh HaShana Mahzor; Ashkenaz, Shaharit, Shir HaYihud, Thursday 37",853
"The Koren Rosh HaShana Mahzor; Ashkenaz, Shaharit, Shir HaYihud, Thursday 38",854
"The Koren Rosh HaShana Mahzor; Ashkenaz, Shaharit, Shir HaYihud, Thursday 39",855
"The Koren Rosh HaShana Mahzor; Ashkenaz, Shaharit, Shir HaYihud, Thursday 40",856
"The Koren Rosh HaShana Mahzor; Ashkenaz, Shaharit, Shir HaYihud, Thursday 41",857
"The Koren Rosh HaShana Mahzor; Ashkenaz, Shaharit, Shir HaYihud, Thursday 42",858
"The Koren Rosh HaShana Mahzor; Ashkenaz, Shaharit, Shir HaYihud, Thursday 43",859
"The Koren Rosh HaShana Mahzor; Ashkenaz, Shaharit, Shir HaYihud, Thursday 44",860
"The Koren Rosh HaShana Mahzor; Ashkenaz, Shaharit, Shir HaYihud, Thursday 45",861
"The Koren Rosh HaShana Mahzor; Ashkenaz, Shaharit, Shir HaYihud, Thursday 46",862
"The Koren Rosh HaShana Mahzor; Ashkenaz, Shaharit, Shir HaYihud, Thursday 47",863
"The Koren Rosh HaShana Mahzor; Ashkenaz, Shaharit, Shir HaYihud, Thursday 48",864
"The Koren Rosh HaShana Mahzor; Ashkenaz, Shaharit, Shir HaYihud, Thursday 49",865
"The Koren Rosh HaShana Mahzor; Ashkenaz, Shaharit, Shir HaYihud, Thursday 50",866
"The Koren Rosh HaShana Mahzor; Ashkenaz, Shaharit, Shir HaYihud, Thursday 51",867
"The Koren Rosh HaShana Mahzor; Ashkenaz, Shaharit, Shir HaYihud, Thursday 52",868
"The Koren Rosh HaShana Mahzor; Ashkenaz, Shaharit, Shir HaYihud, Thursday 53",869
"The Koren Rosh HaShana Mahzor; Ashkenaz, Shaharit, Shir HaYihud, Thursday 54",870
"The Koren Rosh HaShana Mahzor; Ashkenaz, Shaharit, Shir HaYihud, Thursday 55",871
"The Koren Rosh HaShana Mahzor; Ashkenaz, Shaharit, Shir HaYihud, Thursday 56",872
"The Koren Rosh HaShana Mahzor; Ashkenaz, Shaharit, Shir HaYihud, Thursday 57",873
"The Koren Rosh HaShana Mahzor; Ashkenaz, Shaharit, Shir HaYihud, Thursday 58",874
"The Koren Rosh HaShana Mahzor; Ashkenaz, Shaharit, Shir HaYihud, Thursday 59",875
"The Koren Rosh HaShana Mahzor; Ashkenaz, Shaharit, Shir HaYihud, Thursday 60",876
"The Koren Rosh HaShana Mahzor; Ashkenaz, Shaharit, Shir HaYihud, Thursday 61",877
"The Koren Rosh HaShana Mahzor; Ashkenaz, Shaharit, Shir HaYihud, Thursday 62",878
"The Koren Rosh HaShana Mahzor; Ashkenaz, Shaharit, Shir HaYihud, Thursday 63",879
"The Koren Rosh HaShana Mahzor; Ashkenaz, Shaharit, Shir HaYihud, Thursday 64",880
"The Koren Rosh HaShana Mahzor; Ashkenaz, Shaharit, Shir HaYihud, Thursday 65",881
"The Koren Rosh HaShana Mahzor; Ashkenaz, Shaharit, Shir HaYihud, Thursday 66",882
"The Koren Rosh HaShana Mahzor; Ashkenaz, Shaharit, Shir HaYihud, Thursday 67",883
"The Koren Rosh HaShana Mahzor; Ashkenaz, Shaharit, Shir HaYihud, Thursday 68",884
"The Koren Rosh HaShana Mahzor; Ashkenaz, Shaharit, Shir HaYihud, Thursday 69",885
"The Koren Rosh HaShana Mahzor; Ashkenaz, Shaharit, Shir HaYihud, Thursday 70",886
"The Koren Rosh HaShana Mahzor; Ashkenaz, Shaharit, Shir HaYihud, Thursday 71",887
"The Koren Rosh HaShana Mahzor; Ashkenaz, Shaharit, Shir HaYihud, Thursday 72",888
"The Koren Rosh HaShana Mahzor; Ashkenaz, Shaharit, Shir HaYihud, Thursday 73",889
"The Koren Rosh HaShana Mahzor; Ashkenaz, Shaharit, Shir HaYihud, Thursday 74",890
"The Koren Rosh HaShana Mahzor; Ashkenaz, Shaharit, Shir HaYihud, Thursday 75",891
"The Koren Rosh HaShana Mahzor; Ashkenaz, Shaharit, Shir HaYihud, Thursday 76",892
"The Koren Rosh HaShana Mahzor; Ashkenaz, Shaharit, Shir HaYihud, Friday 1",894
"The Koren Rosh HaShana Mahzor; Ashkenaz, Shaharit, Shir HaYihud, Friday 2",895
"The Koren Rosh HaShana Mahzor; Ashkenaz, Shaharit, Shir HaYihud, Friday 3",896
"The Koren Rosh HaShana Mahzor; Ashkenaz, Shaharit, Shir HaYihud, Friday 4",897
"The Koren Rosh HaShana Mahzor; Ashkenaz, Shaharit, Shir HaYihud, Friday 5",898
"The Koren Rosh HaShana Mahzor; Ashkenaz, Shaharit, Shir HaYihud, Friday 6",899
"The Koren Rosh HaShana Mahzor; Ashkenaz, Shaharit, Shir HaYihud, Friday 7",900
"The Koren Rosh HaShana Mahzor; Ashkenaz, Shaharit, Shir HaYihud, Friday 8",901
"The Koren Rosh HaShana Mahzor; Ashkenaz, Shaharit, Shir HaYihud, Friday 9",902
"The Koren Rosh HaShana Mahzor; Ashkenaz, Shaharit, Shir HaYihud, Friday 10",903
"The Koren Rosh HaShana Mahzor; Ashkenaz, Shaharit, Shir HaYihud, Friday 11",904
"The Koren Rosh HaShana Mahzor; Ashkenaz, Shaharit, Shir HaYihud, Friday 12",905
"The Koren Rosh HaShana Mahzor; Ashkenaz, Shaharit, Shir HaYihud, Friday 13",906
"The Koren Rosh HaShana Mahzor; Ashkenaz, Shaharit, Shir HaYihud, Friday 14",907
"The Koren Rosh HaShana Mahzor; Ashkenaz, Shaharit, Shir HaYihud, Friday 15",908
"The Koren Rosh HaShana Mahzor; Ashkenaz, Shaharit, Shir HaYihud, Friday 16",909
"The Koren Rosh HaShana Mahzor; Ashkenaz, Shaharit, Shir HaYihud, Friday 17",910
"The Koren Rosh HaShana Mahzor; Ashkenaz, Shaharit, Shir HaYihud, Friday 18",911
"The Koren Rosh HaShana Mahzor; Ashkenaz, Shaharit, Shir HaYihud, Friday 19",912
"The Koren Rosh HaShana Mahzor; Ashkenaz, Shaharit, Shir HaYihud, Friday 20",913
"The Koren Rosh HaShana Mahzor; Ashkenaz, Shaharit, Shir HaYihud, Friday 21",914
"The Koren Rosh HaShana Mahzor; Ashkenaz, Shaharit, Shir HaYihud, Friday 22",915
"The Koren Rosh HaShana Mahzor; Ashkenaz, Shaharit, Shir HaYihud, Friday 23",916
"The Koren Rosh HaShana Mahzor; Ashkenaz, Shaharit, Shir HaYihud, Friday 24",917
"The Koren Rosh HaShana Mahzor; Ashkenaz, Shaharit, Shir HaYihud, Friday 25",918
"The Koren Rosh HaShana Mahzor; Ashkenaz, Shaharit, Shir HaYihud, Friday 26",919
"The Koren Rosh HaShana Mahzor; Ashkenaz, Shaharit, Shir HaYihud, Friday 27",920
"The Koren Rosh HaShana Mahzor; Ashkenaz, Shaharit, Shir HaYihud, Friday 28",921
"The Koren Rosh HaShana Mahzor; Ashkenaz, Shaharit, Shir HaYihud, Friday 29",922
"The Koren Rosh HaShana Mahzor; Ashkenaz, Shaharit, Shir HaYihud, Friday 30",923
"The Koren Rosh HaShana Mahzor; Ashkenaz, Shaharit, Shir HaYihud, Friday 31",924
"The Koren Rosh HaShana Mahzor; Ashkenaz, Shaharit, Shir HaYihud, Friday 32",925
"The Koren Rosh HaShana Mahzor; Ashkenaz, Shaharit, Shir HaYihud, Friday 33",926
"The Koren Rosh HaShana Mahzor; Ashkenaz, Shaharit, Shir HaYihud, Friday 34",927
"The Koren Rosh HaShana Mahzor; Ashkenaz, Shaharit, Shir HaYihud, Friday 35",928
"The Koren Rosh HaShana Mahzor; Ashkenaz, Shaharit, Shir HaYihud, Friday 36",929
"The Koren Rosh HaShana Mahzor; Ashkenaz, Shaharit, Shir HaYihud, Friday 37",930
"The Koren Rosh HaShana Mahzor; Ashkenaz, Shaharit, Shir HaYihud, Friday 38",931
"The Koren Rosh HaShana Mahzor; Ashkenaz, Shaharit, Shir HaYihud, Friday 39",932
"The Koren Rosh HaShana Mahzor; Ashkenaz, Shaharit, Shir HaYihud, Friday 40",933
"The Koren Rosh HaShana Mahzor; Ashkenaz, Shaharit, Shir HaYihud, Friday 41",934
"The Koren Rosh HaShana Mahzor; Ashkenaz, Shaharit, Shir HaYihud, Friday 42",935
"The Koren Rosh HaShana Mahzor; Ashkenaz, Shaharit, Shir HaYihud, Friday 43",936
"The Koren Rosh HaShana Mahzor; Ashkenaz, Shaharit, Shir HaYihud, Friday 44",937
"The Koren Rosh HaShana Mahzor; Ashkenaz, Shaharit, Shir HaYihud, Friday 45",938
"The Koren Rosh HaShana Mahzor; Ashkenaz, Shaharit, Shir HaYihud, Friday 46",939
"The Koren Rosh HaShana Mahzor; Ashkenaz, Shaharit, Shir HaYihud, Shabbat 1",941
"The Koren Rosh HaShana Mahzor; Ashkenaz, Shaharit, Shir HaYihud, Shabbat 2",942
"The Koren Rosh HaShana Mahzor; Ashkenaz, Shaharit, Shir HaYihud, Shabbat 3",943
"The Koren Rosh HaShana Mahzor; Ashkenaz, Shaharit, Shir HaYihud, Shabbat 4",944
"The Koren Rosh HaShana Mahzor; Ashkenaz, Shaharit, Shir HaYihud, Shabbat 5",945
"The Koren Rosh HaShana Mahzor; Ashkenaz, Shaharit, Shir HaYihud, Shabbat 6",946
"The Koren Rosh HaShana Mahzor; Ashkenaz, Shaharit, Shir HaYihud, Shabbat 7",947
"The Koren Rosh HaShana Mahzor; Ashkenaz, Shaharit, Shir HaYihud, Shabbat 8",948
"The Koren Rosh HaShana Mahzor; Ashkenaz, Shaharit, Shir HaYihud, Shabbat 9",949
"The Koren Rosh HaShana Mahzor; Ashkenaz, Shaharit, Shir HaYihud, Shabbat 10",950
"The Koren Rosh HaShana Mahzor; Ashkenaz, Shaharit, Shir HaYihud, Shabbat 11",951
"The Koren Rosh HaShana Mahzor; Ashkenaz, Shaharit, Shir HaYihud, Shabbat 12",952
"The Koren Rosh HaShana Mahzor; Ashkenaz, Shaharit, Shir HaYihud, Shabbat 13",953
"The Koren Rosh HaShana Mahzor; Ashkenaz, Shaharit, Shir HaYihud, Shabbat 14",954
"The Koren Rosh HaShana Mahzor; Ashkenaz, Shaharit, Shir HaYihud, Shabbat 15",955
"The Koren Rosh HaShana Mahzor; Ashkenaz, Shaharit, Shir HaYihud, Shabbat 16",956
"The Koren Rosh HaShana Mahzor; Ashkenaz, Shaharit, Shir HaYihud, Shabbat 17",957
"The Koren Rosh HaShana Mahzor; Ashkenaz, Shaharit, Shir HaYihud, Shabbat 18",958
"The Koren Rosh HaShana Mahzor; Ashkenaz, Shaharit, Shir HaYihud, Shabbat 19",959
"The Koren Rosh HaShana Mahzor; Ashkenaz, Shaharit, Shir HaYihud, Shabbat 20",960
"The Koren Rosh HaShana Mahzor; Ashkenaz, Shaharit, Shir HaYihud, Shabbat 21",961
"The Koren Rosh HaShana Mahzor; Ashkenaz, Shaharit, Shir HaYihud, Shabbat 22",962
"The Koren Rosh HaShana Mahzor; Ashkenaz, Shaharit, Shir HaYihud, Shabbat 23",963
"The Koren Rosh HaShana Mahzor; Ashkenaz, Shaharit, Shir HaYihud, Shabbat 24",964
"The Koren Rosh HaShana Mahzor; Ashkenaz, Shaharit, Shir HaYihud, Shabbat 25",965
"The Koren Rosh HaShana Mahzor; Ashkenaz, Shaharit, Shir HaYihud, Shabbat 26",966
"The Koren Rosh HaShana Mahzor; Ashkenaz, Shaharit, Shir HaYihud, Shabbat 27",967
"The Koren Rosh HaShana Mahzor; Ashkenaz, Shaharit, Shir HaYihud, Shabbat 28",968
"The Koren Rosh HaShana Mahzor; Ashkenaz, Shaharit, Shir HaYihud, Shabbat 29",969
"The Koren Rosh HaShana Mahzor; Ashkenaz, Shaharit, Shir HaYihud, Shabbat 30",970
"The Koren Rosh HaShana Mahzor; Ashkenaz, Shaharit, Shir HaYihud, Shabbat 31",971
"The Koren Rosh HaShana Mahzor; Ashkenaz, Shaharit, Shir HaYihud, Shabbat 32",972
"The Koren Rosh HaShana Mahzor; Ashkenaz, Shaharit, Shir HaYihud, Shabbat 33",973
"The Koren Rosh HaShana Mahzor; Ashkenaz, Shaharit, Shir HaYihud, Both Days 1",975
"The Koren Rosh HaShana Mahzor; Ashkenaz, Shaharit, Shir HaYihud, Both Days 2",976
"The Koren Rosh HaShana Mahzor; Ashkenaz, Shaharit, Shir HaYihud, Both Days 3",977
"The Koren Rosh HaShana Mahzor; Ashkenaz, Shaharit, Shir HaYihud, Both Days 4",978
"The Koren Rosh HaShana Mahzor; Ashkenaz, Shaharit, Shir HaYihud, Both Days 5",979
"The Koren Rosh HaShana Mahzor; Ashkenaz, Shaharit, Shir HaYihud, Both Days 6",980
"The Koren Rosh HaShana Mahzor; Ashkenaz, Shaharit, Shir HaYihud, Both Days 7",981
"The Koren Rosh HaShana Mahzor; Ashkenaz, Shaharit, Shir HaYihud, Both Days 8",982
"The Koren Rosh HaShana Mahzor; Ashkenaz, Shaharit, Shir HaKavod 1",984
"The Koren Rosh HaShana Mahzor; Ashkenaz, Shaharit, Shir HaKavod 2",985
"The Koren Rosh HaShana Mahzor; Ashkenaz, Shaharit, Shir HaKavod 3",986
"The Koren Rosh HaShana Mahzor; Ashkenaz, Shaharit, Shir HaKavod 4",987
"The Koren Rosh HaShana Mahzor; Ashkenaz, Shaharit, Shir HaKavod 5",988
"The Koren Rosh HaShana Mahzor; Ashkenaz, Shaharit, Shir HaKavod 6",989
"The Koren Rosh HaShana Mahzor; Ashkenaz, Shaharit, Shir HaKavod 7",990
"The Koren Rosh HaShana Mahzor; Ashkenaz, Shaharit, Shir HaKavod 8",991
"The Koren Rosh HaShana Mahzor; Ashkenaz, Shaharit, Shir HaKavod 9",992
"The Koren Rosh HaShana Mahzor; Ashkenaz, Shaharit, Shir HaKavod 10",993
"The Koren Rosh HaShana Mahzor; Ashkenaz, Shaharit, Shir HaKavod 11",994
"The Koren Rosh HaShana Mahzor; Ashkenaz, Shaharit, Shir HaKavod 12",995
"The Koren Rosh HaShana Mahzor; Ashkenaz, Shaharit, Shir HaKavod 13",996
"The Koren Rosh HaShana Mahzor; Ashkenaz, Shaharit, Shir HaKavod 14",997
"The Koren Rosh HaShana Mahzor; Ashkenaz, Shaharit, Shir HaKavod 15",998
"The Koren Rosh HaShana Mahzor; Ashkenaz, Shaharit, Shir HaKavod 16",999
"The Koren Rosh HaShana Mahzor; Ashkenaz, Shaharit, Shir HaKavod 17",1000
"The Koren Rosh HaShana Mahzor; Ashkenaz, Shaharit, Shir HaKavod 18",1001
"The Koren Rosh HaShana Mahzor; Ashkenaz, Shaharit, Shir HaKavod 19",1002
"The Koren Rosh HaShana Mahzor; Ashkenaz, Shaharit, Shir HaKavod 20",1003
"The Koren Rosh HaShana Mahzor; Ashkenaz, Shaharit, Shir HaKavod 21",1004
"The Koren Rosh HaShana Mahzor; Ashkenaz, Shaharit, Shir HaKavod 22",1005
"The Koren Rosh HaShana Mahzor; Ashkenaz, Shaharit, Shir HaKavod 23",1006
"The Koren Rosh HaShana Mahzor; Ashkenaz, Shaharit, Shir HaKavod 24",1007
"The Koren Rosh HaShana Mahzor; Ashkenaz, Shaharit, Shir HaKavod 25",1008
"The Koren Rosh HaShana Mahzor; Ashkenaz, Shaharit, Shir HaKavod 26",1009
"The Koren Rosh HaShana Mahzor; Ashkenaz, Shaharit, Shir HaKavod 27",1010
"The Koren Rosh HaShana Mahzor; Ashkenaz, Shaharit, Shir HaKavod 28",1011
"The Koren Rosh HaShana Mahzor; Ashkenaz, Shaharit, Shir HaKavod 29",1012
"The Koren Rosh HaShana Mahzor; Ashkenaz, Shaharit, Shir HaKavod 30",1013
"The Koren Rosh HaShana Mahzor; Ashkenaz, Shaharit, Shir HaKavod 31",1014
"The Koren Rosh HaShana Mahzor; Ashkenaz, Shaharit, Shir HaKavod 32",1015
"The Koren Rosh HaShana Mahzor; Ashkenaz, Shaharit, Shir HaKavod 33",1016
"The Koren Rosh HaShana Mahzor; Ashkenaz, Shaharit, Shir HaKavod 34",1017
"The Koren Rosh HaShana Mahzor; Ashkenaz, Shaharit, Shir HaKavod 35",1018
"The Koren Rosh HaShana Mahzor; Ashkenaz, Shaharit, Shir HaKavod 36",1019
"The Koren Rosh HaShana Mahzor; Ashkenaz, Shaharit, Shir HaKavod 37",1020
"The Koren Rosh HaShana Mahzor; Ashkenaz, Shaharit, Shir HaKavod 38",1021
"The Koren Rosh HaShana Mahzor; Ashkenaz, Shaharit, Shir HaKavod 39",1022
"The Koren Rosh HaShana Mahzor; Ashkenaz, Shaharit, Shir HaKavod 40",1023
"The Koren Rosh HaShana Mahzor; Ashkenaz, Shaharit, Shir HaKavod 41",1024
"The Koren Rosh HaShana Mahzor; Ashkenaz, Shaharit, Shir HaKavod 42",1025
"The Koren Rosh HaShana Mahzor; Ashkenaz, Shaharit, Daily Psalm 1",1027
"The Koren Rosh HaShana Mahzor; Ashkenaz, Shaharit, Daily Psalm 2",1028
"The Koren Rosh HaShana Mahzor; Ashkenaz, Shaharit, Daily Psalm 3",1029
"The Koren Rosh HaShana Mahzor; Ashkenaz, Shaharit, Daily Psalm 4",1030
"The Koren Rosh HaShana Mahzor; Ashkenaz, Shaharit, Daily Psalm 5",1031
"The Koren Rosh HaShana Mahzor; Ashkenaz, Shaharit, Daily Psalm 6",1032
"The Koren Rosh HaShana Mahzor; Ashkenaz, Shaharit, Daily Psalm 7",1033
"The Koren Rosh HaShana Mahzor; Ashkenaz, Shaharit, Daily Psalm 8",1034
"The Koren Rosh HaShana Mahzor; Ashkenaz, Shaharit, Daily Psalm 9",1035
"The Koren Rosh HaShana Mahzor; Ashkenaz, Shaharit, Daily Psalm 10",1036
"The Koren Rosh HaShana Mahzor; Ashkenaz, Shaharit, Daily Psalm 11",1037
"The Koren Rosh HaShana Mahzor; Ashkenaz, Shaharit, Daily Psalm 12",1038
"The Koren Rosh HaShana Mahzor; Ashkenaz, Shaharit, Daily Psalm 13",1039
"The Koren Rosh HaShana Mahzor; Ashkenaz, Shaharit, Daily Psalm 14",1040
"The Koren Rosh HaShana Mahzor; Ashkenaz, Shaharit, Daily Psalm 15",1041
"The Koren Rosh HaShana Mahzor; Ashkenaz, Shaharit, Daily Psalm 16",1042
"The Koren Rosh HaShana Mahzor; Ashkenaz, Shaharit, Daily Psalm 17",1043
"The Koren Rosh HaShana Mahzor; Ashkenaz, Shaharit, Daily Psalm 18",1044
"The Koren Rosh HaShana Mahzor; Ashkenaz, Shaharit, Daily Psalm 19",1045
"The Koren Rosh HaShana Mahzor; Ashkenaz, Shaharit, Daily Psalm 20",1046
"The Koren Rosh HaShana Mahzor; Ashkenaz, Shaharit, Daily Psalm 21",1047
"The Koren Rosh HaShana Mahzor; Ashkenaz, Shaharit, Daily Psalm 22",1048
"The Koren Rosh HaShana Mahzor; Ashkenaz, Shaharit, Daily Psalm 23",1049
"The Koren Rosh HaShana Mahzor; Ashkenaz, Shaharit, Daily Psalm 24",1050
"The Koren Rosh HaShana Mahzor; Ashkenaz, Shaharit, Morning Blessings 1",1052
"The Koren Rosh HaShana Mahzor; Ashkenaz, Shaharit, Morning Blessings 2",1053
"The Koren Rosh HaShana Mahzor; Ashkenaz, Shaharit, Morning Blessings 3",1054
"The Koren Rosh HaShana Mahzor; Ashkenaz, Shaharit, Morning Blessings 4",1055
"The Koren Rosh HaShana Mahzor; Ashkenaz, Shaharit, Morning Blessings 5",1056
"The Koren Rosh HaShana Mahzor; Ashkenaz, Shaharit, Morning Blessings 6",1057
"The Koren Rosh HaShana Mahzor; Ashkenaz, Shaharit, Morning Blessings 7",1058
"The Koren Rosh HaShana Mahzor; Ashkenaz, Shaharit, Morning Blessings 8",1059
"The Koren Rosh HaShana Mahzor; Ashkenaz, Shaharit, Morning Blessings 9",1060
"The Koren Rosh HaShana Mahzor; Ashkenaz, Shaharit, Morning Blessings 10",1061
"The Koren Rosh HaShana Mahzor; Ashkenaz, Shaharit, Morning Blessings 11",1062
"The Koren Rosh HaShana Mahzor; Ashkenaz, Shaharit, Morning Blessings 12",1063
"The Koren Rosh HaShana Mahzor; Ashkenaz, Shaharit, Morning Blessings 13",1064
"The Koren Rosh HaShana Mahzor; Ashkenaz, Shaharit, Morning Blessings 14",1065
"The Koren Rosh HaShana Mahzor; Ashkenaz, Shaharit, Morning Blessings 15",1066
"The Koren Rosh HaShana Mahzor; Ashkenaz, Shaharit, Morning Blessings 16",1067
"The Koren Rosh HaShana Mahzor; Ashkenaz, Shaharit, Morning Blessings 17",1068
"The Koren Rosh HaShana Mahzor; Ashkenaz, Shaharit, Morning Blessings 18",1069
"The Koren Rosh HaShana Mahzor; Ashkenaz, Shaharit, Morning Blessings 19",1070
"The Koren Rosh HaShana Mahzor; Ashkenaz, Shaharit, Morning Blessings 20",1071
"The Koren Rosh HaShana Mahzor; Ashkenaz, Shaharit, Morning Blessings 21",1072
"The Koren Rosh HaShana Mahzor; Ashkenaz, Shaharit, Morning Blessings 22",1073
"The Koren Rosh HaShana Mahzor; Ashkenaz, Shaharit, Morning Blessings 23",1074
"The Koren Rosh HaShana Mahzor; Ashkenaz, Shaharit, Morning Blessings 24",1075
"The Koren Rosh HaShana Mahzor; Ashkenaz, Shaharit, Morning Blessings 25",1076
"The Koren Rosh HaShana Mahzor; Ashkenaz, Shaharit, Morning Blessings 26",1077
"The Koren Rosh HaShana Mahzor; Ashkenaz, Shaharit, Morning Blessings 27",1078
"The Koren Rosh HaShana Mahzor; Ashkenaz, Shaharit, Morning Blessings 28",1079
"The Koren Rosh HaShana Mahzor; Ashkenaz, Shaharit, Morning Blessings 29",1080
"The Koren Rosh HaShana Mahzor; Ashkenaz, Shaharit, Morning Blessings 30",1081
"The Koren Rosh HaShana Mahzor; Ashkenaz, Shaharit, Morning Blessings 31",1082
"The Koren Rosh HaShana Mahzor; Ashkenaz, Shaharit, Morning Blessings 32",1083
"The Koren Rosh HaShana Mahzor; Ashkenaz, Shaharit, Morning Blessings 33",1084
"The Koren Rosh HaShana Mahzor; Ashkenaz, Shaharit, Morning Blessings 34",1085
"The Koren Rosh HaShana Mahzor; Ashkenaz, Shaharit, Morning Blessings 35",1086
"The Koren Rosh HaShana Mahzor; Ashkenaz, Shaharit, Morning Blessings 36",1087
"The Koren Rosh HaShana Mahzor; Ashkenaz, Shaharit, Morning Blessings 37",1088
"The Koren Rosh HaShana Mahzor; Ashkenaz, Shaharit, Morning Blessings 38",1089
"The Koren Rosh HaShana Mahzor; Ashkenaz, Shaharit, Morning Blessings 39",1090
"The Koren Rosh HaShana Mahzor; Ashkenaz, Shaharit, Morning Blessings 40",1091
"The Koren Rosh HaShana Mahzor; Ashkenaz, Shaharit, Morning Blessings 41",1092
"The Koren Rosh HaShana Mahzor; Ashkenaz, Shaharit, The Binding of Isaac 1",1094
"The Koren Rosh HaShana Mahzor; Ashkenaz, Shaharit, The Binding of Isaac 2",1095
"The Koren Rosh HaShana Mahzor; Ashkenaz, Shaharit, The Binding of Isaac 3",1096
"The Koren Rosh HaShana Mahzor; Ashkenaz, Shaharit, The Binding of Isaac 4",1097
"The Koren Rosh HaShana Mahzor; Ashkenaz, Shaharit, The Binding of Isaac 5",1098
"The Koren Rosh HaShana Mahzor; Ashkenaz, Shaharit, The Binding of Isaac 6",1099
"The Koren Rosh HaShana Mahzor; Ashkenaz, Shaharit, Accepting the Sovereignty of Heaven 1",1101
"The Koren Rosh HaShana Mahzor; Ashkenaz, Shaharit, Accepting the Sovereignty of Heaven 2",1102
"The Koren Rosh HaShana Mahzor; Ashkenaz, Shaharit, Accepting the Sovereignty of Heaven 3",1103
"The Koren Rosh HaShana Mahzor; Ashkenaz, Shaharit, Accepting the Sovereignty of Heaven 4",1104
"The Koren Rosh HaShana Mahzor; Ashkenaz, Shaharit, Accepting the Sovereignty of Heaven 5",1105
"The Koren Rosh HaShana Mahzor; Ashkenaz, Shaharit, Accepting the Sovereignty of Heaven 6",1106
"The Koren Rosh HaShana Mahzor; Ashkenaz, Shaharit, Accepting the Sovereignty of Heaven 7",1107
"The Koren Rosh HaShana Mahzor; Ashkenaz, Shaharit, Accepting the Sovereignty of Heaven 8",1108
"The Koren Rosh HaShana Mahzor; Ashkenaz, Shaharit, Accepting the Sovereignty of Heaven 9",1109
"The Koren Rosh HaShana Mahzor; Ashkenaz, Shaharit, Accepting the Sovereignty of Heaven 10",1110
"The Koren Rosh HaShana Mahzor; Ashkenaz, Shaharit, Accepting the Sovereignty of Heaven 11",1111
"The Koren Rosh HaShana Mahzor; Ashkenaz, Shaharit, Accepting the Sovereignty of Heaven 12",1112
"The Koren Rosh HaShana Mahzor; Ashkenaz, Shaharit, Accepting the Sovereignty of Heaven 13",1113
"The Koren Rosh HaShana Mahzor; Ashkenaz, Shaharit, Accepting the Sovereignty of Heaven 14",1114
"The Koren Rosh HaShana Mahzor; Ashkenaz, Shaharit, Offerings 1",1116
"The Koren Rosh HaShana Mahzor; Ashkenaz, Shaharit, Offerings 2",1117
"The Koren Rosh HaShana Mahzor; Ashkenaz, Shaharit, Offerings 3",1118
"The Koren Rosh HaShana Mahzor; Ashkenaz, Shaharit, Offerings 4",1119
"The Koren Rosh HaShana Mahzor; Ashkenaz, Shaharit, Offerings 5",1120
"The Koren Rosh HaShana Mahzor; Ashkenaz, Shaharit, Offerings 6",1121
"The Koren Rosh HaShana Mahzor; Ashkenaz, Shaharit, Offerings 7",1122
"The Koren Rosh HaShana Mahzor; Ashkenaz, Shaharit, Offerings 8",1123
"The Koren Rosh HaShana Mahzor; Ashkenaz, Shaharit, Offerings 9",1124
"The Koren Rosh HaShana Mahzor; Ashkenaz, Shaharit, Offerings 10",1125
"The Koren Rosh HaShana Mahzor; Ashkenaz, Shaharit, Offerings 11",1126
"The Koren Rosh HaShana Mahzor; Ashkenaz, Shaharit, Offerings 12",1127
"The Koren Rosh HaShana Mahzor; Ashkenaz, Shaharit, Offerings 13",1128
"The Koren Rosh HaShana Mahzor; Ashkenaz, Shaharit, Offerings 14",1129
"The Koren Rosh HaShana Mahzor; Ashkenaz, Shaharit, Offerings 15",1130
"The Koren Rosh HaShana Mahzor; Ashkenaz, Shaharit, Offerings 16",1131
"The Koren Rosh HaShana Mahzor; Ashkenaz, Shaharit, Offerings 17",1132
"The Koren Rosh HaShana Mahzor; Ashkenaz, Shaharit, Offerings 18",1133
"The Koren Rosh HaShana Mahzor; Ashkenaz, Shaharit, Offerings 19",1134
"The Koren Rosh HaShana Mahzor; Ashkenaz, Shaharit, Offerings 20",1135
"The Koren Rosh HaShana Mahzor; Ashkenaz, Shaharit, Offerings 21",1136
"The Koren Rosh HaShana Mahzor; Ashkenaz, Shaharit, Offerings 22",1137
"The Koren Rosh HaShana Mahzor; Ashkenaz, Shaharit, Offerings 23",1138
"The Koren Rosh HaShana Mahzor; Ashkenaz, Shaharit, Offerings 24",1139
"The Koren Rosh HaShana Mahzor; Ashkenaz, Shaharit, Offerings 25",1140
"The Koren Rosh HaShana Mahzor; Ashkenaz, Shaharit, Offerings 26",1141
"The Koren Rosh HaShana Mahzor; Ashkenaz, Shaharit, Offerings 27",1142
"The Koren Rosh HaShana Mahzor; Ashkenaz, Shaharit, Offerings 28",1143
"The Koren Rosh HaShana Mahzor; Ashkenaz, Shaharit, Offerings 29",1144
"The Koren Rosh HaShana Mahzor; Ashkenaz, Shaharit, Offerings 30",1145
"The Koren Rosh HaShana Mahzor; Ashkenaz, Shaharit, Offerings 31",1146
"The Koren Rosh HaShana Mahzor; Ashkenaz, Shaharit, Offerings 32",1147
"The Koren Rosh HaShana Mahzor; Ashkenaz, Shaharit, Offerings 33",1148
"The Koren Rosh HaShana Mahzor; Ashkenaz, Shaharit, Offerings 34",1149
"The Koren Rosh HaShana Mahzor; Ashkenaz, Shaharit, Offerings 35",1150
"The Koren Rosh HaShana Mahzor; Ashkenaz, Shaharit, Offerings 36",1151
"The Koren Rosh HaShana Mahzor; Ashkenaz, Shaharit, Offerings 37",1152
"The Koren Rosh HaShana Mahzor; Ashkenaz, Shaharit, Offerings 38",1153
"The Koren Rosh HaShana Mahzor; Ashkenaz, Shaharit, The Interpretive Principles of Rabbi Yishmael 1",1155
"The Koren Rosh HaShana Mahzor; Ashkenaz, Shaharit, The Interpretive Principles of Rabbi Yishmael 2",1156
"The Koren Rosh HaShana Mahzor; Ashkenaz, Shaharit, The Interpretive Principles of Rabbi Yishmael 3",1157
"The Koren Rosh HaShana Mahzor; Ashkenaz, Shaharit, The Interpretive Principles of Rabbi Yishmael 4",1158
"The Koren Rosh HaShana Mahzor; Ashkenaz, Shaharit, The Interpretive Principles of Rabbi Yishmael 5",1159
"The Koren Rosh HaShana Mahzor; Ashkenaz, Shaharit, The Interpretive Principles of Rabbi Yishmael 6",1160
"The Koren Rosh HaShana Mahzor; Ashkenaz, Shaharit, The Interpretive Principles of Rabbi Yishmael 7",1161
"The Koren Rosh HaShana Mahzor; Ashkenaz, Shaharit, The Interpretive Principles of Rabbi Yishmael 8",1162
"The Koren Rosh HaShana Mahzor; Ashkenaz, Shaharit, The Interpretive Principles of Rabbi Yishmael 9",1163
"The Koren Rosh HaShana Mahzor; Ashkenaz, Shaharit, The Interpretive Principles of Rabbi Yishmael 10",1164
"The Koren Rosh HaShana Mahzor; Ashkenaz, Shaharit, The Interpretive Principles of Rabbi Yishmael 11",1165
"The Koren Rosh HaShana Mahzor; Ashkenaz, Shaharit, The Interpretive Principles of Rabbi Yishmael 12",1166
"The Koren Rosh HaShana Mahzor; Ashkenaz, Shaharit, The Interpretive Principles of Rabbi Yishmael 13",1167
"The Koren Rosh HaShana Mahzor; Ashkenaz, Shaharit, The Interpretive Principles of Rabbi Yishmael 14",1168
"The Koren Rosh HaShana Mahzor; Ashkenaz, Shaharit, The Interpretive Principles of Rabbi Yishmael 15",1169
"The Koren Rosh HaShana Mahzor; Ashkenaz, Shaharit, The Rabbis' Kaddish 1",1171
"The Koren Rosh HaShana Mahzor; Ashkenaz, Shaharit, The Rabbis' Kaddish 2",1172
"The Koren Rosh HaShana Mahzor; Ashkenaz, Shaharit, The Rabbis' Kaddish 3",1173
"The Koren Rosh HaShana Mahzor; Ashkenaz, Shaharit, The Rabbis' Kaddish 4",1174
"The Koren Rosh HaShana Mahzor; Ashkenaz, Shaharit, The Rabbis' Kaddish 5",1175
"The Koren Rosh HaShana Mahzor; Ashkenaz, Shaharit, The Rabbis' Kaddish 6",1176
"The Koren Rosh HaShana Mahzor; Ashkenaz, Shaharit, The Rabbis' Kaddish 7",1177
"The Koren Rosh HaShana Mahzor; Ashkenaz, Shaharit, The Rabbis' Kaddish 8",1178
"The Koren Rosh HaShana Mahzor; Ashkenaz, Shaharit, The Rabbis' Kaddish 9",1179
"The Koren Rosh HaShana Mahzor; Ashkenaz, Shaharit, A Psalm Before Verses of Praise 1",1181
"The Koren Rosh HaShana Mahzor; Ashkenaz, Shaharit, A Psalm Before Verses of Praise 2",1182
"The Koren Rosh HaShana Mahzor; Ashkenaz, Shaharit, A Psalm Before Verses of Praise 3",1183
"The Koren Rosh HaShana Mahzor; Ashkenaz, Shaharit, A Psalm Before Verses of Praise 4",1184
"The Koren Rosh HaShana Mahzor; Ashkenaz, Shaharit, A Psalm Before Verses of Praise 5",1185
"The Koren Rosh HaShana Mahzor; Ashkenaz, Shaharit, A Psalm Before Verses of Praise 6",1186
"The Koren Rosh HaShana Mahzor; Ashkenaz, Shaharit, A Psalm Before Verses of Praise 7",1187
"The Koren Rosh HaShana Mahzor; Ashkenaz, Shaharit, A Psalm Before Verses of Praise 8",1188
"The Koren Rosh HaShana Mahzor; Ashkenaz, Shaharit, A Psalm Before Verses of Praise 9",1189
"The Koren Rosh HaShana Mahzor; Ashkenaz, Shaharit, Pesukei DeZimra 1",1191
"The Koren Rosh HaShana Mahzor; Ashkenaz, Shaharit, Pesukei DeZimra 2",1192
"The Koren Rosh HaShana Mahzor; Ashkenaz, Shaharit, Pesukei DeZimra 3",1193
"The Koren Rosh HaShana Mahzor; Ashkenaz, Shaharit, Pesukei DeZimra 4",1194
"The Koren Rosh HaShana Mahzor; Ashkenaz, Shaharit, Pesukei DeZimra 5",1195
"The Koren Rosh HaShana Mahzor; Ashkenaz, Shaharit, Pesukei DeZimra 6",1196
"The Koren Rosh HaShana Mahzor; Ashkenaz, Shaharit, Pesukei DeZimra 7",1197
"The Koren Rosh HaShana Mahzor; Ashkenaz, Shaharit, Pesukei DeZimra 8",1198
"The Koren Rosh HaShana Mahzor; Ashkenaz, Shaharit, Pesukei DeZimra 9",1199
"The Koren Rosh HaShana Mahzor; Ashkenaz, Shaharit, Pesukei DeZimra 10",1200
"The Koren Rosh HaShana Mahzor; Ashkenaz, Shaharit, Pesukei DeZimra 11",1201
"The Koren Rosh HaShana Mahzor; Ashkenaz, Shaharit, Pesukei DeZimra 12",1202
"The Koren Rosh HaShana Mahzor; Ashkenaz, Shaharit, Pesukei DeZimra 13",1203
"The Koren Rosh HaShana Mahzor; Ashkenaz, Shaharit, Pesukei DeZimra 14",1204
"The Koren Rosh HaShana Mahzor; Ashkenaz, Shaharit, Pesukei DeZimra 15",1205
"The Koren Rosh HaShana Mahzor; Ashkenaz, Shaharit, Pesukei DeZimra 16",1206
"The Koren Rosh HaShana Mahzor; Ashkenaz, Shaharit, Pesukei DeZimra 17",1207
"The Koren Rosh HaShana Mahzor; Ashkenaz, Shaharit, Pesukei DeZimra 18",1208
"The Koren Rosh HaShana Mahzor; Ashkenaz, Shaharit, Pesukei DeZimra 19",1209
"The Koren Rosh HaShana Mahzor; Ashkenaz, Shaharit, Pesukei DeZimra 20",1210
"The Koren Rosh HaShana Mahzor; Ashkenaz, Shaharit, Pesukei DeZimra 21",1211
"The Koren Rosh HaShana Mahzor; Ashkenaz, Shaharit, Pesukei DeZimra 22",1212
"The Koren Rosh HaShana Mahzor; Ashkenaz, Shaharit, Pesukei DeZimra 23",1213
"The Koren Rosh HaShana Mahzor; Ashkenaz, Shaharit, Pesukei DeZimra 24",1214
"The Koren Rosh HaShana Mahzor; Ashkenaz, Shaharit, Pesukei DeZimra 25",1215
"The Koren Rosh HaShana Mahzor; Ashkenaz, Shaharit, Pesukei DeZimra 26",1216
"The Koren Rosh HaShana Mahzor; Ashkenaz, Shaharit, Pesukei DeZimra 27",1217
"The Koren Rosh HaShana Mahzor; Ashkenaz, Shaharit, Pesukei DeZimra 28",1218
"The Koren Rosh HaShana Mahzor; Ashkenaz, Shaharit, Pesukei DeZimra 29",1219
"The Koren Rosh HaShana Mahzor; Ashkenaz, Shaharit, Pesukei DeZimra 30",1220
"The Koren Rosh HaShana Mahzor; Ashkenaz, Shaharit, Pesukei DeZimra 31",1221
"The Koren Rosh HaShana Mahzor; Ashkenaz, Shaharit, Pesukei DeZimra 32",1222
"The Koren Rosh HaShana Mahzor; Ashkenaz, Shaharit, Pesukei DeZimra 33",1223
"The Koren Rosh HaShana Mahzor; Ashkenaz, Shaharit, Pesukei DeZimra 34",1224
"The Koren Rosh HaShana Mahzor; Ashkenaz, Shaharit, Pesukei DeZimra 35",1225
"The Koren Rosh HaShana Mahzor; Ashkenaz, Shaharit, Pesukei DeZimra 36",1226
"The Koren Rosh HaShana Mahzor; Ashkenaz, Shaharit, Pesukei DeZimra 37",1227
"The Koren Rosh HaShana Mahzor; Ashkenaz, Shaharit, Pesukei DeZimra 38",1228
"The Koren Rosh HaShana Mahzor; Ashkenaz, Shaharit, Nishmat 1",1230
"The Koren Rosh HaShana Mahzor; Ashkenaz, Shaharit, Nishmat 2",1231
"The Koren Rosh HaShana Mahzor; Ashkenaz, Shaharit, Nishmat 3",1232
"The Koren Rosh HaShana Mahzor; Ashkenaz, Shaharit, Nishmat 4",1233
"The Koren Rosh HaShana Mahzor; Ashkenaz, Shaharit, Nishmat 5",1234
"The Koren Rosh HaShana Mahzor; Ashkenaz, Shaharit, HaMelekh 1",1236
"The Koren Rosh HaShana Mahzor; Ashkenaz, Shaharit, HaMelekh 2",1237
"The Koren Rosh HaShana Mahzor; Ashkenaz, Shaharit, HaMelekh 3",1238
"The Koren Rosh HaShana Mahzor; Ashkenaz, Shaharit, HaMelekh 4",1239
"The Koren Rosh HaShana Mahzor; Ashkenaz, Shaharit, HaMelekh 5",1240
"The Koren Rosh HaShana Mahzor; Ashkenaz, Shaharit, HaMelekh 6",1241
"The Koren Rosh HaShana Mahzor; Ashkenaz, Shaharit, HaMelekh 7",1242
"The Koren Rosh HaShana Mahzor; Ashkenaz, Shaharit, HaMelekh 8",1243
"The Koren Rosh HaShana Mahzor; Ashkenaz, Shaharit, HaMelekh 9",1244
"The Koren Rosh HaShana Mahzor; Ashkenaz, Shaharit, HaMelekh 10",1245
"The Koren Rosh HaShana Mahzor; Ashkenaz, Shaharit, HaMelekh 11",1246
"The Koren Rosh HaShana Mahzor; Ashkenaz, Shaharit, HaMelekh 12",1247
"The Koren Rosh HaShana Mahzor; Ashkenaz, Shaharit, HaMelekh 13",1248
"The Koren Rosh HaShana Mahzor; Ashkenaz, Shaharit, HaMelekh 14",1249
"The Koren Rosh HaShana Mahzor; Ashkenaz, Shaharit, Blessings of the Shema 1",1251
"The Koren Rosh HaShana Mahzor; Ashkenaz, Shaharit, Blessings of the Shema 2",1252
"The Koren Rosh HaShana Mahzor; Ashkenaz, Shaharit, Blessings of the Shema 3",1253
"The Koren Rosh HaShana Mahzor; Ashkenaz, Shaharit, Blessings of the Shema 4",1254
"The Koren Rosh HaShana Mahzor; Ashkenaz, Shaharit, Blessings of the Shema 5",1255
"The Koren Rosh HaShana Mahzor; Ashkenaz, Shaharit, Blessings of the Shema 6",1256
"The Koren Rosh HaShana Mahzor; Ashkenaz, Shaharit, Blessings of the Shema 7",1257
"The Koren Rosh HaShana Mahzor; Ashkenaz, Shaharit, Blessings of the Shema 8",1258
"The Koren Rosh HaShana Mahzor; Ashkenaz, Shaharit, Blessings of the Shema 9",1259
"The Koren Rosh HaShana Mahzor; Ashkenaz, Shaharit, Blessings of the Shema 10",1260
"The Koren Rosh HaShana Mahzor; Ashkenaz, Shaharit, Blessings of the Shema 11",1261
"The Koren Rosh HaShana Mahzor; Ashkenaz, Shaharit, Blessings of the Shema 12",1262
"The Koren Rosh HaShana Mahzor; Ashkenaz, Shaharit, Blessings of the Shema 13",1263
"The Koren Rosh HaShana Mahzor; Ashkenaz, Shaharit, Blessings of the Shema 14",1264
"The Koren Rosh HaShana Mahzor; Ashkenaz, Shaharit, Blessings of the Shema 15",1265
"The Koren Rosh HaShana Mahzor; Ashkenaz, Shaharit, Blessings of the Shema 16",1266
"The Koren Rosh HaShana Mahzor; Ashkenaz, Shaharit, Blessings of the Shema 17",1267
"The Koren Rosh HaShana Mahzor; Ashkenaz, Shaharit, Blessings of the Shema 18",1268
"The Koren Rosh HaShana Mahzor; Ashkenaz, Shaharit, Blessings of the Shema 19",1269
"The Koren Rosh HaShana Mahzor; Ashkenaz, Shaharit, Blessings of the Shema 20",1270
"The Koren Rosh HaShana Mahzor; Ashkenaz, Shaharit, Blessings of the Shema 21",1271
"The Koren Rosh HaShana Mahzor; Ashkenaz, Shaharit, Blessings of the Shema 22",1272
"The Koren Rosh HaShana Mahzor; Ashkenaz, Shaharit, Blessings of the Shema 23",1273
"The Koren Rosh HaShana Mahzor; Ashkenaz, Shaharit, Blessings of the Shema 24",1274
"The Koren Rosh HaShana Mahzor; Ashkenaz, Shaharit, Blessings of the Shema 25",1275
"The Koren Rosh HaShana Mahzor; Ashkenaz, Shaharit, Blessings of the Shema 26",1276
"The Koren Rosh HaShana Mahzor; Ashkenaz, Shaharit, Blessings of the Shema 27",1277
"The Koren Rosh HaShana Mahzor; Ashkenaz, Shaharit, Blessings of the Shema 28",1278
"The Koren Rosh HaShana Mahzor; Ashkenaz, Shaharit, Blessings of the Shema 29",1279
"The Koren Rosh HaShana Mahzor; Ashkenaz, Shaharit, Blessings of the Shema 30",1280
"The Koren Rosh HaShana Mahzor; Ashkenaz, Shaharit, Blessings of the Shema 31",1281
"The Koren Rosh HaShana Mahzor; Ashkenaz, Shaharit, Blessings of the Shema 32",1282
"The Koren Rosh HaShana Mahzor; Ashkenaz, Shaharit, Blessings of the Shema 33",1283
"The Koren Rosh HaShana Mahzor; Ashkenaz, Shaharit, Blessings of the Shema 34",1284
"The Koren Rosh HaShana Mahzor; Ashkenaz, Shaharit, Blessings of the Shema 35",1285
"The Koren Rosh HaShana Mahzor; Ashkenaz, Shaharit, Blessings of the Shema 36",1286
"The Koren Rosh HaShana Mahzor; Ashkenaz, Shaharit, Blessings of the Shema 37",1287
"The Koren Rosh HaShana Mahzor; Ashkenaz, Shaharit, Blessings of the Shema 38",1288
"The Koren Rosh HaShana Mahzor; Ashkenaz, Shaharit, Blessings of the Shema 39",1289
"The Koren Rosh HaShana Mahzor; Ashkenaz, Shaharit, Blessings of the Shema 40",1290
"The Koren Rosh HaShana Mahzor; Ashkenaz, Shaharit, Blessings of the Shema 41",1291
"The Koren Rosh HaShana Mahzor; Ashkenaz, Shaharit, Blessings of the Shema 42",1292
"The Koren Rosh HaShana Mahzor; Ashkenaz, Shaharit, Blessings of the Shema 43",1293
"The Koren Rosh HaShana Mahzor; Ashkenaz, Shaharit, Blessings of the Shema 44",1294
"The Koren Rosh HaShana Mahzor; Ashkenaz, Shaharit, Blessings of the Shema 45",1295
"The Koren Rosh HaShana Mahzor; Ashkenaz, Shaharit, Blessings of the Shema 46",1296
"The Koren Rosh HaShana Mahzor; Ashkenaz, Shaharit, Blessings of the Shema 47",1297
"The Koren Rosh HaShana Mahzor; Ashkenaz, Shaharit, Blessings of the Shema 48",1298
"The Koren Rosh HaShana Mahzor; Ashkenaz, Shaharit, Blessings of the Shema 49",1299
"The Koren Rosh HaShana Mahzor; Ashkenaz, Shaharit, Blessings of the Shema 50",1300
"The Koren Rosh HaShana Mahzor; Ashkenaz, Shaharit, Blessings of the Shema 51",1301
"The Koren Rosh HaShana Mahzor; Ashkenaz, Shaharit, Blessings of the Shema 52",1302
"The Koren Rosh HaShana Mahzor; Ashkenaz, Shaharit, Blessings of the Shema 53",1303
"The Koren Rosh HaShana Mahzor; Ashkenaz, Shaharit, Blessings of the Shema 54",1304
"The Koren Rosh HaShana Mahzor; Ashkenaz, Shaharit, Blessings of the Shema 55",1305
"The Koren Rosh HaShana Mahzor; Ashkenaz, Shaharit, Blessings of the Shema 56",1306
"The Koren Rosh HaShana Mahzor; Ashkenaz, Shaharit, Blessings of the Shema 57",1307
"The Koren Rosh HaShana Mahzor; Ashkenaz, Shaharit, Blessings of the Shema 58",1308
"The Koren Rosh HaShana Mahzor; Ashkenaz, Shaharit, Blessings of the Shema 59",1309
"The Koren Rosh HaShana Mahzor; Ashkenaz, Shaharit, Blessings of the Shema 60",1310
"The Koren Rosh HaShana Mahzor; Ashkenaz, Shaharit, Blessings of the Shema 61",1311
"The Koren Rosh HaShana Mahzor; Ashkenaz, Shaharit, Blessings of the Shema 62",1312
"The Koren Rosh HaShana Mahzor; Ashkenaz, Shaharit, Blessings of the Shema 63",1313
"The Koren Rosh HaShana Mahzor; Ashkenaz, Shaharit, Blessings of the Shema 64",1314
"The Koren Rosh HaShana Mahzor; Ashkenaz, Shaharit, Blessings of the Shema 65",1315
"The Koren Rosh HaShana Mahzor; Ashkenaz, Shaharit, Blessings of the Shema 66",1316
"The Koren Rosh HaShana Mahzor; Ashkenaz, Shaharit, Blessings of the Shema 67",1317
"The Koren Rosh HaShana Mahzor; Ashkenaz, Shaharit, Blessings of the Shema 68",1318
"The Koren Rosh HaShana Mahzor; Ashkenaz, Shaharit, The Amida 1",1320
"The Koren Rosh HaShana Mahzor; Ashkenaz, Shaharit, The Amida 2",1321
"The Koren Rosh HaShana Mahzor; Ashkenaz, Shaharit, The Amida 3",1322
"The Koren Rosh HaShana Mahzor; Ashkenaz, Shaharit, The Amida 4",1323
"The Koren Rosh HaShana Mahzor; Ashkenaz, Shaharit, The Amida 5",1324
"The Koren Rosh HaShana Mahzor; Ashkenaz, Shaharit, The Amida 6",1325
"The Koren Rosh HaShana Mahzor; Ashkenaz, Shaharit, The Amida 7",1326
"The Koren Rosh HaShana Mahzor; Ashkenaz, Shaharit, The Amida 8",1327
"The Koren Rosh HaShana Mahzor; Ashkenaz, Shaharit, The Amida 9",1328
"The Koren Rosh HaShana Mahzor; Ashkenaz, Shaharit, The Amida 10",1329
"The Koren Rosh HaShana Mahzor; Ashkenaz, Shaharit, The Amida 11",1330
"The Koren Rosh HaShana Mahzor; Ashkenaz, Shaharit, The Amida 12",1331
"The Koren Rosh HaShana Mahzor; Ashkenaz, Shaharit, The Amida 13",1332
"The Koren Rosh HaShana Mahzor; Ashkenaz, Shaharit, The Amida 14",1333
"The Koren Rosh HaShana Mahzor; Ashkenaz, Shaharit, The Amida 15",1334
"The Koren Rosh HaShana Mahzor; Ashkenaz, Shaharit, The Amida 16",1335
"The Koren Rosh HaShana Mahzor; Ashkenaz, Shaharit, The Amida 17",1336
"The Koren Rosh HaShana Mahzor; Ashkenaz, Shaharit, The Amida 18",1337
"The Koren Rosh HaShana Mahzor; Ashkenaz, Shaharit, The Amida 19",1338
"The Koren Rosh HaShana Mahzor; Ashkenaz, Shaharit, The Amida 20",1339
"The Koren Rosh HaShana Mahzor; Ashkenaz, Shaharit, The Amida 21",1340
"The Koren Rosh HaShana Mahzor; Ashkenaz, Shaharit, The Amida 22",1341
"The Koren Rosh HaShana Mahzor; Ashkenaz, Shaharit, The Amida 23",1342
"The Koren Rosh HaShana Mahzor; Ashkenaz, Shaharit, The Amida 24",1343
"The Koren Rosh HaShana Mahzor; Ashkenaz, Shaharit, The Amida 25",1344
"The Koren Rosh HaShana Mahzor; Ashkenaz, Shaharit, The Amida 26",1345
"The Koren Rosh HaShana Mahzor; Ashkenaz, Shaharit, The Amida 27",1346
"The Koren Rosh HaShana Mahzor; Ashkenaz, Shaharit, The Amida 28",1347
"The Koren Rosh HaShana Mahzor; Ashkenaz, Shaharit, The Amida 29",1348
"The Koren Rosh HaShana Mahzor; Ashkenaz, Shaharit, The Amida 30",1349
"The Koren Rosh HaShana Mahzor; Ashkenaz, Shaharit, The Amida 31",1350
"The Koren Rosh HaShana Mahzor; Ashkenaz, Shaharit, The Amida 32",1351
"The Koren Rosh HaShana Mahzor; Ashkenaz, Shaharit, The Amida 33",1352
"The Koren Rosh HaShana Mahzor; Ashkenaz, Shaharit, The Amida 34",1353
"The Koren Rosh HaShana Mahzor; Ashkenaz, Shaharit, The Amida 35",1354
"The Koren Rosh HaShana Mahzor; Ashkenaz, Shaharit, The Amida 36",1355
"The Koren Rosh HaShana Mahzor; Ashkenaz, Shaharit, The Amida 37",1356
"The Koren Rosh HaShana Mahzor; Ashkenaz, Shaharit, The Amida 38",1357
"The Koren Rosh HaShana Mahzor; Ashkenaz, Shaharit, The Amida 39",1358
"The Koren Rosh HaShana Mahzor; Ashkenaz, Shaharit, The Amida 40",1359
"The Koren Rosh HaShana Mahzor; Ashkenaz, Shaharit, The Amida 41",1360
"The Koren Rosh HaShana Mahzor; Ashkenaz, Shaharit, The Amida 42",1361
"The Koren Rosh HaShana Mahzor; Ashkenaz, Shaharit, The Amida 43",1362
"The Koren Rosh HaShana Mahzor; Ashkenaz, Shaharit, The Amida 44",1363
"The Koren Rosh HaShana Mahzor; Ashkenaz, First Day, Leader's Repetition for Shaharit 1",1366
"The Koren Rosh HaShana Mahzor; Ashkenaz, First Day, Leader's Repetition for Shaharit 2",1367
"The Koren Rosh HaShana Mahzor; Ashkenaz, First Day, Leader's Repetition for Shaharit 3",1368
"The Koren Rosh HaShana Mahzor; Ashkenaz, First Day, Leader's Repetition for Shaharit 4",1369
"The Koren Rosh HaShana Mahzor; Ashkenaz, First Day, Leader's Repetition for Shaharit 5",1370
"The Koren Rosh HaShana Mahzor; Ashkenaz, First Day, Leader's Repetition for Shaharit 6",1371
"The Koren Rosh HaShana Mahzor; Ashkenaz, First Day, Leader's Repetition for Shaharit 7",1372
"The Koren Rosh HaShana Mahzor; Ashkenaz, First Day, Leader's Repetition for Shaharit 8",1373
"The Koren Rosh HaShana Mahzor; Ashkenaz, First Day, Leader's Repetition for Shaharit 9",1374
"The Koren Rosh HaShana Mahzor; Ashkenaz, First Day, Leader's Repetition for Shaharit 10",1375
"The Koren Rosh HaShana Mahzor; Ashkenaz, First Day, Leader's Repetition for Shaharit 11",1376
"The Koren Rosh HaShana Mahzor; Ashkenaz, First Day, Leader's Repetition for Shaharit 12",1377
"The Koren Rosh HaShana Mahzor; Ashkenaz, First Day, Leader's Repetition for Shaharit 13",1378
"The Koren Rosh HaShana Mahzor; Ashkenaz, First Day, Leader's Repetition for Shaharit 14",1379
"The Koren Rosh HaShana Mahzor; Ashkenaz, First Day, Leader's Repetition for Shaharit 15",1380
"The Koren Rosh HaShana Mahzor; Ashkenaz, First Day, Leader's Repetition for Shaharit 16",1381
"The Koren Rosh HaShana Mahzor; Ashkenaz, First Day, Leader's Repetition for Shaharit 17",1382
"The Koren Rosh HaShana Mahzor; Ashkenaz, First Day, Leader's Repetition for Shaharit 18",1383
"The Koren Rosh HaShana Mahzor; Ashkenaz, First Day, Leader's Repetition for Shaharit 19",1384
"The Koren Rosh HaShana Mahzor; Ashkenaz, First Day, Leader's Repetition for Shaharit 20",1385
"The Koren Rosh HaShana Mahzor; Ashkenaz, First Day, Leader's Repetition for Shaharit 21",1386
"The Koren Rosh HaShana Mahzor; Ashkenaz, First Day, Leader's Repetition for Shaharit 22",1387
"The Koren Rosh HaShana Mahzor; Ashkenaz, First Day, Leader's Repetition for Shaharit 23",1388
"The Koren Rosh HaShana Mahzor; Ashkenaz, First Day, Leader's Repetition for Shaharit 24",1389
"The Koren Rosh HaShana Mahzor; Ashkenaz, First Day, Leader's Repetition for Shaharit 25",1390
"The Koren Rosh HaShana Mahzor; Ashkenaz, First Day, Leader's Repetition for Shaharit 26",1391
"The Koren Rosh HaShana Mahzor; Ashkenaz, First Day, Leader's Repetition for Shaharit 27",1392
"The Koren Rosh HaShana Mahzor; Ashkenaz, First Day, Leader's Repetition for Shaharit 28",1393
"The Koren Rosh HaShana Mahzor; Ashkenaz, First Day, Leader's Repetition for Shaharit 29",1394
"The Koren Rosh HaShana Mahzor; Ashkenaz, First Day, Leader's Repetition for Shaharit 30",1395
"The Koren Rosh HaShana Mahzor; Ashkenaz, First Day, Leader's Repetition for Shaharit 31",1396
"The Koren Rosh HaShana Mahzor; Ashkenaz, First Day, Leader's Repetition for Shaharit 32",1397
"The Koren Rosh HaShana Mahzor; Ashkenaz, First Day, Leader's Repetition for Shaharit 33",1398
"The Koren Rosh HaShana Mahzor; Ashkenaz, First Day, Leader's Repetition for Shaharit 34",1399
"The Koren Rosh HaShana Mahzor; Ashkenaz, First Day, Leader's Repetition for Shaharit 35",1400
"The Koren Rosh HaShana Mahzor; Ashkenaz, First Day, Leader's Repetition for Shaharit 36",1401
"The Koren Rosh HaShana Mahzor; Ashkenaz, First Day, Leader's Repetition for Shaharit 37",1402
"The Koren Rosh HaShana Mahzor; Ashkenaz, First Day, Leader's Repetition for Shaharit 38",1403
"The Koren Rosh HaShana Mahzor; Ashkenaz, First Day, Leader's Repetition for Shaharit 39",1404
"The Koren Rosh HaShana Mahzor; Ashkenaz, First Day, Leader's Repetition for Shaharit 40",1405
"The Koren Rosh HaShana Mahzor; Ashkenaz, First Day, Leader's Repetition for Shaharit 41",1406
"The Koren Rosh HaShana Mahzor; Ashkenaz, First Day, Leader's Repetition for Shaharit 42",1407
"The Koren Rosh HaShana Mahzor; Ashkenaz, First Day, Leader's Repetition for Shaharit 43",1408
"The Koren Rosh HaShana Mahzor; Ashkenaz, First Day, Leader's Repetition for Shaharit 44",1409
"The Koren Rosh HaShana Mahzor; Ashkenaz, First Day, Leader's Repetition for Shaharit 45",1410
"The Koren Rosh HaShana Mahzor; Ashkenaz, First Day, Leader's Repetition for Shaharit 46",1411
"The Koren Rosh HaShana Mahzor; Ashkenaz, First Day, Leader's Repetition for Shaharit 47",1412
"The Koren Rosh HaShana Mahzor; Ashkenaz, First Day, Leader's Repetition for Shaharit 48",1413
"The Koren Rosh HaShana Mahzor; Ashkenaz, First Day, Leader's Repetition for Shaharit 49",1414
"The Koren Rosh HaShana Mahzor; Ashkenaz, First Day, Leader's Repetition for Shaharit 50",1415
"The Koren Rosh HaShana Mahzor; Ashkenaz, First Day, Leader's Repetition for Shaharit 51",1416
"The Koren Rosh HaShana Mahzor; Ashkenaz, First Day, Leader's Repetition for Shaharit 52",1417
"The Koren Rosh HaShana Mahzor; Ashkenaz, First Day, Leader's Repetition for Shaharit 53",1418
"The Koren Rosh HaShana Mahzor; Ashkenaz, First Day, Leader's Repetition for Shaharit 54",1419
"The Koren Rosh HaShana Mahzor; Ashkenaz, First Day, Leader's Repetition for Shaharit 55",1420
"The Koren Rosh HaShana Mahzor; Ashkenaz, First Day, Leader's Repetition for Shaharit 56",1421
"The Koren Rosh HaShana Mahzor; Ashkenaz, First Day, Leader's Repetition for Shaharit 57",1422
"The Koren Rosh HaShana Mahzor; Ashkenaz, First Day, Leader's Repetition for Shaharit 58",1423
"The Koren Rosh HaShana Mahzor; Ashkenaz, First Day, Leader's Repetition for Shaharit 59",1424
"The Koren Rosh HaShana Mahzor; Ashkenaz, First Day, Leader's Repetition for Shaharit 60",1425
"The Koren Rosh HaShana Mahzor; Ashkenaz, First Day, Leader's Repetition for Shaharit 61",1426
"The Koren Rosh HaShana Mahzor; Ashkenaz, First Day, Leader's Repetition for Shaharit 62",1427
"The Koren Rosh HaShana Mahzor; Ashkenaz, First Day, Leader's Repetition for Shaharit 63",1428
"The Koren Rosh HaShana Mahzor; Ashkenaz, First Day, Leader's Repetition for Shaharit 64",1429
"The Koren Rosh HaShana Mahzor; Ashkenaz, First Day, Leader's Repetition for Shaharit 65",1430
"The Koren Rosh HaShana Mahzor; Ashkenaz, First Day, Leader's Repetition for Shaharit 66",1431
"The Koren Rosh HaShana Mahzor; Ashkenaz, First Day, Leader's Repetition for Shaharit 67",1432
"The Koren Rosh HaShana Mahzor; Ashkenaz, First Day, Leader's Repetition for Shaharit 68",1433
"The Koren Rosh HaShana Mahzor; Ashkenaz, First Day, Leader's Repetition for Shaharit 69",1434
"The Koren Rosh HaShana Mahzor; Ashkenaz, First Day, Leader's Repetition for Shaharit 70",1435
"The Koren Rosh HaShana Mahzor; Ashkenaz, First Day, Leader's Repetition for Shaharit 71",1436
"The Koren Rosh HaShana Mahzor; Ashkenaz, First Day, Leader's Repetition for Shaharit 72",1437
"The Koren Rosh HaShana Mahzor; Ashkenaz, First Day, Leader's Repetition for Shaharit 73",1438
"The Koren Rosh HaShana Mahzor; Ashkenaz, First Day, Leader's Repetition for Shaharit 74",1439
"The Koren Rosh HaShana Mahzor; Ashkenaz, First Day, Leader's Repetition for Shaharit 75",1440
"The Koren Rosh HaShana Mahzor; Ashkenaz, First Day, Leader's Repetition for Shaharit 76",1441
"The Koren Rosh HaShana Mahzor; Ashkenaz, First Day, Leader's Repetition for Shaharit 77",1442
"The Koren Rosh HaShana Mahzor; Ashkenaz, First Day, Leader's Repetition for Shaharit 78",1443
"The Koren Rosh HaShana Mahzor; Ashkenaz, First Day, Leader's Repetition for Shaharit 79",1444
"The Koren Rosh HaShana Mahzor; Ashkenaz, First Day, Leader's Repetition for Shaharit 80",1445
"The Koren Rosh HaShana Mahzor; Ashkenaz, First Day, Leader's Repetition for Shaharit 81",1446
"The Koren Rosh HaShana Mahzor; Ashkenaz, First Day, Leader's Repetition for Shaharit 82",1447
"The Koren Rosh HaShana Mahzor; Ashkenaz, First Day, Leader's Repetition for Shaharit 83",1448
"The Koren Rosh HaShana Mahzor; Ashkenaz, First Day, Leader's Repetition for Shaharit 84",1449
"The Koren Rosh HaShana Mahzor; Ashkenaz, First Day, Leader's Repetition for Shaharit 85",1450
"The Koren Rosh HaShana Mahzor; Ashkenaz, First Day, Leader's Repetition for Shaharit 86",1451
"The Koren Rosh HaShana Mahzor; Ashkenaz, First Day, Leader's Repetition for Shaharit 87",1452
"The Koren Rosh HaShana Mahzor; Ashkenaz, First Day, Leader's Repetition for Shaharit 88",1453
"The Koren Rosh HaShana Mahzor; Ashkenaz, First Day, Leader's Repetition for Shaharit 89",1454
"The Koren Rosh HaShana Mahzor; Ashkenaz, First Day, Leader's Repetition for Shaharit 90",1455
"The Koren Rosh HaShana Mahzor; Ashkenaz, First Day, Leader's Repetition for Shaharit 91",1456
"The Koren Rosh HaShana Mahzor; Ashkenaz, First Day, Leader's Repetition for Shaharit 92",1457
"The Koren Rosh HaShana Mahzor; Ashkenaz, First Day, Leader's Repetition for Shaharit 93",1458
"The Koren Rosh HaShana Mahzor; Ashkenaz, First Day, Leader's Repetition for Shaharit 94",1459
"The Koren Rosh HaShana Mahzor; Ashkenaz, First Day, Leader's Repetition for Shaharit 95",1460
"The Koren Rosh HaShana Mahzor; Ashkenaz, First Day, Leader's Repetition for Shaharit 96",1461
"The Koren Rosh HaShana Mahzor; Ashkenaz, First Day, Leader's Repetition for Shaharit 97",1462
"The Koren Rosh HaShana Mahzor; Ashkenaz, First Day, Leader's Repetition for Shaharit 98",1463
"The Koren Rosh HaShana Mahzor; Ashkenaz, First Day, Leader's Repetition for Shaharit 99",1464
"The Koren Rosh HaShana Mahzor; Ashkenaz, First Day, Leader's Repetition for Shaharit 100",1465
"The Koren Rosh HaShana Mahzor; Ashkenaz, First Day, Leader's Repetition for Shaharit 101",1466
"The Koren Rosh HaShana Mahzor; Ashkenaz, First Day, Leader's Repetition for Shaharit 102",1467
"The Koren Rosh HaShana Mahzor; Ashkenaz, First Day, Leader's Repetition for Shaharit 103",1468
"The Koren Rosh HaShana Mahzor; Ashkenaz, First Day, Leader's Repetition for Shaharit 104",1469
"The Koren Rosh HaShana Mahzor; Ashkenaz, First Day, Leader's Repetition for Shaharit 105",1470
"The Koren Rosh HaShana Mahzor; Ashkenaz, First Day, Leader's Repetition for Shaharit 106",1471
"The Koren Rosh HaShana Mahzor; Ashkenaz, First Day, Leader's Repetition for Shaharit 107",1472
"The Koren Rosh HaShana Mahzor; Ashkenaz, First Day, Leader's Repetition for Shaharit 108",1473
"The Koren Rosh HaShana Mahzor; Ashkenaz, First Day, Leader's Repetition for Shaharit 109",1474
"The Koren Rosh HaShana Mahzor; Ashkenaz, First Day, Leader's Repetition for Shaharit 110",1475
"The Koren Rosh HaShana Mahzor; Ashkenaz, First Day, Leader's Repetition for Shaharit 111",1476
"The Koren Rosh HaShana Mahzor; Ashkenaz, First Day, Leader's Repetition for Shaharit 112",1477
"The Koren Rosh HaShana Mahzor; Ashkenaz, First Day, Leader's Repetition for Shaharit 113",1478
"The Koren Rosh HaShana Mahzor; Ashkenaz, First Day, Leader's Repetition for Shaharit 114",1479
"The Koren Rosh HaShana Mahzor; Ashkenaz, First Day, Leader's Repetition for Shaharit 115",1480
"The Koren Rosh HaShana Mahzor; Ashkenaz, First Day, Leader's Repetition for Shaharit 116",1481
"The Koren Rosh HaShana Mahzor; Ashkenaz, First Day, Leader's Repetition for Shaharit 117",1482
"The Koren Rosh HaShana Mahzor; Ashkenaz, First Day, Leader's Repetition for Shaharit 118",1483
"The Koren Rosh HaShana Mahzor; Ashkenaz, First Day, Leader's Repetition for Shaharit 119",1484
"The Koren Rosh HaShana Mahzor; Ashkenaz, First Day, Leader's Repetition for Shaharit 120",1485
"The Koren Rosh HaShana Mahzor; Ashkenaz, First Day, Leader's Repetition for Shaharit 121",1486
"The Koren Rosh HaShana Mahzor; Ashkenaz, First Day, Leader's Repetition for Shaharit 122",1487
"The Koren Rosh HaShana Mahzor; Ashkenaz, First Day, Leader's Repetition for Shaharit 123",1488
"The Koren Rosh HaShana Mahzor; Ashkenaz, First Day, Leader's Repetition for Shaharit 124",1489
"The Koren Rosh HaShana Mahzor; Ashkenaz, First Day, Leader's Repetition for Shaharit 125",1490
"The Koren Rosh HaShana Mahzor; Ashkenaz, First Day, Leader's Repetition for Shaharit 126",1491
"The Koren Rosh HaShana Mahzor; Ashkenaz, First Day, Leader's Repetition for Shaharit 127",1492
"The Koren Rosh HaShana Mahzor; Ashkenaz, First Day, Leader's Repetition for Shaharit 128",1493
"The Koren Rosh HaShana Mahzor; Ashkenaz, First Day, Leader's Repetition for Shaharit 129",1494
"The Koren Rosh HaShana Mahzor; Ashkenaz, First Day, Leader's Repetition for Shaharit 130",1495
"The Koren Rosh HaShana Mahzor; Ashkenaz, First Day, Leader's Repetition for Shaharit 131",1496
"The Koren Rosh HaShana Mahzor; Ashkenaz, First Day, Leader's Repetition for Shaharit 132",1497
"The Koren Rosh HaShana Mahzor; Ashkenaz, First Day, Leader's Repetition for Shaharit 133",1498
"The Koren Rosh HaShana Mahzor; Ashkenaz, First Day, Leader's Repetition for Shaharit 134",1499
"The Koren Rosh HaShana Mahzor; Ashkenaz, First Day, Leader's Repetition for Shaharit 135",1500
"The Koren Rosh HaShana Mahzor; Ashkenaz, First Day, Leader's Repetition for Shaharit 136",1501
"The Koren Rosh HaShana Mahzor; Ashkenaz, First Day, Leader's Repetition for Shaharit 137",1502
"The Koren Rosh HaShana Mahzor; Ashkenaz, First Day, Leader's Repetition for Shaharit 138",1503
"The Koren Rosh HaShana Mahzor; Ashkenaz, First Day, Leader's Repetition for Shaharit 139",1504
"The Koren Rosh HaShana Mahzor; Ashkenaz, First Day, Leader's Repetition for Shaharit 140",1505
"The Koren Rosh HaShana Mahzor; Ashkenaz, First Day, Leader's Repetition for Shaharit 141",1506
"The Koren Rosh HaShana Mahzor; Ashkenaz, First Day, Leader's Repetition for Shaharit 142",1507
"The Koren Rosh HaShana Mahzor; Ashkenaz, First Day, Leader's Repetition for Shaharit 143",1508
"The Koren Rosh HaShana Mahzor; Ashkenaz, First Day, Leader's Repetition for Shaharit 144",1509
"The Koren Rosh HaShana Mahzor; Ashkenaz, First Day, Leader's Repetition for Shaharit 145",1510
"The Koren Rosh HaShana Mahzor; Ashkenaz, First Day, Leader's Repetition for Shaharit 146",1511
"The Koren Rosh HaShana Mahzor; Ashkenaz, First Day, Leader's Repetition for Shaharit 147",1512
"The Koren Rosh HaShana Mahzor; Ashkenaz, First Day, Leader's Repetition for Shaharit 148",1513
"The Koren Rosh HaShana Mahzor; Ashkenaz, First Day, Leader's Repetition for Shaharit 149",1514
"The Koren Rosh HaShana Mahzor; Ashkenaz, First Day, Leader's Repetition for Shaharit 150",1515
"The Koren Rosh HaShana Mahzor; Ashkenaz, First Day, Leader's Repetition for Shaharit 151",1516
"The Koren Rosh HaShana Mahzor; Ashkenaz, First Day, Leader's Repetition for Shaharit 152",1517
"The Koren Rosh HaShana Mahzor; Ashkenaz, First Day, Leader's Repetition for Shaharit 153",1518
"The Koren Rosh HaShana Mahzor; Ashkenaz, First Day, Leader's Repetition for Shaharit 154",1519
"The Koren Rosh HaShana Mahzor; Ashkenaz, First Day, Leader's Repetition for Shaharit 155",1520
"The Koren Rosh HaShana Mahzor; Ashkenaz, First Day, Leader's Repetition for Shaharit 156",1521
"The Koren Rosh HaShana Mahzor; Ashkenaz, First Day, Leader's Repetition for Shaharit 157",1522
"The Koren Rosh HaShana Mahzor; Ashkenaz, First Day, Leader's Repetition for Shaharit 158",1523
"The Koren Rosh HaShana Mahzor; Ashkenaz, First Day, Leader's Repetition for Shaharit 159",1524
"The Koren Rosh HaShana Mahzor; Ashkenaz, First Day, Leader's Repetition for Shaharit 160",1525
"The Koren Rosh HaShana Mahzor; Ashkenaz, First Day, Leader's Repetition for Shaharit 161",1526
"The Koren Rosh HaShana Mahzor; Ashkenaz, First Day, Leader's Repetition for Shaharit 162",1527
"The Koren Rosh HaShana Mahzor; Ashkenaz, First Day, Leader's Repetition for Shaharit 163",1528
"The Koren Rosh HaShana Mahzor; Ashkenaz, First Day, Leader's Repetition for Shaharit 164",1529
"The Koren Rosh HaShana Mahzor; Ashkenaz, First Day, Leader's Repetition for Shaharit 165",1530
"The Koren Rosh HaShana Mahzor; Ashkenaz, First Day, Leader's Repetition for Shaharit 166",1531
"The Koren Rosh HaShana Mahzor; Ashkenaz, First Day, Leader's Repetition for Shaharit 167",1532
"The Koren Rosh HaShana Mahzor; Ashkenaz, First Day, Leader's Repetition for Shaharit 168",1533
"The Koren Rosh HaShana Mahzor; Ashkenaz, First Day, Leader's Repetition for Shaharit 169",1534
"The Koren Rosh HaShana Mahzor; Ashkenaz, First Day, Leader's Repetition for Shaharit 170",1535
"The Koren Rosh HaShana Mahzor; Ashkenaz, First Day, Leader's Repetition for Shaharit 171",1536
"The Koren Rosh HaShana Mahzor; Ashkenaz, First Day, Leader's Repetition for Shaharit 172",1537
"The Koren Rosh HaShana Mahzor; Ashkenaz, First Day, Leader's Repetition for Shaharit 173",1538
"The Koren Rosh HaShana Mahzor; Ashkenaz, First Day, Leader's Repetition for Shaharit 174",1539
"The Koren Rosh HaShana Mahzor; Ashkenaz, First Day, Leader's Repetition for Shaharit 175",1540
"The Koren Rosh HaShana Mahzor; Ashkenaz, First Day, Leader's Repetition for Shaharit 176",1541
"The Koren Rosh HaShana Mahzor; Ashkenaz, First Day, Leader's Repetition for Shaharit 177",1542
"The Koren Rosh HaShana Mahzor; Ashkenaz, First Day, Leader's Repetition for Shaharit 178",1543
"The Koren Rosh HaShana Mahzor; Ashkenaz, First Day, Leader's Repetition for Shaharit 179",1544
"The Koren Rosh HaShana Mahzor; Ashkenaz, First Day, Leader's Repetition for Shaharit 180",1545
"The Koren Rosh HaShana Mahzor; Ashkenaz, First Day, Leader's Repetition for Shaharit 181",1546
"The Koren Rosh HaShana Mahzor; Ashkenaz, First Day, Leader's Repetition for Shaharit 182",1547
"The Koren Rosh HaShana Mahzor; Ashkenaz, First Day, Leader's Repetition for Shaharit 183",1548
"The Koren Rosh HaShana Mahzor; Ashkenaz, First Day, Leader's Repetition for Shaharit 184",1549
"The Koren Rosh HaShana Mahzor; Ashkenaz, First Day, Leader's Repetition for Shaharit 185",1550
"The Koren Rosh HaShana Mahzor; Ashkenaz, First Day, Leader's Repetition for Shaharit 186",1551
"The Koren Rosh HaShana Mahzor; Ashkenaz, First Day, Leader's Repetition for Shaharit 187",1552
"The Koren Rosh HaShana Mahzor; Ashkenaz, First Day, Leader's Repetition for Shaharit 188",1553
"The Koren Rosh HaShana Mahzor; Ashkenaz, First Day, Leader's Repetition for Shaharit 189",1554
"The Koren Rosh HaShana Mahzor; Ashkenaz, First Day, Leader's Repetition for Shaharit 190",1555
"The Koren Rosh HaShana Mahzor; Ashkenaz, First Day, Leader's Repetition for Shaharit 191",1556
"The Koren Rosh HaShana Mahzor; Ashkenaz, First Day, Leader's Repetition for Shaharit 192",1557
"The Koren Rosh HaShana Mahzor; Ashkenaz, First Day, Leader's Repetition for Shaharit 193",1558
"The Koren Rosh HaShana Mahzor; Ashkenaz, First Day, Leader's Repetition for Shaharit 194",1559
"The Koren Rosh HaShana Mahzor; Ashkenaz, First Day, Leader's Repetition for Shaharit 195",1560
"The Koren Rosh HaShana Mahzor; Ashkenaz, First Day, Leader's Repetition for Shaharit 196",1561
"The Koren Rosh HaShana Mahzor; Ashkenaz, First Day, Leader's Repetition for Shaharit 197",1562
"The Koren Rosh HaShana Mahzor; Ashkenaz, First Day, Leader's Repetition for Shaharit 198",1563
"The Koren Rosh HaShana Mahzor; Ashkenaz, First Day, Leader's Repetition for Shaharit 199",1564
"The Koren Rosh HaShana Mahzor; Ashkenaz, First Day, Leader's Repetition for Shaharit 200",1565
"The Koren Rosh HaShana Mahzor; Ashkenaz, First Day, Leader's Repetition for Shaharit 201",1566
"The Koren Rosh HaShana Mahzor; Ashkenaz, First Day, Leader's Repetition for Shaharit 202",1567
"The Koren Rosh HaShana Mahzor; Ashkenaz, First Day, Leader's Repetition for Shaharit 203",1568
"The Koren Rosh HaShana Mahzor; Ashkenaz, First Day, Leader's Repetition for Shaharit 204",1569
"The Koren Rosh HaShana Mahzor; Ashkenaz, First Day, Leader's Repetition for Shaharit 205",1570
"The Koren Rosh HaShana Mahzor; Ashkenaz, First Day, Leader's Repetition for Shaharit 206",1571
"The Koren Rosh HaShana Mahzor; Ashkenaz, First Day, Leader's Repetition for Shaharit 207",1572
"The Koren Rosh HaShana Mahzor; Ashkenaz, First Day, Leader's Repetition for Shaharit 208",1573
"The Koren Rosh HaShana Mahzor; Ashkenaz, First Day, Leader's Repetition for Shaharit 209",1574
"The Koren Rosh HaShana Mahzor; Ashkenaz, First Day, Leader's Repetition for Shaharit 210",1575
"The Koren Rosh HaShana Mahzor; Ashkenaz, First Day, Leader's Repetition for Shaharit 211",1576
"The Koren Rosh HaShana Mahzor; Ashkenaz, First Day, Leader's Repetition for Shaharit 212",1577
"The Koren Rosh HaShana Mahzor; Ashkenaz, First Day, Leader's Repetition for Shaharit 213",1578
"The Koren Rosh HaShana Mahzor; Ashkenaz, First Day, Leader's Repetition for Shaharit 214",1579
"The Koren Rosh HaShana Mahzor; Ashkenaz, First Day, Leader's Repetition for Shaharit 215",1580
"The Koren Rosh HaShana Mahzor; Ashkenaz, First Day, Avinu Malkenu 1",1582
"The Koren Rosh HaShana Mahzor; Ashkenaz, First Day, Avinu Malkenu 2",1583
"The Koren Rosh HaShana Mahzor; Ashkenaz, First Day, Avinu Malkenu 3",1584
"The Koren Rosh HaShana Mahzor; Ashkenaz, First Day, Avinu Malkenu 4",1585
"The Koren Rosh HaShana Mahzor; Ashkenaz, First Day, Avinu Malkenu 5",1586
"The Koren Rosh HaShana Mahzor; Ashkenaz, First Day, Avinu Malkenu 6",1587
"The Koren Rosh HaShana Mahzor; Ashkenaz, First Day, Avinu Malkenu 7",1588
"The Koren Rosh HaShana Mahzor; Ashkenaz, First Day, Avinu Malkenu 8",1589
"The Koren Rosh HaShana Mahzor; Ashkenaz, First Day, Avinu Malkenu 9",1590
"The Koren Rosh HaShana Mahzor; Ashkenaz, First Day, Avinu Malkenu 10",1591
"The Koren Rosh HaShana Mahzor; Ashkenaz, First Day, Avinu Malkenu 11",1592
"The Koren Rosh HaShana Mahzor; Ashkenaz, First Day, Avinu Malkenu 12",1593
"The Koren Rosh HaShana Mahzor; Ashkenaz, First Day, Avinu Malkenu 13",1594
"The Koren Rosh HaShana Mahzor; Ashkenaz, First Day, Avinu Malkenu 14",1595
"The Koren Rosh HaShana Mahzor; Ashkenaz, First Day, Avinu Malkenu 15",1596
"The Koren Rosh HaShana Mahzor; Ashkenaz, First Day, Avinu Malkenu 16",1597
"The Koren Rosh HaShana Mahzor; Ashkenaz, First Day, Avinu Malkenu 17",1598
"The Koren Rosh HaShana Mahzor; Ashkenaz, First Day, Avinu Malkenu 18",1599
"The Koren Rosh HaShana Mahzor; Ashkenaz, First Day, Avinu Malkenu 19",1600
"The Koren Rosh HaShana Mahzor; Ashkenaz, First Day, Avinu Malkenu 20",1601
"The Koren Rosh HaShana Mahzor; Ashkenaz, First Day, Avinu Malkenu 21",1602
"The Koren Rosh HaShana Mahzor; Ashkenaz, First Day, Avinu Malkenu 22",1603
"The Koren Rosh HaShana Mahzor; Ashkenaz, First Day, Avinu Malkenu 23",1604
"The Koren Rosh HaShana Mahzor; Ashkenaz, First Day, Avinu Malkenu 24",1605
"The Koren Rosh HaShana Mahzor; Ashkenaz, First Day, Avinu Malkenu 25",1606
"The Koren Rosh HaShana Mahzor; Ashkenaz, First Day, Avinu Malkenu 26",1607
"The Koren Rosh HaShana Mahzor; Ashkenaz, First Day, Avinu Malkenu 27",1608
"The Koren Rosh HaShana Mahzor; Ashkenaz, First Day, Avinu Malkenu 28",1609
"The Koren Rosh HaShana Mahzor; Ashkenaz, First Day, Avinu Malkenu 29",1610
"The Koren Rosh HaShana Mahzor; Ashkenaz, First Day, Avinu Malkenu 30",1611
"The Koren Rosh HaShana Mahzor; Ashkenaz, First Day, Avinu Malkenu 31",1612
"The Koren Rosh HaShana Mahzor; Ashkenaz, First Day, Avinu Malkenu 32",1613
"The Koren Rosh HaShana Mahzor; Ashkenaz, First Day, Avinu Malkenu 33",1614
"The Koren Rosh HaShana Mahzor; Ashkenaz, First Day, Avinu Malkenu 34",1615
"The Koren Rosh HaShana Mahzor; Ashkenaz, First Day, Avinu Malkenu 35",1616
"The Koren Rosh HaShana Mahzor; Ashkenaz, First Day, Avinu Malkenu 36",1617
"The Koren Rosh HaShana Mahzor; Ashkenaz, First Day, Avinu Malkenu 37",1618
"The Koren Rosh HaShana Mahzor; Ashkenaz, First Day, Avinu Malkenu 38",1619
"The Koren Rosh HaShana Mahzor; Ashkenaz, First Day, Avinu Malkenu 39",1620
"The Koren Rosh HaShana Mahzor; Ashkenaz, First Day, Avinu Malkenu 40",1621
"The Koren Rosh HaShana Mahzor; Ashkenaz, First Day, Avinu Malkenu 41",1622
"The Koren Rosh HaShana Mahzor; Ashkenaz, First Day, Avinu Malkenu 42",1623
"The Koren Rosh HaShana Mahzor; Ashkenaz, First Day, Avinu Malkenu 43",1624
"The Koren Rosh HaShana Mahzor; Ashkenaz, First Day, Avinu Malkenu 44",1625
"The Koren Rosh HaShana Mahzor; Ashkenaz, First Day, Avinu Malkenu 45",1626
"The Koren Rosh HaShana Mahzor; Ashkenaz, First Day, Avinu Malkenu 46",1627
"The Koren Rosh HaShana Mahzor; Ashkenaz, First Day, Avinu Malkenu 47",1628
"The Koren Rosh HaShana Mahzor; Ashkenaz, First Day, Avinu Malkenu 48",1629
"The Koren Rosh HaShana Mahzor; Ashkenaz, First Day, Avinu Malkenu 49",1630
"The Koren Rosh HaShana Mahzor; Ashkenaz, First Day, Avinu Malkenu 50",1631
"The Koren Rosh HaShana Mahzor; Ashkenaz, First Day, Avinu Malkenu 51",1632
"The Koren Rosh HaShana Mahzor; Ashkenaz, First Day, Avinu Malkenu 52",1633
"The Koren Rosh HaShana Mahzor; Ashkenaz, First Day, Avinu Malkenu 53",1634
"The Koren Rosh HaShana Mahzor; Ashkenaz, First Day, Avinu Malkenu 54",1635
"The Koren Rosh HaShana Mahzor; Ashkenaz, First Day, Avinu Malkenu 55",1636
"The Koren Rosh HaShana Mahzor; Ashkenaz, First Day, Avinu Malkenu 56",1637
"The Koren Rosh HaShana Mahzor; Ashkenaz, First Day, Avinu Malkenu 57",1638
"The Koren Rosh HaShana Mahzor; Ashkenaz, First Day, Reading of the Torah 1",1640
"The Koren Rosh HaShana Mahzor; Ashkenaz, First Day, Reading of the Torah 2",1641
"The Koren Rosh HaShana Mahzor; Ashkenaz, First Day, Reading of the Torah 3",1642
"The Koren Rosh HaShana Mahzor; Ashkenaz, First Day, Reading of the Torah 4",1643
"The Koren Rosh HaShana Mahzor; Ashkenaz, First Day, Reading of the Torah 5",1644
"The Koren Rosh HaShana Mahzor; Ashkenaz, First Day, Reading of the Torah 6",1645
"The Koren Rosh HaShana Mahzor; Ashkenaz, First Day, Reading of the Torah 7",1646
"The Koren Rosh HaShana Mahzor; Ashkenaz, First Day, Reading of the Torah 8",1647
"The Koren Rosh HaShana Mahzor; Ashkenaz, First Day, Reading of the Torah 9",1648
"The Koren Rosh HaShana Mahzor; Ashkenaz, First Day, Reading of the Torah 10",1649
"The Koren Rosh HaShana Mahzor; Ashkenaz, First Day, Reading of the Torah 11",1650
"The Koren Rosh HaShana Mahzor; Ashkenaz, First Day, Reading of the Torah 12",1651
"The Koren Rosh HaShana Mahzor; Ashkenaz, First Day, Reading of the Torah 13",1652
"The Koren Rosh HaShana Mahzor; Ashkenaz, First Day, Reading of the Torah 14",1653
"The Koren Rosh HaShana Mahzor; Ashkenaz, First Day, Reading of the Torah 15",1654
"The Koren Rosh HaShana Mahzor; Ashkenaz, First Day, Reading of the Torah 16",1655
"The Koren Rosh HaShana Mahzor; Ashkenaz, First Day, Reading of the Torah 17",1656
"The Koren Rosh HaShana Mahzor; Ashkenaz, First Day, Reading of the Torah 18",1657
"The Koren Rosh HaShana Mahzor; Ashkenaz, First Day, Reading of the Torah 19",1658
"The Koren Rosh HaShana Mahzor; Ashkenaz, First Day, Reading of the Torah 20",1659
"The Koren Rosh HaShana Mahzor; Ashkenaz, First Day, Reading of the Torah 21",1660
"The Koren Rosh HaShana Mahzor; Ashkenaz, First Day, Reading of the Torah 22",1661
"The Koren Rosh HaShana Mahzor; Ashkenaz, First Day, Reading of the Torah 23",1662
"The Koren Rosh HaShana Mahzor; Ashkenaz, First Day, Reading of the Torah 24",1663
"The Koren Rosh HaShana Mahzor; Ashkenaz, First Day, Reading of the Torah 25",1664
"The Koren Rosh HaShana Mahzor; Ashkenaz, First Day, Reading of the Torah 26",1665
"The Koren Rosh HaShana Mahzor; Ashkenaz, First Day, Reading of the Torah 27",1666
"The Koren Rosh HaShana Mahzor; Ashkenaz, First Day, Reading of the Torah 28",1667
"The Koren Rosh HaShana Mahzor; Ashkenaz, First Day, Reading of the Torah 29",1668
"The Koren Rosh HaShana Mahzor; Ashkenaz, First Day, Reading of the Torah 30",1669
"The Koren Rosh HaShana Mahzor; Ashkenaz, First Day, Reading of the Torah 31",1670
"The Koren Rosh HaShana Mahzor; Ashkenaz, First Day, Reading of the Torah 32",1671
"The Koren Rosh HaShana Mahzor; Ashkenaz, First Day, Reading of the Torah 33",1672
"The Koren Rosh HaShana Mahzor; Ashkenaz, First Day, Reading of the Torah 34",1673
"The Koren Rosh HaShana Mahzor; Ashkenaz, First Day, Reading of the Torah 35",1674
"The Koren Rosh HaShana Mahzor; Ashkenaz, First Day, Reading of the Torah 36",1675
"The Koren Rosh HaShana Mahzor; Ashkenaz, First Day, Reading of the Torah 37",1676
"The Koren Rosh HaShana Mahzor; Ashkenaz, First Day, Reading of the Torah 38",1677
"The Koren Rosh HaShana Mahzor; Ashkenaz, First Day, Reading of the Torah 39",1678
"The Koren Rosh HaShana Mahzor; Ashkenaz, First Day, Reading of the Torah 40",1679
"The Koren Rosh HaShana Mahzor; Ashkenaz, First Day, Reading of the Torah 41",1680
"The Koren Rosh HaShana Mahzor; Ashkenaz, First Day, Reading of the Torah 42",1681
"The Koren Rosh HaShana Mahzor; Ashkenaz, First Day, Reading of the Torah 43",1682
"The Koren Rosh HaShana Mahzor; Ashkenaz, First Day, Reading of the Torah 44",1683
"The Koren Rosh HaShana Mahzor; Ashkenaz, First Day, Reading of the Torah 45",1684
"The Koren Rosh HaShana Mahzor; Ashkenaz, First Day, Reading of the Torah 46",1685
"The Koren Rosh HaShana Mahzor; Ashkenaz, First Day, Reading of the Torah 47",1686
"The Koren Rosh HaShana Mahzor; Ashkenaz, First Day, Reading of the Torah 48",1687
"The Koren Rosh HaShana Mahzor; Ashkenaz, First Day, Reading of the Torah 49",1688
"The Koren Rosh HaShana Mahzor; Ashkenaz, First Day, Reading of the Torah 50",1689
"The Koren Rosh HaShana Mahzor; Ashkenaz, First Day, Reading of the Torah 51",1690
"The Koren Rosh HaShana Mahzor; Ashkenaz, First Day, Reading of the Torah 52",1691
"The Koren Rosh HaShana Mahzor; Ashkenaz, First Day, Reading of the Torah 53",1692
"The Koren Rosh HaShana Mahzor; Ashkenaz, First Day, Reading of the Torah 54",1693
"The Koren Rosh HaShana Mahzor; Ashkenaz, First Day, Reading of the Torah 55",1694
"The Koren Rosh HaShana Mahzor; Ashkenaz, First Day, Reading of the Torah 56",1695
"The Koren Rosh HaShana Mahzor; Ashkenaz, First Day, Reading of the Torah 57",1696
"The Koren Rosh HaShana Mahzor; Ashkenaz, First Day, Reading of the Torah 58",1697
"The Koren Rosh HaShana Mahzor; Ashkenaz, First Day, Reading of the Torah 59",1698
"The Koren Rosh HaShana Mahzor; Ashkenaz, First Day, Reading of the Torah 60",1699
"The Koren Rosh HaShana Mahzor; Ashkenaz, First Day, Reading of the Torah 61",1700
"The Koren Rosh HaShana Mahzor; Ashkenaz, First Day, Reading of the Torah 62",1701
"The Koren Rosh HaShana Mahzor; Ashkenaz, First Day, Reading of the Torah 63",1702
"The Koren Rosh HaShana Mahzor; Ashkenaz, First Day, Reading of the Torah 64",1703
"The Koren Rosh HaShana Mahzor; Ashkenaz, First Day, Reading of the Torah 65",1704
"The Koren Rosh HaShana Mahzor; Ashkenaz, First Day, Reading of the Torah 66",1705
"The Koren Rosh HaShana Mahzor; Ashkenaz, First Day, Reading of the Torah 67",1706
"The Koren Rosh HaShana Mahzor; Ashkenaz, First Day, Reading of the Torah 68",1707
"The Koren Rosh HaShana Mahzor; Ashkenaz, First Day, Reading of the Torah 69",1708
"The Koren Rosh HaShana Mahzor; Ashkenaz, First Day, Reading of the Torah 70",1709
"The Koren Rosh HaShana Mahzor; Ashkenaz, First Day, Reading of the Torah 71",1710
"The Koren Rosh HaShana Mahzor; Ashkenaz, First Day, Reading of the Torah 72",1711
"The Koren Rosh HaShana Mahzor; Ashkenaz, First Day, Reading of the Torah 73",1712
"The Koren Rosh HaShana Mahzor; Ashkenaz, First Day, Reading of the Torah 74",1713
"The Koren Rosh HaShana Mahzor; Ashkenaz, First Day, Reading of the Torah 75",1714
"The Koren Rosh HaShana Mahzor; Ashkenaz, First Day, Reading of the Torah 76",1715
"The Koren Rosh HaShana Mahzor; Ashkenaz, First Day, Reading of the Torah 77",1716
"The Koren Rosh HaShana Mahzor; Ashkenaz, First Day, Reading of the Torah 78",1717
"The Koren Rosh HaShana Mahzor; Ashkenaz, First Day, Reading of the Torah 79",1718
"The Koren Rosh HaShana Mahzor; Ashkenaz, First Day, Reading of the Torah 80",1719
"The Koren Rosh HaShana Mahzor; Ashkenaz, First Day, Reading of the Torah 81",1720
"The Koren Rosh HaShana Mahzor; Ashkenaz, First Day, Reading of the Torah 82",1721
"The Koren Rosh HaShana Mahzor; Ashkenaz, First Day, Reading of the Torah 83",1722
"The Koren Rosh HaShana Mahzor; Ashkenaz, First Day, Reading of the Torah 84",1723
"The Koren Rosh HaShana Mahzor; Ashkenaz, First Day, Reading of the Torah 85",1724
"The Koren Rosh HaShana Mahzor; Ashkenaz, First Day, Reading of the Torah 86",1725
"The Koren Rosh HaShana Mahzor; Ashkenaz, First Day, Reading of the Torah 87",1726
"The Koren Rosh HaShana Mahzor; Ashkenaz, First Day, Reading of the Torah 88",1727
"The Koren Rosh HaShana Mahzor; Ashkenaz, First Day, Reading of the Torah 89",1728
"The Koren Rosh HaShana Mahzor; Ashkenaz, First Day, Reading of the Torah 90",1729
"The Koren Rosh HaShana Mahzor; Ashkenaz, First Day, Reading of the Torah 91",1730
"The Koren Rosh HaShana Mahzor; Ashkenaz, First Day, Reading of the Torah 92",1731
"The Koren Rosh HaShana Mahzor; Ashkenaz, First Day, Reading of the Torah 93",1732
"The Koren Rosh HaShana Mahzor; Ashkenaz, First Day, Reading of the Torah 94",1733
"The Koren Rosh HaShana Mahzor; Ashkenaz, First Day, Reading of the Torah 95",1734
"The Koren Rosh HaShana Mahzor; Ashkenaz, First Day, Reading of the Torah 96",1735
"The Koren Rosh HaShana Mahzor; Ashkenaz, First Day, Reading of the Torah 97",1736
"The Koren Rosh HaShana Mahzor; Ashkenaz, First Day, Reading of the Torah 98",1737
"The Koren Rosh HaShana Mahzor; Ashkenaz, First Day, Reading of the Torah 99",1738
"The Koren Rosh HaShana Mahzor; Ashkenaz, First Day, Reading of the Torah 100",1739
"The Koren Rosh HaShana Mahzor; Ashkenaz, First Day, Reading of the Torah 101",1740
"The Koren Rosh HaShana Mahzor; Ashkenaz, First Day, Reading of the Torah 102",1741
"The Koren Rosh HaShana Mahzor; Ashkenaz, First Day, Reading of the Torah 103",1742
"The Koren Rosh HaShana Mahzor; Ashkenaz, First Day, Reading of the Torah 104",1743
"The Koren Rosh HaShana Mahzor; Ashkenaz, First Day, Reading of the Torah 105",1744
"The Koren Rosh HaShana Mahzor; Ashkenaz, First Day, Reading of the Torah 106",1745
"The Koren Rosh HaShana Mahzor; Ashkenaz, First Day, Reading of the Torah 107",1746
"The Koren Rosh HaShana Mahzor; Ashkenaz, First Day, Reading of the Torah 108",1747
"The Koren Rosh HaShana Mahzor; Ashkenaz, First Day, Reading of the Torah 109",1748
"The Koren Rosh HaShana Mahzor; Ashkenaz, First Day, Reading of the Torah 110",1749
"The Koren Rosh HaShana Mahzor; Ashkenaz, First Day, Reading of the Torah 111",1750
"The Koren Rosh HaShana Mahzor; Ashkenaz, First Day, Reading of the Torah 112",1751
"The Koren Rosh HaShana Mahzor; Ashkenaz, First Day, Reading of the Torah 113",1752
"The Koren Rosh HaShana Mahzor; Ashkenaz, First Day, Reading of the Torah 114",1753
"The Koren Rosh HaShana Mahzor; Ashkenaz, First Day, The Blowing of the Shofar 1",1755
"The Koren Rosh HaShana Mahzor; Ashkenaz, First Day, The Blowing of the Shofar 2",1756
"The Koren Rosh HaShana Mahzor; Ashkenaz, First Day, The Blowing of the Shofar 3",1757
"The Koren Rosh HaShana Mahzor; Ashkenaz, First Day, The Blowing of the Shofar 4",1758
"The Koren Rosh HaShana Mahzor; Ashkenaz, First Day, The Blowing of the Shofar 5",1759
"The Koren Rosh HaShana Mahzor; Ashkenaz, First Day, The Blowing of the Shofar 6",1760
"The Koren Rosh HaShana Mahzor; Ashkenaz, First Day, The Blowing of the Shofar 7",1761
"The Koren Rosh HaShana Mahzor; Ashkenaz, First Day, The Blowing of the Shofar 8",1762
"The Koren Rosh HaShana Mahzor; Ashkenaz, First Day, The Blowing of the Shofar 9",1763
"The Koren Rosh HaShana Mahzor; Ashkenaz, First Day, The Blowing of the Shofar 10",1764
"The Koren Rosh HaShana Mahzor; Ashkenaz, First Day, The Blowing of the Shofar 11",1765
"The Koren Rosh HaShana Mahzor; Ashkenaz, First Day, The Blowing of the Shofar 12",1766
"The Koren Rosh HaShana Mahzor; Ashkenaz, First Day, The Blowing of the Shofar 13",1767
"The Koren Rosh HaShana Mahzor; Ashkenaz, First Day, The Blowing of the Shofar 14",1768
"The Koren Rosh HaShana Mahzor; Ashkenaz, First Day, The Blowing of the Shofar 15",1769
"The Koren Rosh HaShana Mahzor; Ashkenaz, First Day, The Blowing of the Shofar 16",1770
"The Koren Rosh HaShana Mahzor; Ashkenaz, First Day, The Blowing of the Shofar 17",1771
"The Koren Rosh HaShana Mahzor; Ashkenaz, First Day, The Blowing of the Shofar 18",1772
"The Koren Rosh HaShana Mahzor; Ashkenaz, First Day, The Blowing of the Shofar 19",1773
"The Koren Rosh HaShana Mahzor; Ashkenaz, First Day, The Blowing of the Shofar 20",1774
"The Koren Rosh HaShana Mahzor; Ashkenaz, First Day, The Blowing of the Shofar 21",1775
"The Koren Rosh HaShana Mahzor; Ashkenaz, First Day, The Blowing of the Shofar 22",1776
"The Koren Rosh HaShana Mahzor; Ashkenaz, First Day, The Blowing of the Shofar 23",1777
"The Koren Rosh HaShana Mahzor; Ashkenaz, First Day, The Blowing of the Shofar 24",1778
"The Koren Rosh HaShana Mahzor; Ashkenaz, First Day, The Blowing of the Shofar 25",1779
"The Koren Rosh HaShana Mahzor; Ashkenaz, First Day, The Blowing of the Shofar 26",1780
"The Koren Rosh HaShana Mahzor; Ashkenaz, First Day, The Blowing of the Shofar 27",1781
"The Koren Rosh HaShana Mahzor; Ashkenaz, First Day, The Blowing of the Shofar 28",1782
"The Koren Rosh HaShana Mahzor; Ashkenaz, First Day, The Blowing of the Shofar 29",1783
"The Koren Rosh HaShana Mahzor; Ashkenaz, First Day, The Blowing of the Shofar 30",1784
"The Koren Rosh HaShana Mahzor; Ashkenaz, First Day, The Blowing of the Shofar 31",1785
"The Koren Rosh HaShana Mahzor; Ashkenaz, First Day, The Blowing of the Shofar 32",1786
"The Koren Rosh HaShana Mahzor; Ashkenaz, First Day, The Blowing of the Shofar 33",1787
"The Koren Rosh HaShana Mahzor; Ashkenaz, First Day, Leader's Prayer 1",1789
"The Koren Rosh HaShana Mahzor; Ashkenaz, First Day, Leader's Prayer 2",1790
"The Koren Rosh HaShana Mahzor; Ashkenaz, First Day, Leader's Prayer 3",1791
"The Koren Rosh HaShana Mahzor; Ashkenaz, First Day, Leader's Prayer 4",1792
"The Koren Rosh HaShana Mahzor; Ashkenaz, First Day, Leader's Prayer 5",1793
"The Koren Rosh HaShana Mahzor; Ashkenaz, First Day, Leader's Prayer 6",1794
"The Koren Rosh HaShana Mahzor; Ashkenaz, First Day, Leader's Prayer 7",1795
"The Koren Rosh HaShana Mahzor; Ashkenaz, First Day, Leader's Prayer 8",1796
"The Koren Rosh HaShana Mahzor; Ashkenaz, First Day, Leader's Prayer 9",1797
"The Koren Rosh HaShana Mahzor; Ashkenaz, First Day, Leader's Prayer 10",1798
"The Koren Rosh HaShana Mahzor; Ashkenaz, First Day, Leader's Prayer 11",1799
"The Koren Rosh HaShana Mahzor; Ashkenaz, First Day, Leader's Prayer 12",1800
"The Koren Rosh HaShana Mahzor; Ashkenaz, First Day, Leader's Prayer 13",1801
"The Koren Rosh HaShana Mahzor; Ashkenaz, First Day, Leader's Prayer 14",1802
"The Koren Rosh HaShana Mahzor; Ashkenaz, First Day, Leader's Prayer 15",1803
"The Koren Rosh HaShana Mahzor; Ashkenaz, First Day, Leader's Prayer 16",1804
"The Koren Rosh HaShana Mahzor; Ashkenaz, First Day, Leader's Prayer 17",1805
"The Koren Rosh HaShana Mahzor; Ashkenaz, First Day, Leader's Prayer 18",1806
"The Koren Rosh HaShana Mahzor; Ashkenaz, First Day, Leader's Prayer 19",1807
"The Koren Rosh HaShana Mahzor; Ashkenaz, First Day, Musaf 1",1809
"The Koren Rosh HaShana Mahzor; Ashkenaz, First Day, Musaf 2",1810
"The Koren Rosh HaShana Mahzor; Ashkenaz, First Day, Musaf 3",1811
"The Koren Rosh HaShana Mahzor; Ashkenaz, First Day, Musaf 4",1812
"The Koren Rosh HaShana Mahzor; Ashkenaz, First Day, Musaf 5",1813
"The Koren Rosh HaShana Mahzor; Ashkenaz, First Day, Musaf 6",1814
"The Koren Rosh HaShana Mahzor; Ashkenaz, First Day, Musaf 7",1815
"The Koren Rosh HaShana Mahzor; Ashkenaz, First Day, Musaf 8",1816
"The Koren Rosh HaShana Mahzor; Ashkenaz, First Day, Musaf 9",1817
"The Koren Rosh HaShana Mahzor; Ashkenaz, First Day, Musaf 10",1818
"The Koren Rosh HaShana Mahzor; Ashkenaz, First Day, Musaf 11",1819
"The Koren Rosh HaShana Mahzor; Ashkenaz, First Day, Musaf 12",1820
"The Koren Rosh HaShana Mahzor; Ashkenaz, First Day, Musaf 13",1821
"The Koren Rosh HaShana Mahzor; Ashkenaz, First Day, Musaf 14",1822
"The Koren Rosh HaShana Mahzor; Ashkenaz, First Day, Musaf 15",1823
"The Koren Rosh HaShana Mahzor; Ashkenaz, First Day, Musaf 16",1824
"The Koren Rosh HaShana Mahzor; Ashkenaz, First Day, Musaf 17",1825
"The Koren Rosh HaShana Mahzor; Ashkenaz, First Day, Musaf 18",1826
"The Koren Rosh HaShana Mahzor; Ashkenaz, First Day, Musaf 19",1827
"The Koren Rosh HaShana Mahzor; Ashkenaz, First Day, Musaf 20",1828
"The Koren Rosh HaShana Mahzor; Ashkenaz, First Day, Musaf 21",1829
"The Koren Rosh HaShana Mahzor; Ashkenaz, First Day, Musaf 22",1830
"The Koren Rosh HaShana Mahzor; Ashkenaz, First Day, Musaf 23",1831
"The Koren Rosh HaShana Mahzor; Ashkenaz, First Day, Musaf 24",1832
"The Koren Rosh HaShana Mahzor; Ashkenaz, First Day, Musaf 25",1833
"The Koren Rosh HaShana Mahzor; Ashkenaz, First Day, Musaf 26",1834
"The Koren Rosh HaShana Mahzor; Ashkenaz, First Day, Musaf 27",1835
"The Koren Rosh HaShana Mahzor; Ashkenaz, First Day, Musaf 28",1836
"The Koren Rosh HaShana Mahzor; Ashkenaz, First Day, Musaf 29",1837
"The Koren Rosh HaShana Mahzor; Ashkenaz, First Day, Musaf 30",1838
"The Koren Rosh HaShana Mahzor; Ashkenaz, First Day, Musaf 31",1839
"The Koren Rosh HaShana Mahzor; Ashkenaz, First Day, Musaf 32",1840
"The Koren Rosh HaShana Mahzor; Ashkenaz, First Day, Musaf 33",1841
"The Koren Rosh HaShana Mahzor; Ashkenaz, First Day, Musaf 34",1842
"The Koren Rosh HaShana Mahzor; Ashkenaz, First Day, Musaf 35",1843
"The Koren Rosh HaShana Mahzor; Ashkenaz, First Day, Musaf 36",1844
"The Koren Rosh HaShana Mahzor; Ashkenaz, First Day, Musaf 37",1845
"The Koren Rosh HaShana Mahzor; Ashkenaz, First Day, Musaf 38",1846
"The Koren Rosh HaShana Mahzor; Ashkenaz, First Day, Musaf 39",1847
"The Koren Rosh HaShana Mahzor; Ashkenaz, First Day, Musaf 40",1848
"The Koren Rosh HaShana Mahzor; Ashkenaz, First Day, Musaf 41",1849
"The Koren Rosh HaShana Mahzor; Ashkenaz, First Day, Musaf 42",1850
"The Koren Rosh HaShana Mahzor; Ashkenaz, First Day, Musaf 43",1851
"The Koren Rosh HaShana Mahzor; Ashkenaz, First Day, Musaf 44",1852
"The Koren Rosh HaShana Mahzor; Ashkenaz, First Day, Musaf 45",1853
"The Koren Rosh HaShana Mahzor; Ashkenaz, First Day, Musaf 46",1854
"The Koren Rosh HaShana Mahzor; Ashkenaz, First Day, Musaf 47",1855
"The Koren Rosh HaShana Mahzor; Ashkenaz, First Day, Musaf 48",1856
"The Koren Rosh HaShana Mahzor; Ashkenaz, First Day, Musaf 49",1857
"The Koren Rosh HaShana Mahzor; Ashkenaz, First Day, Musaf 50",1858
"The Koren Rosh HaShana Mahzor; Ashkenaz, First Day, Musaf 51",1859
"The Koren Rosh HaShana Mahzor; Ashkenaz, First Day, Musaf 52",1860
"The Koren Rosh HaShana Mahzor; Ashkenaz, First Day, Musaf 53",1861
"The Koren Rosh HaShana Mahzor; Ashkenaz, First Day, Musaf 54",1862
"The Koren Rosh HaShana Mahzor; Ashkenaz, First Day, Musaf 55",1863
"The Koren Rosh HaShana Mahzor; Ashkenaz, First Day, Musaf 56",1864
"The Koren Rosh HaShana Mahzor; Ashkenaz, First Day, Musaf 57",1865
"The Koren Rosh HaShana Mahzor; Ashkenaz, First Day, Musaf 58",1866
"The Koren Rosh HaShana Mahzor; Ashkenaz, First Day, Musaf 59",1867
"The Koren Rosh HaShana Mahzor; Ashkenaz, First Day, Musaf 60",1868
"The Koren Rosh HaShana Mahzor; Ashkenaz, First Day, Musaf 61",1869
"The Koren Rosh HaShana Mahzor; Ashkenaz, First Day, Musaf 62",1870
"The Koren Rosh HaShana Mahzor; Ashkenaz, First Day, Musaf 63",1871
"The Koren Rosh HaShana Mahzor; Ashkenaz, First Day, Musaf 64",1872
"The Koren Rosh HaShana Mahzor; Ashkenaz, First Day, Musaf 65",1873
"The Koren Rosh HaShana Mahzor; Ashkenaz, First Day, Musaf 66",1874
"The Koren Rosh HaShana Mahzor; Ashkenaz, First Day, Musaf 67",1875
"The Koren Rosh HaShana Mahzor; Ashkenaz, First Day, Musaf 68",1876
"The Koren Rosh HaShana Mahzor; Ashkenaz, First Day, Musaf 69",1877
"The Koren Rosh HaShana Mahzor; Ashkenaz, First Day, Musaf 70",1878
"The Koren Rosh HaShana Mahzor; Ashkenaz, First Day, Musaf 71",1879
"The Koren Rosh HaShana Mahzor; Ashkenaz, First Day, Musaf 72",1880
"The Koren Rosh HaShana Mahzor; Ashkenaz, First Day, Musaf 73",1881
"The Koren Rosh HaShana Mahzor; Ashkenaz, First Day, Musaf 74",1882
"The Koren Rosh HaShana Mahzor; Ashkenaz, First Day, Musaf 75",1883
"The Koren Rosh HaShana Mahzor; Ashkenaz, First Day, Musaf 76",1884
"The Koren Rosh HaShana Mahzor; Ashkenaz, First Day, Musaf 77",1885
"The Koren Rosh HaShana Mahzor; Ashkenaz, First Day, Musaf 78",1886
"The Koren Rosh HaShana Mahzor; Ashkenaz, First Day, Musaf 79",1887
"The Koren Rosh HaShana Mahzor; Ashkenaz, First Day, Musaf 80",1888
"The Koren Rosh HaShana Mahzor; Ashkenaz, First Day, Musaf 81",1889
"The Koren Rosh HaShana Mahzor; Ashkenaz, First Day, Musaf 82",1890
"The Koren Rosh HaShana Mahzor; Ashkenaz, First Day, Musaf 83",1891
"The Koren Rosh HaShana Mahzor; Ashkenaz, First Day, Musaf 84",1892
"The Koren Rosh HaShana Mahzor; Ashkenaz, First Day, Musaf 85",1893
"The Koren Rosh HaShana Mahzor; Ashkenaz, First Day, Musaf 86",1894
"The Koren Rosh HaShana Mahzor; Ashkenaz, First Day, Musaf 87",1895
"The Koren Rosh HaShana Mahzor; Ashkenaz, First Day, Musaf 88",1896
"The Koren Rosh HaShana Mahzor; Ashkenaz, First Day, Musaf 89",1897
"The Koren Rosh HaShana Mahzor; Ashkenaz, First Day, Musaf 90",1898
"The Koren Rosh HaShana Mahzor; Ashkenaz, First Day, Musaf 91",1899
"The Koren Rosh HaShana Mahzor; Ashkenaz, First Day, Musaf 92",1900
"The Koren Rosh HaShana Mahzor; Ashkenaz, First Day, Musaf 93",1901
"The Koren Rosh HaShana Mahzor; Ashkenaz, First Day, Musaf 94",1902
"The Koren Rosh HaShana Mahzor; Ashkenaz, First Day, Musaf 95",1903
"The Koren Rosh HaShana Mahzor; Ashkenaz, First Day, Leader's Repetition for Musaf 1",1905
"The Koren Rosh HaShana Mahzor; Ashkenaz, First Day, Leader's Repetition for Musaf 2",1906
"The Koren Rosh HaShana Mahzor; Ashkenaz, First Day, Leader's Repetition for Musaf 3",1907
"The Koren Rosh HaShana Mahzor; Ashkenaz, First Day, Leader's Repetition for Musaf 4",1908
"The Koren Rosh HaShana Mahzor; Ashkenaz, First Day, Leader's Repetition for Musaf 5",1909
"The Koren Rosh HaShana Mahzor; Ashkenaz, First Day, Leader's Repetition for Musaf 6",1910
"The Koren Rosh HaShana Mahzor; Ashkenaz, First Day, Leader's Repetition for Musaf 7",1911
"The Koren Rosh HaShana Mahzor; Ashkenaz, First Day, Leader's Repetition for Musaf 8",1912
"The Koren Rosh HaShana Mahzor; Ashkenaz, First Day, Leader's Repetition for Musaf 9",1913
"The Koren Rosh HaShana Mahzor; Ashkenaz, First Day, Leader's Repetition for Musaf 10",1914
"The Koren Rosh HaShana Mahzor; Ashkenaz, First Day, Leader's Repetition for Musaf 11",1915
"The Koren Rosh HaShana Mahzor; Ashkenaz, First Day, Leader's Repetition for Musaf 12",1916
"The Koren Rosh HaShana Mahzor; Ashkenaz, First Day, Leader's Repetition for Musaf 13",1917
"The Koren Rosh HaShana Mahzor; Ashkenaz, First Day, Leader's Repetition for Musaf 14",1918
"The Koren Rosh HaShana Mahzor; Ashkenaz, First Day, Leader's Repetition for Musaf 15",1919
"The Koren Rosh HaShana Mahzor; Ashkenaz, First Day, Leader's Repetition for Musaf 16",1920
"The Koren Rosh HaShana Mahzor; Ashkenaz, First Day, Leader's Repetition for Musaf 17",1921
"The Koren Rosh HaShana Mahzor; Ashkenaz, First Day, Leader's Repetition for Musaf 18",1922
"The Koren Rosh HaShana Mahzor; Ashkenaz, First Day, Leader's Repetition for Musaf 19",1923
"The Koren Rosh HaShana Mahzor; Ashkenaz, First Day, Leader's Repetition for Musaf 20",1924
"The Koren Rosh HaShana Mahzor; Ashkenaz, First Day, Leader's Repetition for Musaf 21",1925
"The Koren Rosh HaShana Mahzor; Ashkenaz, First Day, Leader's Repetition for Musaf 22",1926
"The Koren Rosh HaShana Mahzor; Ashkenaz, First Day, Leader's Repetition for Musaf 23",1927
"The Koren Rosh HaShana Mahzor; Ashkenaz, First Day, Leader's Repetition for Musaf 24",1928
"The Koren Rosh HaShana Mahzor; Ashkenaz, First Day, Leader's Repetition for Musaf 25",1929
"The Koren Rosh HaShana Mahzor; Ashkenaz, First Day, Leader's Repetition for Musaf 26",1930
"The Koren Rosh HaShana Mahzor; Ashkenaz, First Day, Leader's Repetition for Musaf 27",1931
"The Koren Rosh HaShana Mahzor; Ashkenaz, First Day, Leader's Repetition for Musaf 28",1932
"The Koren Rosh HaShana Mahzor; Ashkenaz, First Day, Leader's Repetition for Musaf 29",1933
"The Koren Rosh HaShana Mahzor; Ashkenaz, First Day, Leader's Repetition for Musaf 30",1934
"The Koren Rosh HaShana Mahzor; Ashkenaz, First Day, Leader's Repetition for Musaf 31",1935
"The Koren Rosh HaShana Mahzor; Ashkenaz, First Day, Leader's Repetition for Musaf 32",1936
"The Koren Rosh HaShana Mahzor; Ashkenaz, First Day, Leader's Repetition for Musaf 33",1937
"The Koren Rosh HaShana Mahzor; Ashkenaz, First Day, Leader's Repetition for Musaf 34",1938
"The Koren Rosh HaShana Mahzor; Ashkenaz, First Day, Leader's Repetition for Musaf 35",1939
"The Koren Rosh HaShana Mahzor; Ashkenaz, First Day, Leader's Repetition for Musaf 36",1940
"The Koren Rosh HaShana Mahzor; Ashkenaz, First Day, Leader's Repetition for Musaf 37",1941
"The Koren Rosh HaShana Mahzor; Ashkenaz, First Day, Leader's Repetition for Musaf 38",1942
"The Koren Rosh HaShana Mahzor; Ashkenaz, First Day, Leader's Repetition for Musaf 39",1943
"The Koren Rosh HaShana Mahzor; Ashkenaz, First Day, Leader's Repetition for Musaf 40",1944
"The Koren Rosh HaShana Mahzor; Ashkenaz, First Day, Leader's Repetition for Musaf 41",1945
"The Koren Rosh HaShana Mahzor; Ashkenaz, First Day, Leader's Repetition for Musaf 42",1946
"The Koren Rosh HaShana Mahzor; Ashkenaz, First Day, Leader's Repetition for Musaf 43",1947
"The Koren Rosh HaShana Mahzor; Ashkenaz, First Day, Leader's Repetition for Musaf 44",1948
"The Koren Rosh HaShana Mahzor; Ashkenaz, First Day, Leader's Repetition for Musaf 45",1949
"The Koren Rosh HaShana Mahzor; Ashkenaz, First Day, Leader's Repetition for Musaf 46",1950
"The Koren Rosh HaShana Mahzor; Ashkenaz, First Day, Leader's Repetition for Musaf 47",1951
"The Koren Rosh HaShana Mahzor; Ashkenaz, First Day, Leader's Repetition for Musaf 48",1952
"The Koren Rosh HaShana Mahzor; Ashkenaz, First Day, Leader's Repetition for Musaf 49",1953
"The Koren Rosh HaShana Mahzor; Ashkenaz, First Day, Leader's Repetition for Musaf 50",1954
"The Koren Rosh HaShana Mahzor; Ashkenaz, First Day, Leader's Repetition for Musaf 51",1955
"The Koren Rosh HaShana Mahzor; Ashkenaz, First Day, Leader's Repetition for Musaf 52",1956
"The Koren Rosh HaShana Mahzor; Ashkenaz, First Day, Leader's Repetition for Musaf 53",1957
"The Koren Rosh HaShana Mahzor; Ashkenaz, First Day, Leader's Repetition for Musaf 54",1958
"The Koren Rosh HaShana Mahzor; Ashkenaz, First Day, Leader's Repetition for Musaf 55",1959
"The Koren Rosh HaShana Mahzor; Ashkenaz, First Day, Leader's Repetition for Musaf 56",1960
"The Koren Rosh HaShana Mahzor; Ashkenaz, First Day, Leader's Repetition for Musaf 57",1961
"The Koren Rosh HaShana Mahzor; Ashkenaz, First Day, Leader's Repetition for Musaf 58",1962
"The Koren Rosh HaShana Mahzor; Ashkenaz, First Day, Leader's Repetition for Musaf 59",1963
"The Koren Rosh HaShana Mahzor; Ashkenaz, First Day, Leader's Repetition for Musaf 60",1964
"The Koren Rosh HaShana Mahzor; Ashkenaz, First Day, Leader's Repetition for Musaf 61",1965
"The Koren Rosh HaShana Mahzor; Ashkenaz, First Day, Leader's Repetition for Musaf 62",1966
"The Koren Rosh HaShana Mahzor; Ashkenaz, First Day, Leader's Repetition for Musaf 63",1967
"The Koren Rosh HaShana Mahzor; Ashkenaz, First Day, Leader's Repetition for Musaf 64",1968
"The Koren Rosh HaShana Mahzor; Ashkenaz, First Day, Leader's Repetition for Musaf 65",1969
"The Koren Rosh HaShana Mahzor; Ashkenaz, First Day, Leader's Repetition for Musaf 66",1970
"The Koren Rosh HaShana Mahzor; Ashkenaz, First Day, Leader's Repetition for Musaf 67",1971
"The Koren Rosh HaShana Mahzor; Ashkenaz, First Day, Leader's Repetition for Musaf 68",1972
"The Koren Rosh HaShana Mahzor; Ashkenaz, First Day, Leader's Repetition for Musaf 69",1973
"The Koren Rosh HaShana Mahzor; Ashkenaz, First Day, Leader's Repetition for Musaf 70",1974
"The Koren Rosh HaShana Mahzor; Ashkenaz, First Day, Leader's Repetition for Musaf 71",1975
"The Koren Rosh HaShana Mahzor; Ashkenaz, First Day, Leader's Repetition for Musaf 72",1976
"The Koren Rosh HaShana Mahzor; Ashkenaz, First Day, Leader's Repetition for Musaf 73",1977
"The Koren Rosh HaShana Mahzor; Ashkenaz, First Day, Leader's Repetition for Musaf 74",1978
"The Koren Rosh HaShana Mahzor; Ashkenaz, First Day, Leader's Repetition for Musaf 75",1979
"The Koren Rosh HaShana Mahzor; Ashkenaz, First Day, Leader's Repetition for Musaf 76",1980
"The Koren Rosh HaShana Mahzor; Ashkenaz, First Day, Leader's Repetition for Musaf 77",1981
"The Koren Rosh HaShana Mahzor; Ashkenaz, First Day, Leader's Repetition for Musaf 78",1982
"The Koren Rosh HaShana Mahzor; Ashkenaz, First Day, Leader's Repetition for Musaf 79",1983
"The Koren Rosh HaShana Mahzor; Ashkenaz, First Day, Leader's Repetition for Musaf 80",1984
"The Koren Rosh HaShana Mahzor; Ashkenaz, First Day, Leader's Repetition for Musaf 81",1985
"The Koren Rosh HaShana Mahzor; Ashkenaz, First Day, Leader's Repetition for Musaf 82",1986
"The Koren Rosh HaShana Mahzor; Ashkenaz, First Day, Leader's Repetition for Musaf 83",1987
"The Koren Rosh HaShana Mahzor; Ashkenaz, First Day, Leader's Repetition for Musaf 84",1988
"The Koren Rosh HaShana Mahzor; Ashkenaz, First Day, Leader's Repetition for Musaf 85",1989
"The Koren Rosh HaShana Mahzor; Ashkenaz, First Day, Leader's Repetition for Musaf 86",1990
"The Koren Rosh HaShana Mahzor; Ashkenaz, First Day, Leader's Repetition for Musaf 87",1991
"The Koren Rosh HaShana Mahzor; Ashkenaz, First Day, Leader's Repetition for Musaf 88",1992
"The Koren Rosh HaShana Mahzor; Ashkenaz, First Day, Leader's Repetition for Musaf 89",1993
"The Koren Rosh HaShana Mahzor; Ashkenaz, First Day, Leader's Repetition for Musaf 90",1994
"The Koren Rosh HaShana Mahzor; Ashkenaz, First Day, Leader's Repetition for Musaf 91",1995
"The Koren Rosh HaShana Mahzor; Ashkenaz, First Day, Leader's Repetition for Musaf 92",1996
"The Koren Rosh HaShana Mahzor; Ashkenaz, First Day, Leader's Repetition for Musaf 93",1997
"The Koren Rosh HaShana Mahzor; Ashkenaz, First Day, Leader's Repetition for Musaf 94",1998
"The Koren Rosh HaShana Mahzor; Ashkenaz, First Day, Leader's Repetition for Musaf 95",1999
"The Koren Rosh HaShana Mahzor; Ashkenaz, First Day, Leader's Repetition for Musaf 96",2000
"The Koren Rosh HaShana Mahzor; Ashkenaz, First Day, Leader's Repetition for Musaf 97",2001
"The Koren Rosh HaShana Mahzor; Ashkenaz, First Day, Leader's Repetition for Musaf 98",2002
"The Koren Rosh HaShana Mahzor; Ashkenaz, First Day, Leader's Repetition for Musaf 99",2003
"The Koren Rosh HaShana Mahzor; Ashkenaz, First Day, Leader's Repetition for Musaf 100",2004
"The Koren Rosh HaShana Mahzor; Ashkenaz, First Day, Leader's Repetition for Musaf 101",2005
"The Koren Rosh HaShana Mahzor; Ashkenaz, First Day, Leader's Repetition for Musaf 102",2006
"The Koren Rosh HaShana Mahzor; Ashkenaz, First Day, Leader's Repetition for Musaf 103",2007
"The Koren Rosh HaShana Mahzor; Ashkenaz, First Day, Leader's Repetition for Musaf 104",2008
"The Koren Rosh HaShana Mahzor; Ashkenaz, First Day, Leader's Repetition for Musaf 105",2009
"The Koren Rosh HaShana Mahzor; Ashkenaz, First Day, Leader's Repetition for Musaf 106",2010
"The Koren Rosh HaShana Mahzor; Ashkenaz, First Day, Leader's Repetition for Musaf 107",2011
"The Koren Rosh HaShana Mahzor; Ashkenaz, First Day, Leader's Repetition for Musaf 108",2012
"The Koren Rosh HaShana Mahzor; Ashkenaz, First Day, Leader's Repetition for Musaf 109",2013
"The Koren Rosh HaShana Mahzor; Ashkenaz, First Day, Leader's Repetition for Musaf 110",2014
"The Koren Rosh HaShana Mahzor; Ashkenaz, First Day, Leader's Repetition for Musaf 111",2015
"The Koren Rosh HaShana Mahzor; Ashkenaz, First Day, Leader's Repetition for Musaf 112",2016
"The Koren Rosh HaShana Mahzor; Ashkenaz, First Day, Leader's Repetition for Musaf 113",2017
"The Koren Rosh HaShana Mahzor; Ashkenaz, First Day, Leader's Repetition for Musaf 114",2018
"The Koren Rosh HaShana Mahzor; Ashkenaz, First Day, Leader's Repetition for Musaf 115",2019
"The Koren Rosh HaShana Mahzor; Ashkenaz, First Day, Leader's Repetition for Musaf 116",2020
"The Koren Rosh HaShana Mahzor; Ashkenaz, First Day, Leader's Repetition for Musaf 117",2021
"The Koren Rosh HaShana Mahzor; Ashkenaz, First Day, Leader's Repetition for Musaf 118",2022
"The Koren Rosh HaShana Mahzor; Ashkenaz, First Day, Leader's Repetition for Musaf 119",2023
"The Koren Rosh HaShana Mahzor; Ashkenaz, First Day, Leader's Repetition for Musaf 120",2024
"The Koren Rosh HaShana Mahzor; Ashkenaz, First Day, Leader's Repetition for Musaf 121",2025
"The Koren Rosh HaShana Mahzor; Ashkenaz, First Day, Leader's Repetition for Musaf 122",2026
"The Koren Rosh HaShana Mahzor; Ashkenaz, First Day, Leader's Repetition for Musaf 123",2027
"The Koren Rosh HaShana Mahzor; Ashkenaz, First Day, Leader's Repetition for Musaf 124",2028
"The Koren Rosh HaShana Mahzor; Ashkenaz, First Day, Leader's Repetition for Musaf 125",2029
"The Koren Rosh HaShana Mahzor; Ashkenaz, First Day, Leader's Repetition for Musaf 126",2030
"The Koren Rosh HaShana Mahzor; Ashkenaz, First Day, Leader's Repetition for Musaf 127",2031
"The Koren Rosh HaShana Mahzor; Ashkenaz, First Day, Leader's Repetition for Musaf 128",2032
"The Koren Rosh HaShana Mahzor; Ashkenaz, First Day, Leader's Repetition for Musaf 129",2033
"The Koren Rosh HaShana Mahzor; Ashkenaz, First Day, Leader's Repetition for Musaf 130",2034
"The Koren Rosh HaShana Mahzor; Ashkenaz, First Day, Leader's Repetition for Musaf 131",2035
"The Koren Rosh HaShana Mahzor; Ashkenaz, First Day, Leader's Repetition for Musaf 132",2036
"The Koren Rosh HaShana Mahzor; Ashkenaz, First Day, Leader's Repetition for Musaf 133",2037
"The Koren Rosh HaShana Mahzor; Ashkenaz, First Day, Leader's Repetition for Musaf 134",2038
"The Koren Rosh HaShana Mahzor; Ashkenaz, First Day, Leader's Repetition for Musaf 135",2039
"The Koren Rosh HaShana Mahzor; Ashkenaz, First Day, Leader's Repetition for Musaf 136",2040
"The Koren Rosh HaShana Mahzor; Ashkenaz, First Day, Leader's Repetition for Musaf 137",2041
"The Koren Rosh HaShana Mahzor; Ashkenaz, First Day, Leader's Repetition for Musaf 138",2042
"The Koren Rosh HaShana Mahzor; Ashkenaz, First Day, Leader's Repetition for Musaf 139",2043
"The Koren Rosh HaShana Mahzor; Ashkenaz, First Day, Leader's Repetition for Musaf 140",2044
"The Koren Rosh HaShana Mahzor; Ashkenaz, First Day, Leader's Repetition for Musaf 141",2045
"The Koren Rosh HaShana Mahzor; Ashkenaz, First Day, Leader's Repetition for Musaf 142",2046
"The Koren Rosh HaShana Mahzor; Ashkenaz, First Day, Leader's Repetition for Musaf 143",2047
"The Koren Rosh HaShana Mahzor; Ashkenaz, First Day, Leader's Repetition for Musaf 144",2048
"The Koren Rosh HaShana Mahzor; Ashkenaz, First Day, Leader's Repetition for Musaf 145",2049
"The Koren Rosh HaShana Mahzor; Ashkenaz, First Day, Leader's Repetition for Musaf 146",2050
"The Koren Rosh HaShana Mahzor; Ashkenaz, First Day, Leader's Repetition for Musaf 147",2051
"The Koren Rosh HaShana Mahzor; Ashkenaz, First Day, Leader's Repetition for Musaf 148",2052
"The Koren Rosh HaShana Mahzor; Ashkenaz, First Day, Leader's Repetition for Musaf 149",2053
"The Koren Rosh HaShana Mahzor; Ashkenaz, First Day, Leader's Repetition for Musaf 150",2054
"The Koren Rosh HaShana Mahzor; Ashkenaz, First Day, Leader's Repetition for Musaf 151",2055
"The Koren Rosh HaShana Mahzor; Ashkenaz, First Day, Leader's Repetition for Musaf 152",2056
"The Koren Rosh HaShana Mahzor; Ashkenaz, First Day, Leader's Repetition for Musaf 153",2057
"The Koren Rosh HaShana Mahzor; Ashkenaz, First Day, Leader's Repetition for Musaf 154",2058
"The Koren Rosh HaShana Mahzor; Ashkenaz, First Day, Leader's Repetition for Musaf 155",2059
"The Koren Rosh HaShana Mahzor; Ashkenaz, First Day, Leader's Repetition for Musaf 156",2060
"The Koren Rosh HaShana Mahzor; Ashkenaz, First Day, Leader's Repetition for Musaf 157",2061
"The Koren Rosh HaShana Mahzor; Ashkenaz, First Day, Leader's Repetition for Musaf 158",2062
"The Koren Rosh HaShana Mahzor; Ashkenaz, First Day, Leader's Repetition for Musaf 159",2063
"The Koren Rosh HaShana Mahzor; Ashkenaz, First Day, Leader's Repetition for Musaf 160",2064
"The Koren Rosh HaShana Mahzor; Ashkenaz, First Day, Leader's Repetition for Musaf 161",2065
"The Koren Rosh HaShana Mahzor; Ashkenaz, First Day, Leader's Repetition for Musaf 162",2066
"The Koren Rosh HaShana Mahzor; Ashkenaz, First Day, Leader's Repetition for Musaf 163",2067
"The Koren Rosh HaShana Mahzor; Ashkenaz, First Day, Leader's Repetition for Musaf 164",2068
"The Koren Rosh HaShana Mahzor; Ashkenaz, First Day, Leader's Repetition for Musaf 165",2069
"The Koren Rosh HaShana Mahzor; Ashkenaz, First Day, Leader's Repetition for Musaf 166",2070
"The Koren Rosh HaShana Mahzor; Ashkenaz, First Day, Leader's Repetition for Musaf 167",2071
"The Koren Rosh HaShana Mahzor; Ashkenaz, First Day, Leader's Repetition for Musaf 168",2072
"The Koren Rosh HaShana Mahzor; Ashkenaz, First Day, Leader's Repetition for Musaf 169",2073
"The Koren Rosh HaShana Mahzor; Ashkenaz, First Day, Leader's Repetition for Musaf 170",2074
"The Koren Rosh HaShana Mahzor; Ashkenaz, First Day, Leader's Repetition for Musaf 171",2075
"The Koren Rosh HaShana Mahzor; Ashkenaz, First Day, Leader's Repetition for Musaf 172",2076
"The Koren Rosh HaShana Mahzor; Ashkenaz, First Day, Leader's Repetition for Musaf 173",2077
"The Koren Rosh HaShana Mahzor; Ashkenaz, First Day, Leader's Repetition for Musaf 174",2078
"The Koren Rosh HaShana Mahzor; Ashkenaz, First Day, Leader's Repetition for Musaf 175",2079
"The Koren Rosh HaShana Mahzor; Ashkenaz, First Day, Leader's Repetition for Musaf 176",2080
"The Koren Rosh HaShana Mahzor; Ashkenaz, First Day, Leader's Repetition for Musaf 177",2081
"The Koren Rosh HaShana Mahzor; Ashkenaz, First Day, Leader's Repetition for Musaf 178",2082
"The Koren Rosh HaShana Mahzor; Ashkenaz, First Day, Leader's Repetition for Musaf 179",2083
"The Koren Rosh HaShana Mahzor; Ashkenaz, First Day, Leader's Repetition for Musaf 180",2084
"The Koren Rosh HaShana Mahzor; Ashkenaz, First Day, Leader's Repetition for Musaf 181",2085
"The Koren Rosh HaShana Mahzor; Ashkenaz, First Day, Leader's Repetition for Musaf 182",2086
"The Koren Rosh HaShana Mahzor; Ashkenaz, First Day, Leader's Repetition for Musaf 183",2087
"The Koren Rosh HaShana Mahzor; Ashkenaz, First Day, Leader's Repetition for Musaf 184",2088
"The Koren Rosh HaShana Mahzor; Ashkenaz, First Day, Leader's Repetition for Musaf 185",2089
"The Koren Rosh HaShana Mahzor; Ashkenaz, First Day, Leader's Repetition for Musaf 186",2090
"The Koren Rosh HaShana Mahzor; Ashkenaz, First Day, Leader's Repetition for Musaf 187",2091
"The Koren Rosh HaShana Mahzor; Ashkenaz, First Day, Leader's Repetition for Musaf 188",2092
"The Koren Rosh HaShana Mahzor; Ashkenaz, First Day, Leader's Repetition for Musaf 189",2093
"The Koren Rosh HaShana Mahzor; Ashkenaz, First Day, Leader's Repetition for Musaf 190",2094
"The Koren Rosh HaShana Mahzor; Ashkenaz, First Day, Leader's Repetition for Musaf 191",2095
"The Koren Rosh HaShana Mahzor; Ashkenaz, First Day, Leader's Repetition for Musaf 192",2096
"The Koren Rosh HaShana Mahzor; Ashkenaz, First Day, Leader's Repetition for Musaf 193",2097
"The Koren Rosh HaShana Mahzor; Ashkenaz, First Day, Leader's Repetition for Musaf 194",2098
"The Koren Rosh HaShana Mahzor; Ashkenaz, First Day, Leader's Repetition for Musaf 195",2099
"The Koren Rosh HaShana Mahzor; Ashkenaz, First Day, Leader's Repetition for Musaf 196",2100
"The Koren Rosh HaShana Mahzor; Ashkenaz, First Day, Leader's Repetition for Musaf 197",2101
"The Koren Rosh HaShana Mahzor; Ashkenaz, First Day, Leader's Repetition for Musaf 198",2102
"The Koren Rosh HaShana Mahzor; Ashkenaz, First Day, Leader's Repetition for Musaf 199",2103
"The Koren Rosh HaShana Mahzor; Ashkenaz, First Day, Leader's Repetition for Musaf 200",2104
"The Koren Rosh HaShana Mahzor; Ashkenaz, First Day, Leader's Repetition for Musaf 201",2105
"The Koren Rosh HaShana Mahzor; Ashkenaz, First Day, Leader's Repetition for Musaf 202",2106
"The Koren Rosh HaShana Mahzor; Ashkenaz, First Day, Leader's Repetition for Musaf 203",2107
"The Koren Rosh HaShana Mahzor; Ashkenaz, First Day, Leader's Repetition for Musaf 204",2108
"The Koren Rosh HaShana Mahzor; Ashkenaz, First Day, Leader's Repetition for Musaf 205",2109
"The Koren Rosh HaShana Mahzor; Ashkenaz, First Day, Leader's Repetition for Musaf 206",2110
"The Koren Rosh HaShana Mahzor; Ashkenaz, First Day, Leader's Repetition for Musaf 207",2111
"The Koren Rosh HaShana Mahzor; Ashkenaz, First Day, Leader's Repetition for Musaf 208",2112
"The Koren Rosh HaShana Mahzor; Ashkenaz, First Day, Leader's Repetition for Musaf 209",2113
"The Koren Rosh HaShana Mahzor; Ashkenaz, First Day, Leader's Repetition for Musaf 210",2114
"The Koren Rosh HaShana Mahzor; Ashkenaz, First Day, Leader's Repetition for Musaf 211",2115
"The Koren Rosh HaShana Mahzor; Ashkenaz, First Day, Leader's Repetition for Musaf 212",2116
"The Koren Rosh HaShana Mahzor; Ashkenaz, First Day, Leader's Repetition for Musaf 213",2117
"The Koren Rosh HaShana Mahzor; Ashkenaz, First Day, Leader's Repetition for Musaf 214",2118
"The Koren Rosh HaShana Mahzor; Ashkenaz, First Day, Leader's Repetition for Musaf 215",2119
"The Koren Rosh HaShana Mahzor; Ashkenaz, First Day, Leader's Repetition for Musaf 216",2120
"The Koren Rosh HaShana Mahzor; Ashkenaz, First Day, Leader's Repetition for Musaf 217",2121
"The Koren Rosh HaShana Mahzor; Ashkenaz, First Day, Leader's Repetition for Musaf 218",2122
"The Koren Rosh HaShana Mahzor; Ashkenaz, First Day, Leader's Repetition for Musaf 219",2123
"The Koren Rosh HaShana Mahzor; Ashkenaz, First Day, Leader's Repetition for Musaf 220",2124
"The Koren Rosh HaShana Mahzor; Ashkenaz, First Day, Leader's Repetition for Musaf 221",2125
"The Koren Rosh HaShana Mahzor; Ashkenaz, First Day, Leader's Repetition for Musaf 222",2126
"The Koren Rosh HaShana Mahzor; Ashkenaz, First Day, Leader's Repetition for Musaf 223",2127
"The Koren Rosh HaShana Mahzor; Ashkenaz, First Day, Leader's Repetition for Musaf 224",2128
"The Koren Rosh HaShana Mahzor; Ashkenaz, First Day, Leader's Repetition for Musaf 225",2129
"The Koren Rosh HaShana Mahzor; Ashkenaz, First Day, Leader's Repetition for Musaf 226",2130
"The Koren Rosh HaShana Mahzor; Ashkenaz, First Day, Leader's Repetition for Musaf 227",2131
"The Koren Rosh HaShana Mahzor; Ashkenaz, First Day, Leader's Repetition for Musaf 228",2132
"The Koren Rosh HaShana Mahzor; Ashkenaz, First Day, Leader's Repetition for Musaf 229",2133
"The Koren Rosh HaShana Mahzor; Ashkenaz, First Day, Leader's Repetition for Musaf 230",2134
"The Koren Rosh HaShana Mahzor; Ashkenaz, First Day, Leader's Repetition for Musaf 231",2135
"The Koren Rosh HaShana Mahzor; Ashkenaz, First Day, Leader's Repetition for Musaf 232",2136
"The Koren Rosh HaShana Mahzor; Ashkenaz, First Day, Leader's Repetition for Musaf 233",2137
"The Koren Rosh HaShana Mahzor; Ashkenaz, First Day, Leader's Repetition for Musaf 234",2138
"The Koren Rosh HaShana Mahzor; Ashkenaz, First Day, Leader's Repetition for Musaf 235",2139
"The Koren Rosh HaShana Mahzor; Ashkenaz, First Day, Leader's Repetition for Musaf 236",2140
"The Koren Rosh HaShana Mahzor; Ashkenaz, First Day, Leader's Repetition for Musaf 237",2141
"The Koren Rosh HaShana Mahzor; Ashkenaz, First Day, Leader's Repetition for Musaf 238",2142
"The Koren Rosh HaShana Mahzor; Ashkenaz, First Day, Leader's Repetition for Musaf 239",2143
"The Koren Rosh HaShana Mahzor; Ashkenaz, First Day, Leader's Repetition for Musaf 240",2144
"The Koren Rosh HaShana Mahzor; Ashkenaz, First Day, Leader's Repetition for Musaf 241",2145
"The Koren Rosh HaShana Mahzor; Ashkenaz, First Day, Leader's Repetition for Musaf 242",2146
"The Koren Rosh HaShana Mahzor; Ashkenaz, First Day, Leader's Repetition for Musaf 243",2147
"The Koren Rosh HaShana Mahzor; Ashkenaz, First Day, Leader's Repetition for Musaf 244",2148
"The Koren Rosh HaShana Mahzor; Ashkenaz, First Day, Leader's Repetition for Musaf 245",2149
"The Koren Rosh HaShana Mahzor; Ashkenaz, First Day, Leader's Repetition for Musaf 246",2150
"The Koren Rosh HaShana Mahzor; Ashkenaz, First Day, Leader's Repetition for Musaf 247",2151
"The Koren Rosh HaShana Mahzor; Ashkenaz, First Day, Leader's Repetition for Musaf 248",2152
"The Koren Rosh HaShana Mahzor; Ashkenaz, First Day, Leader's Repetition for Musaf 249",2153
"The Koren Rosh HaShana Mahzor; Ashkenaz, First Day, Leader's Repetition for Musaf 250",2154
"The Koren Rosh HaShana Mahzor; Ashkenaz, First Day, Leader's Repetition for Musaf 251",2155
"The Koren Rosh HaShana Mahzor; Ashkenaz, First Day, Leader's Repetition for Musaf 252",2156
"The Koren Rosh HaShana Mahzor; Ashkenaz, First Day, Leader's Repetition for Musaf 253",2157
"The Koren Rosh HaShana Mahzor; Ashkenaz, First Day, Leader's Repetition for Musaf 254",2158
"The Koren Rosh HaShana Mahzor; Ashkenaz, First Day, Leader's Repetition for Musaf 255",2159
"The Koren Rosh HaShana Mahzor; Ashkenaz, First Day, Leader's Repetition for Musaf 256",2160
"The Koren Rosh HaShana Mahzor; Ashkenaz, First Day, Leader's Repetition for Musaf 257",2161
"The Koren Rosh HaShana Mahzor; Ashkenaz, First Day, Leader's Repetition for Musaf 258",2162
"The Koren Rosh HaShana Mahzor; Ashkenaz, First Day, Leader's Repetition for Musaf 259",2163
"The Koren Rosh HaShana Mahzor; Ashkenaz, First Day, Leader's Repetition for Musaf 260",2164
"The Koren Rosh HaShana Mahzor; Ashkenaz, First Day, Leader's Repetition for Musaf 261",2165
"The Koren Rosh HaShana Mahzor; Ashkenaz, First Day, Leader's Repetition for Musaf 262",2166
"The Koren Rosh HaShana Mahzor; Ashkenaz, First Day, Leader's Repetition for Musaf 263",2167
"The Koren Rosh HaShana Mahzor; Ashkenaz, First Day, Leader's Repetition for Musaf 264",2168
"The Koren Rosh HaShana Mahzor; Ashkenaz, First Day, Leader's Repetition for Musaf 265",2169
"The Koren Rosh HaShana Mahzor; Ashkenaz, First Day, Leader's Repetition for Musaf 266",2170
"The Koren Rosh HaShana Mahzor; Ashkenaz, First Day, Leader's Repetition for Musaf 267",2171
"The Koren Rosh HaShana Mahzor; Ashkenaz, First Day, Leader's Repetition for Musaf 268",2172
"The Koren Rosh HaShana Mahzor; Ashkenaz, First Day, Leader's Repetition for Musaf 269",2173
"The Koren Rosh HaShana Mahzor; Ashkenaz, First Day, Leader's Repetition for Musaf 270",2174
"The Koren Rosh HaShana Mahzor; Ashkenaz, First Day, Leader's Repetition for Musaf 271",2175
"The Koren Rosh HaShana Mahzor; Ashkenaz, First Day, Leader's Repetition for Musaf 272",2176
"The Koren Rosh HaShana Mahzor; Ashkenaz, First Day, Leader's Repetition for Musaf 273",2177
"The Koren Rosh HaShana Mahzor; Ashkenaz, First Day, Leader's Repetition for Musaf 274",2178
"The Koren Rosh HaShana Mahzor; Ashkenaz, First Day, Leader's Repetition for Musaf 275",2179
"The Koren Rosh HaShana Mahzor; Ashkenaz, First Day, Leader's Repetition for Musaf 276",2180
"The Koren Rosh HaShana Mahzor; Ashkenaz, First Day, Leader's Repetition for Musaf 277",2181
"The Koren Rosh HaShana Mahzor; Ashkenaz, First Day, Leader's Repetition for Musaf 278",2182
"The Koren Rosh HaShana Mahzor; Ashkenaz, First Day, Leader's Repetition for Musaf 279",2183
"The Koren Rosh HaShana Mahzor; Ashkenaz, First Day, Leader's Repetition for Musaf 280",2184
"The Koren Rosh HaShana Mahzor; Ashkenaz, First Day, Leader's Repetition for Musaf 281",2185
"The Koren Rosh HaShana Mahzor; Ashkenaz, First Day, Leader's Repetition for Musaf 282",2186
"The Koren Rosh HaShana Mahzor; Ashkenaz, First Day, Leader's Repetition for Musaf 283",2187
"The Koren Rosh HaShana Mahzor; Ashkenaz, First Day, Leader's Repetition for Musaf 284",2188
"The Koren Rosh HaShana Mahzor; Ashkenaz, First Day, Leader's Repetition for Musaf 285",2189
"The Koren Rosh HaShana Mahzor; Ashkenaz, First Day, Leader's Repetition for Musaf 286",2190
"The Koren Rosh HaShana Mahzor; Ashkenaz, First Day, Leader's Repetition for Musaf 287",2191
"The Koren Rosh HaShana Mahzor; Ashkenaz, First Day, Leader's Repetition for Musaf 288",2192
"The Koren Rosh HaShana Mahzor; Ashkenaz, First Day, Leader's Repetition for Musaf 289",2193
"The Koren Rosh HaShana Mahzor; Ashkenaz, First Day, Leader's Repetition for Musaf 290",2194
"The Koren Rosh HaShana Mahzor; Ashkenaz, First Day, Leader's Repetition for Musaf 291",2195
"The Koren Rosh HaShana Mahzor; Ashkenaz, First Day, Leader's Repetition for Musaf 292",2196
"The Koren Rosh HaShana Mahzor; Ashkenaz, First Day, Leader's Repetition for Musaf 293",2197
"The Koren Rosh HaShana Mahzor; Ashkenaz, First Day, Leader's Repetition for Musaf 294",2198
"The Koren Rosh HaShana Mahzor; Ashkenaz, First Day, Leader's Repetition for Musaf 295",2199
"The Koren Rosh HaShana Mahzor; Ashkenaz, First Day, Leader's Repetition for Musaf 296",2200
"The Koren Rosh HaShana Mahzor; Ashkenaz, First Day, Leader's Repetition for Musaf 297",2201
"The Koren Rosh HaShana Mahzor; Ashkenaz, First Day, Leader's Repetition for Musaf 298",2202
"The Koren Rosh HaShana Mahzor; Ashkenaz, First Day, Leader's Repetition for Musaf 299",2203
"The Koren Rosh HaShana Mahzor; Ashkenaz, First Day, Leader's Repetition for Musaf 300",2204
"The Koren Rosh HaShana Mahzor; Ashkenaz, First Day, Leader's Repetition for Musaf 301",2205
"The Koren Rosh HaShana Mahzor; Ashkenaz, First Day, Leader's Repetition for Musaf 302",2206
"The Koren Rosh HaShana Mahzor; Ashkenaz, First Day, Leader's Repetition for Musaf 303",2207
"The Koren Rosh HaShana Mahzor; Ashkenaz, First Day, Leader's Repetition for Musaf 304",2208
"The Koren Rosh HaShana Mahzor; Ashkenaz, First Day, Leader's Repetition for Musaf 305",2209
"The Koren Rosh HaShana Mahzor; Ashkenaz, First Day, Leader's Repetition for Musaf 306",2210
"The Koren Rosh HaShana Mahzor; Ashkenaz, First Day, Leader's Repetition for Musaf 307",2211
"The Koren Rosh HaShana Mahzor; Ashkenaz, First Day, Leader's Repetition for Musaf 308",2212
"The Koren Rosh HaShana Mahzor; Ashkenaz, First Day, Leader's Repetition for Musaf 309",2213
"The Koren Rosh HaShana Mahzor; Ashkenaz, First Day, Leader's Repetition for Musaf 310",2214
"The Koren Rosh HaShana Mahzor; Ashkenaz, First Day, Leader's Repetition for Musaf 311",2215
"The Koren Rosh HaShana Mahzor; Ashkenaz, First Day, Leader's Repetition for Musaf 312",2216
"The Koren Rosh HaShana Mahzor; Ashkenaz, First Day, Leader's Repetition for Musaf 313",2217
"The Koren Rosh HaShana Mahzor; Ashkenaz, First Day, Leader's Repetition for Musaf 314",2218
"The Koren Rosh HaShana Mahzor; Ashkenaz, First Day, Leader's Repetition for Musaf 315",2219
"The Koren Rosh HaShana Mahzor; Ashkenaz, First Day, Leader's Repetition for Musaf 316",2220
"The Koren Rosh HaShana Mahzor; Ashkenaz, First Day, Leader's Repetition for Musaf 317",2221
"The Koren Rosh HaShana Mahzor; Ashkenaz, First Day, Leader's Repetition for Musaf 318",2222
"The Koren Rosh HaShana Mahzor; Ashkenaz, First Day, Leader's Repetition for Musaf 319",2223
"The Koren Rosh HaShana Mahzor; Ashkenaz, First Day, Leader's Repetition for Musaf 320",2224
"The Koren Rosh HaShana Mahzor; Ashkenaz, First Day, Leader's Repetition for Musaf 321",2225
"The Koren Rosh HaShana Mahzor; Ashkenaz, First Day, Leader's Repetition for Musaf 322",2226
"The Koren Rosh HaShana Mahzor; Ashkenaz, First Day, Leader's Repetition for Musaf 323",2227
"The Koren Rosh HaShana Mahzor; Ashkenaz, First Day, Leader's Repetition for Musaf 324",2228
"The Koren Rosh HaShana Mahzor; Ashkenaz, First Day, Leader's Repetition for Musaf 325",2229
"The Koren Rosh HaShana Mahzor; Ashkenaz, First Day, Leader's Repetition for Musaf 326",2230
"The Koren Rosh HaShana Mahzor; Ashkenaz, First Day, Leader's Repetition for Musaf 327",2231
"The Koren Rosh HaShana Mahzor; Ashkenaz, First Day, Leader's Repetition for Musaf 328",2232
"The Koren Rosh HaShana Mahzor; Ashkenaz, First Day, Leader's Repetition for Musaf 329",2233
"The Koren Rosh HaShana Mahzor; Ashkenaz, First Day, Leader's Repetition for Musaf 330",2234
"The Koren Rosh HaShana Mahzor; Ashkenaz, First Day, Leader's Repetition for Musaf 331",2235
"The Koren Rosh HaShana Mahzor; Ashkenaz, First Day, Leader's Repetition for Musaf 332",2236
"The Koren Rosh HaShana Mahzor; Ashkenaz, First Day, Leader's Repetition for Musaf 333",2237
"The Koren Rosh HaShana Mahzor; Ashkenaz, First Day, Leader's Repetition for Musaf 334",2238
"The Koren Rosh HaShana Mahzor; Ashkenaz, First Day, Leader's Repetition for Musaf 335",2239
"The Koren Rosh HaShana Mahzor; Ashkenaz, First Day, Leader's Repetition for Musaf 336",2240
"The Koren Rosh HaShana Mahzor; Ashkenaz, First Day, Leader's Repetition for Musaf 337",2241
"The Koren Rosh HaShana Mahzor; Ashkenaz, First Day, Leader's Repetition for Musaf 338",2242
"The Koren Rosh HaShana Mahzor; Ashkenaz, First Day, Leader's Repetition for Musaf 339",2243
"The Koren Rosh HaShana Mahzor; Ashkenaz, First Day, Leader's Repetition for Musaf 340",2244
"The Koren Rosh HaShana Mahzor; Ashkenaz, First Day, Leader's Repetition for Musaf 341",2245
"The Koren Rosh HaShana Mahzor; Ashkenaz, First Day, Leader's Repetition for Musaf 342",2246
"The Koren Rosh HaShana Mahzor; Ashkenaz, First Day, Leader's Repetition for Musaf 343",2247
"The Koren Rosh HaShana Mahzor; Ashkenaz, First Day, Leader's Repetition for Musaf 344",2248
"The Koren Rosh HaShana Mahzor; Ashkenaz, First Day, Leader's Repetition for Musaf 345",2249
"The Koren Rosh HaShana Mahzor; Ashkenaz, First Day, Leader's Repetition for Musaf 346",2250
"The Koren Rosh HaShana Mahzor; Ashkenaz, First Day, Leader's Repetition for Musaf 347",2251
"The Koren Rosh HaShana Mahzor; Ashkenaz, First Day, Leader's Repetition for Musaf 348",2252
"The Koren Rosh HaShana Mahzor; Ashkenaz, First Day, Leader's Repetition for Musaf 349",2253
"The Koren Rosh HaShana Mahzor; Ashkenaz, First Day, Leader's Repetition for Musaf 350",2254
"The Koren Rosh HaShana Mahzor; Ashkenaz, First Day, Leader's Repetition for Musaf 351",2255
"The Koren Rosh HaShana Mahzor; Ashkenaz, First Day, Leader's Repetition for Musaf 352",2256
"The Koren Rosh HaShana Mahzor; Ashkenaz, First Day, Leader's Repetition for Musaf 353",2257
"The Koren Rosh HaShana Mahzor; Ashkenaz, First Day, Leader's Repetition for Musaf 354",2258
"The Koren Rosh HaShana Mahzor; Ashkenaz, First Day, Leader's Repetition for Musaf 355",2259
"The Koren Rosh HaShana Mahzor; Ashkenaz, First Day, Leader's Repetition for Musaf 356",2260
"The Koren Rosh HaShana Mahzor; Ashkenaz, First Day, Leader's Repetition for Musaf 357",2261
"The Koren Rosh HaShana Mahzor; Ashkenaz, First Day, Leader's Repetition for Musaf 358",2262
"The Koren Rosh HaShana Mahzor; Ashkenaz, First Day, Leader's Repetition for Musaf 359",2263
"The Koren Rosh HaShana Mahzor; Ashkenaz, First Day, Leader's Repetition for Musaf 360",2264
"The Koren Rosh HaShana Mahzor; Ashkenaz, First Day, Leader's Repetition for Musaf 361",2265
"The Koren Rosh HaShana Mahzor; Ashkenaz, First Day, Leader's Repetition for Musaf 362",2266
"The Koren Rosh HaShana Mahzor; Ashkenaz, First Day, Leader's Repetition for Musaf 363",2267
"The Koren Rosh HaShana Mahzor; Ashkenaz, First Day, Leader's Repetition for Musaf 364",2268
"The Koren Rosh HaShana Mahzor; Ashkenaz, First Day, Leader's Repetition for Musaf 365",2269
"The Koren Rosh HaShana Mahzor; Ashkenaz, First Day, Leader's Repetition for Musaf 366",2270
"The Koren Rosh HaShana Mahzor; Ashkenaz, First Day, Leader's Repetition for Musaf 367",2271
"The Koren Rosh HaShana Mahzor; Ashkenaz, First Day, Leader's Repetition for Musaf 368",2272
"The Koren Rosh HaShana Mahzor; Ashkenaz, First Day, Leader's Repetition for Musaf 369",2273
"The Koren Rosh HaShana Mahzor; Ashkenaz, First Day, Leader's Repetition for Musaf 370",2274
"The Koren Rosh HaShana Mahzor; Ashkenaz, First Day, Leader's Repetition for Musaf 371",2275
"The Koren Rosh HaShana Mahzor; Ashkenaz, First Day, Leader's Repetition for Musaf 372",2276
"The Koren Rosh HaShana Mahzor; Ashkenaz, First Day, Leader's Repetition for Musaf 373",2277
"The Koren Rosh HaShana Mahzor; Ashkenaz, First Day, Leader's Repetition for Musaf 374",2278
"The Koren Rosh HaShana Mahzor; Ashkenaz, First Day, Leader's Repetition for Musaf 375",2279
"The Koren Rosh HaShana Mahzor; Ashkenaz, First Day, Leader's Repetition for Musaf 376",2280
"The Koren Rosh HaShana Mahzor; Ashkenaz, First Day, Leader's Repetition for Musaf 377",2281
"The Koren Rosh HaShana Mahzor; Ashkenaz, First Day, Leader's Repetition for Musaf 378",2282
"The Koren Rosh HaShana Mahzor; Ashkenaz, First Day, Leader's Repetition for Musaf 379",2283
"The Koren Rosh HaShana Mahzor; Ashkenaz, First Day, Leader's Repetition for Musaf 380",2284
"The Koren Rosh HaShana Mahzor; Ashkenaz, First Day, Leader's Repetition for Musaf 381",2285
"The Koren Rosh HaShana Mahzor; Ashkenaz, First Day, Leader's Repetition for Musaf 382",2286
"The Koren Rosh HaShana Mahzor; Ashkenaz, First Day, Leader's Repetition for Musaf 383",2287
"The Koren Rosh HaShana Mahzor; Ashkenaz, First Day, Leader's Repetition for Musaf 384",2288
"The Koren Rosh HaShana Mahzor; Ashkenaz, First Day, Leader's Repetition for Musaf 385",2289
"The Koren Rosh HaShana Mahzor; Ashkenaz, First Day, Leader's Repetition for Musaf 386",2290
"The Koren Rosh HaShana Mahzor; Ashkenaz, First Day, Leader's Repetition for Musaf 387",2291
"The Koren Rosh HaShana Mahzor; Ashkenaz, First Day, Leader's Repetition for Musaf 388",2292
"The Koren Rosh HaShana Mahzor; Ashkenaz, First Day, Leader's Repetition for Musaf 389",2293
"The Koren Rosh HaShana Mahzor; Ashkenaz, First Day, Leader's Repetition for Musaf 390",2294
"The Koren Rosh HaShana Mahzor; Ashkenaz, First Day, Leader's Repetition for Musaf 391",2295
"The Koren Rosh HaShana Mahzor; Ashkenaz, First Day, Leader's Repetition for Musaf 392",2296
"The Koren Rosh HaShana Mahzor; Ashkenaz, First Day, Leader's Repetition for Musaf 393",2297
"The Koren Rosh HaShana Mahzor; Ashkenaz, First Day, Leader's Repetition for Musaf 394",2298
"The Koren Rosh HaShana Mahzor; Ashkenaz, First Day, Leader's Repetition for Musaf 395",2299
"The Koren Rosh HaShana Mahzor; Ashkenaz, First Day, Leader's Repetition for Musaf 396",2300
"The Koren Rosh HaShana Mahzor; Ashkenaz, First Day, Leader's Repetition for Musaf 397",2301
"The Koren Rosh HaShana Mahzor; Ashkenaz, First Day, Leader's Repetition for Musaf 398",2302
"The Koren Rosh HaShana Mahzor; Ashkenaz, First Day, Leader's Repetition for Musaf 399",2303
"The Koren Rosh HaShana Mahzor; Ashkenaz, First Day, Leader's Repetition for Musaf 400",2304
"The Koren Rosh HaShana Mahzor; Ashkenaz, First Day, Leader's Repetition for Musaf 401",2305
"The Koren Rosh HaShana Mahzor; Ashkenaz, First Day, Leader's Repetition for Musaf 402",2306
"The Koren Rosh HaShana Mahzor; Ashkenaz, First Day, Kiddush and Al HaMihya 1",2308
"The Koren Rosh HaShana Mahzor; Ashkenaz, First Day, Kiddush and Al HaMihya 2",2309
"The Koren Rosh HaShana Mahzor; Ashkenaz, First Day, Kiddush and Al HaMihya 3",2310
"The Koren Rosh HaShana Mahzor; Ashkenaz, First Day, Kiddush and Al HaMihya 4",2311
"The Koren Rosh HaShana Mahzor; Ashkenaz, First Day, Kiddush and Al HaMihya 5",2312
"The Koren Rosh HaShana Mahzor; Ashkenaz, First Day, Kiddush and Al HaMihya 6",2313
"The Koren Rosh HaShana Mahzor; Ashkenaz, First Day, Kiddush and Al HaMihya 7",2314
"The Koren Rosh HaShana Mahzor; Ashkenaz, First Day, Kiddush and Al HaMihya 8",2315
"The Koren Rosh HaShana Mahzor; Ashkenaz, First Day, Kiddush and Al HaMihya 9",2316
"The Koren Rosh HaShana Mahzor; Ashkenaz, First Day, Kiddush and Al HaMihya 10",2317
"The Koren Rosh HaShana Mahzor; Ashkenaz, First Day, Kiddush and Al HaMihya 11",2318
"The Koren Rosh HaShana Mahzor; Ashkenaz, First Day, Kiddush and Al HaMihya 12",2319
"The Koren Rosh HaShana Mahzor; Ashkenaz, First Day, Kiddush and Al HaMihya 13",2320
"The Koren Rosh HaShana Mahzor; Ashkenaz, First Day, Kiddush and Al HaMihya 14",2321
"The Koren Rosh HaShana Mahzor; Ashkenaz, First Day, Kiddush and Al HaMihya 15",2322
"The Koren Rosh HaShana Mahzor; Ashkenaz, First Day, Kiddush and Al HaMihya 16",2323
"The Koren Rosh HaShana Mahzor; Ashkenaz, First Day, Kiddush and Al HaMihya 17",2324
"The Koren Rosh HaShana Mahzor; Ashkenaz, First Day, Kiddush and Al HaMihya 18",2325
"The Koren Rosh HaShana Mahzor; Ashkenaz, First Day, Kiddush and Al HaMihya 19",2326
"The Koren Rosh HaShana Mahzor; Ashkenaz, First Day, Kiddush and Al HaMihya 20",2327
"The Koren Rosh HaShana Mahzor; Ashkenaz, First Day, Kiddush and Al HaMihya 21",2328
"The Koren Rosh HaShana Mahzor; Ashkenaz, First Day, Kiddush and Al HaMihya 22",2329
"The Koren Rosh HaShana Mahzor; Ashkenaz, First Day, Kiddush and Al HaMihya 23",2330
"The Koren Rosh HaShana Mahzor; Ashkenaz, First Day, Kiddush and Al HaMihya 24",2331
"The Koren Rosh HaShana Mahzor; Ashkenaz, First Day, Kiddush and Al HaMihya 25",2332
"The Koren Rosh HaShana Mahzor; Ashkenaz, First Day, Kiddush and Al HaMihya 26",2333
"The Koren Rosh HaShana Mahzor; Ashkenaz, First Day, Kiddush and Al HaMihya 27",2334
"The Koren Rosh HaShana Mahzor; Ashkenaz, First Day, Kiddush and Al HaMihya 28",2335
"The Koren Rosh HaShana Mahzor; Ashkenaz, First Day, Kiddush and Al HaMihya 29",2336
"The Koren Rosh HaShana Mahzor; Ashkenaz, First Day, Kiddush and Al HaMihya 30",2337
"The Koren Rosh HaShana Mahzor; Ashkenaz, First Day, Kiddush and Al HaMihya 31",2338
"The Koren Rosh HaShana Mahzor; Ashkenaz, First Day, Kiddush and Al HaMihya 32",2339
"The Koren Rosh HaShana Mahzor; Ashkenaz, First Day, Kiddush and Al HaMihya 33",2340
"The Koren Rosh HaShana Mahzor; Ashkenaz, First Day, Kiddush and Al HaMihya 34",2341
"The Koren Rosh HaShana Mahzor; Ashkenaz, First Day, Kiddush and Al HaMihya 35",2342
"The Koren Rosh HaShana Mahzor; Ashkenaz, First Day, Kiddush and Al HaMihya 36",2343
"The Koren Rosh HaShana Mahzor; Ashkenaz, First Day, Kiddush and Al HaMihya 37",2344
"The Koren Rosh HaShana Mahzor; Ashkenaz, Second Day, Leader's Repetition for Shaharit 1",2347
"The Koren Rosh HaShana Mahzor; Ashkenaz, Second Day, Leader's Repetition for Shaharit 2",2348
"The Koren Rosh HaShana Mahzor; Ashkenaz, Second Day, Leader's Repetition for Shaharit 3",2349
"The Koren Rosh HaShana Mahzor; Ashkenaz, Second Day, Leader's Repetition for Shaharit 4",2350
"The Koren Rosh HaShana Mahzor; Ashkenaz, Second Day, Leader's Repetition for Shaharit 5",2351
"The Koren Rosh HaShana Mahzor; Ashkenaz, Second Day, Leader's Repetition for Shaharit 6",2352
"The Koren Rosh HaShana Mahzor; Ashkenaz, Second Day, Leader's Repetition for Shaharit 7",2353
"The Koren Rosh HaShana Mahzor; Ashkenaz, Second Day, Leader's Repetition for Shaharit 8",2354
"The Koren Rosh HaShana Mahzor; Ashkenaz, Second Day, Leader's Repetition for Shaharit 9",2355
"The Koren Rosh HaShana Mahzor; Ashkenaz, Second Day, Leader's Repetition for Shaharit 10",2356
"The Koren Rosh HaShana Mahzor; Ashkenaz, Second Day, Leader's Repetition for Shaharit 11",2357
"The Koren Rosh HaShana Mahzor; Ashkenaz, Second Day, Leader's Repetition for Shaharit 12",2358
"The Koren Rosh HaShana Mahzor; Ashkenaz, Second Day, Leader's Repetition for Shaharit 13",2359
"The Koren Rosh HaShana Mahzor; Ashkenaz, Second Day, Leader's Repetition for Shaharit 14",2360
"The Koren Rosh HaShana Mahzor; Ashkenaz, Second Day, Leader's Repetition for Shaharit 15",2361
"The Koren Rosh HaShana Mahzor; Ashkenaz, Second Day, Leader's Repetition for Shaharit 16",2362
"The Koren Rosh HaShana Mahzor; Ashkenaz, Second Day, Leader's Repetition for Shaharit 17",2363
"The Koren Rosh HaShana Mahzor; Ashkenaz, Second Day, Leader's Repetition for Shaharit 18",2364
"The Koren Rosh HaShana Mahzor; Ashkenaz, Second Day, Leader's Repetition for Shaharit 19",2365
"The Koren Rosh HaShana Mahzor; Ashkenaz, Second Day, Leader's Repetition for Shaharit 20",2366
"The Koren Rosh HaShana Mahzor; Ashkenaz, Second Day, Leader's Repetition for Shaharit 21",2367
"The Koren Rosh HaShana Mahzor; Ashkenaz, Second Day, Leader's Repetition for Shaharit 22",2368
"The Koren Rosh HaShana Mahzor; Ashkenaz, Second Day, Leader's Repetition for Shaharit 23",2369
"The Koren Rosh HaShana Mahzor; Ashkenaz, Second Day, Leader's Repetition for Shaharit 24",2370
"The Koren Rosh HaShana Mahzor; Ashkenaz, Second Day, Leader's Repetition for Shaharit 25",2371
"The Koren Rosh HaShana Mahzor; Ashkenaz, Second Day, Leader's Repetition for Shaharit 26",2372
"The Koren Rosh HaShana Mahzor; Ashkenaz, Second Day, Leader's Repetition for Shaharit 27",2373
"The Koren Rosh HaShana Mahzor; Ashkenaz, Second Day, Leader's Repetition for Shaharit 28",2374
"The Koren Rosh HaShana Mahzor; Ashkenaz, Second Day, Leader's Repetition for Shaharit 29",2375
"The Koren Rosh HaShana Mahzor; Ashkenaz, Second Day, Leader's Repetition for Shaharit 30",2376
"The Koren Rosh HaShana Mahzor; Ashkenaz, Second Day, Leader's Repetition for Shaharit 31",2377
"The Koren Rosh HaShana Mahzor; Ashkenaz, Second Day, Leader's Repetition for Shaharit 32",2378
"The Koren Rosh HaShana Mahzor; Ashkenaz, Second Day, Leader's Repetition for Shaharit 33",2379
"The Koren Rosh HaShana Mahzor; Ashkenaz, Second Day, Leader's Repetition for Shaharit 34",2380
"The Koren Rosh HaShana Mahzor; Ashkenaz, Second Day, Leader's Repetition for Shaharit 35",2381
"The Koren Rosh HaShana Mahzor; Ashkenaz, Second Day, Leader's Repetition for Shaharit 36",2382
"The Koren Rosh HaShana Mahzor; Ashkenaz, Second Day, Leader's Repetition for Shaharit 37",2383
"The Koren Rosh HaShana Mahzor; Ashkenaz, Second Day, Leader's Repetition for Shaharit 38",2384
"The Koren Rosh HaShana Mahzor; Ashkenaz, Second Day, Leader's Repetition for Shaharit 39",2385
"The Koren Rosh HaShana Mahzor; Ashkenaz, Second Day, Leader's Repetition for Shaharit 40",2386
"The Koren Rosh HaShana Mahzor; Ashkenaz, Second Day, Leader's Repetition for Shaharit 41",2387
"The Koren Rosh HaShana Mahzor; Ashkenaz, Second Day, Leader's Repetition for Shaharit 42",2388
"The Koren Rosh HaShana Mahzor; Ashkenaz, Second Day, Leader's Repetition for Shaharit 43",2389
"The Koren Rosh HaShana Mahzor; Ashkenaz, Second Day, Leader's Repetition for Shaharit 44",2390
"The Koren Rosh HaShana Mahzor; Ashkenaz, Second Day, Leader's Repetition for Shaharit 45",2391
"The Koren Rosh HaShana Mahzor; Ashkenaz, Second Day, Leader's Repetition for Shaharit 46",2392
"The Koren Rosh HaShana Mahzor; Ashkenaz, Second Day, Leader's Repetition for Shaharit 47",2393
"The Koren Rosh HaShana Mahzor; Ashkenaz, Second Day, Leader's Repetition for Shaharit 48",2394
"The Koren Rosh HaShana Mahzor; Ashkenaz, Second Day, Leader's Repetition for Shaharit 49",2395
"The Koren Rosh HaShana Mahzor; Ashkenaz, Second Day, Leader's Repetition for Shaharit 50",2396
"The Koren Rosh HaShana Mahzor; Ashkenaz, Second Day, Leader's Repetition for Shaharit 51",2397
"The Koren Rosh HaShana Mahzor; Ashkenaz, Second Day, Leader's Repetition for Shaharit 52",2398
"The Koren Rosh HaShana Mahzor; Ashkenaz, Second Day, Leader's Repetition for Shaharit 53",2399
"The Koren Rosh HaShana Mahzor; Ashkenaz, Second Day, Leader's Repetition for Shaharit 54",2400
"The Koren Rosh HaShana Mahzor; Ashkenaz, Second Day, Leader's Repetition for Shaharit 55",2401
"The Koren Rosh HaShana Mahzor; Ashkenaz, Second Day, Leader's Repetition for Shaharit 56",2402
"The Koren Rosh HaShana Mahzor; Ashkenaz, Second Day, Leader's Repetition for Shaharit 57",2403
"The Koren Rosh HaShana Mahzor; Ashkenaz, Second Day, Leader's Repetition for Shaharit 58",2404
"The Koren Rosh HaShana Mahzor; Ashkenaz, Second Day, Leader's Repetition for Shaharit 59",2405
"The Koren Rosh HaShana Mahzor; Ashkenaz, Second Day, Leader's Repetition for Shaharit 60",2406
"The Koren Rosh HaShana Mahzor; Ashkenaz, Second Day, Leader's Repetition for Shaharit 61",2407
"The Koren Rosh HaShana Mahzor; Ashkenaz, Second Day, Leader's Repetition for Shaharit 62",2408
"The Koren Rosh HaShana Mahzor; Ashkenaz, Second Day, Leader's Repetition for Shaharit 63",2409
"The Koren Rosh HaShana Mahzor; Ashkenaz, Second Day, Leader's Repetition for Shaharit 64",2410
"The Koren Rosh HaShana Mahzor; Ashkenaz, Second Day, Leader's Repetition for Shaharit 65",2411
"The Koren Rosh HaShana Mahzor; Ashkenaz, Second Day, Leader's Repetition for Shaharit 66",2412
"The Koren Rosh HaShana Mahzor; Ashkenaz, Second Day, Leader's Repetition for Shaharit 67",2413
"The Koren Rosh HaShana Mahzor; Ashkenaz, Second Day, Leader's Repetition for Shaharit 68",2414
"The Koren Rosh HaShana Mahzor; Ashkenaz, Second Day, Leader's Repetition for Shaharit 69",2415
"The Koren Rosh HaShana Mahzor; Ashkenaz, Second Day, Leader's Repetition for Shaharit 70",2416
"The Koren Rosh HaShana Mahzor; Ashkenaz, Second Day, Leader's Repetition for Shaharit 71",2417
"The Koren Rosh HaShana Mahzor; Ashkenaz, Second Day, Leader's Repetition for Shaharit 72",2418
"The Koren Rosh HaShana Mahzor; Ashkenaz, Second Day, Leader's Repetition for Shaharit 73",2419
"The Koren Rosh HaShana Mahzor; Ashkenaz, Second Day, Leader's Repetition for Shaharit 74",2420
"The Koren Rosh HaShana Mahzor; Ashkenaz, Second Day, Leader's Repetition for Shaharit 75",2421
"The Koren Rosh HaShana Mahzor; Ashkenaz, Second Day, Leader's Repetition for Shaharit 76",2422
"The Koren Rosh HaShana Mahzor; Ashkenaz, Second Day, Leader's Repetition for Shaharit 77",2423
"The Koren Rosh HaShana Mahzor; Ashkenaz, Second Day, Leader's Repetition for Shaharit 78",2424
"The Koren Rosh HaShana Mahzor; Ashkenaz, Second Day, Leader's Repetition for Shaharit 79",2425
"The Koren Rosh HaShana Mahzor; Ashkenaz, Second Day, Leader's Repetition for Shaharit 80",2426
"The Koren Rosh HaShana Mahzor; Ashkenaz, Second Day, Leader's Repetition for Shaharit 81",2427
"The Koren Rosh HaShana Mahzor; Ashkenaz, Second Day, Leader's Repetition for Shaharit 82",2428
"The Koren Rosh HaShana Mahzor; Ashkenaz, Second Day, Leader's Repetition for Shaharit 83",2429
"The Koren Rosh HaShana Mahzor; Ashkenaz, Second Day, Leader's Repetition for Shaharit 84",2430
"The Koren Rosh HaShana Mahzor; Ashkenaz, Second Day, Leader's Repetition for Shaharit 85",2431
"The Koren Rosh HaShana Mahzor; Ashkenaz, Second Day, Leader's Repetition for Shaharit 86",2432
"The Koren Rosh HaShana Mahzor; Ashkenaz, Second Day, Leader's Repetition for Shaharit 87",2433
"The Koren Rosh HaShana Mahzor; Ashkenaz, Second Day, Leader's Repetition for Shaharit 88",2434
"The Koren Rosh HaShana Mahzor; Ashkenaz, Second Day, Leader's Repetition for Shaharit 89",2435
"The Koren Rosh HaShana Mahzor; Ashkenaz, Second Day, Leader's Repetition for Shaharit 90",2436
"The Koren Rosh HaShana Mahzor; Ashkenaz, Second Day, Leader's Repetition for Shaharit 91",2437
"The Koren Rosh HaShana Mahzor; Ashkenaz, Second Day, Leader's Repetition for Shaharit 92",2438
"The Koren Rosh HaShana Mahzor; Ashkenaz, Second Day, Leader's Repetition for Shaharit 93",2439
"The Koren Rosh HaShana Mahzor; Ashkenaz, Second Day, Leader's Repetition for Shaharit 94",2440
"The Koren Rosh HaShana Mahzor; Ashkenaz, Second Day, Leader's Repetition for Shaharit 95",2441
"The Koren Rosh HaShana Mahzor; Ashkenaz, Second Day, Leader's Repetition for Shaharit 96",2442
"The Koren Rosh HaShana Mahzor; Ashkenaz, Second Day, Leader's Repetition for Shaharit 97",2443
"The Koren Rosh HaShana Mahzor; Ashkenaz, Second Day, Leader's Repetition for Shaharit 98",2444
"The Koren Rosh HaShana Mahzor; Ashkenaz, Second Day, Leader's Repetition for Shaharit 99",2445
"The Koren Rosh HaShana Mahzor; Ashkenaz, Second Day, Leader's Repetition for Shaharit 100",2446
"The Koren Rosh HaShana Mahzor; Ashkenaz, Second Day, Leader's Repetition for Shaharit 101",2447
"The Koren Rosh HaShana Mahzor; Ashkenaz, Second Day, Leader's Repetition for Shaharit 102",2448
"The Koren Rosh HaShana Mahzor; Ashkenaz, Second Day, Leader's Repetition for Shaharit 103",2449
"The Koren Rosh HaShana Mahzor; Ashkenaz, Second Day, Leader's Repetition for Shaharit 104",2450
"The Koren Rosh HaShana Mahzor; Ashkenaz, Second Day, Leader's Repetition for Shaharit 105",2451
"The Koren Rosh HaShana Mahzor; Ashkenaz, Second Day, Leader's Repetition for Shaharit 106",2452
"The Koren Rosh HaShana Mahzor; Ashkenaz, Second Day, Leader's Repetition for Shaharit 107",2453
"The Koren Rosh HaShana Mahzor; Ashkenaz, Second Day, Leader's Repetition for Shaharit 108",2454
"The Koren Rosh HaShana Mahzor; Ashkenaz, Second Day, Leader's Repetition for Shaharit 109",2455
"The Koren Rosh HaShana Mahzor; Ashkenaz, Second Day, Leader's Repetition for Shaharit 110",2456
"The Koren Rosh HaShana Mahzor; Ashkenaz, Second Day, Leader's Repetition for Shaharit 111",2457
"The Koren Rosh HaShana Mahzor; Ashkenaz, Second Day, Leader's Repetition for Shaharit 112",2458
"The Koren Rosh HaShana Mahzor; Ashkenaz, Second Day, Leader's Repetition for Shaharit 113",2459
"The Koren Rosh HaShana Mahzor; Ashkenaz, Second Day, Leader's Repetition for Shaharit 114",2460
"The Koren Rosh HaShana Mahzor; Ashkenaz, Second Day, Leader's Repetition for Shaharit 115",2461
"The Koren Rosh HaShana Mahzor; Ashkenaz, Second Day, Leader's Repetition for Shaharit 116",2462
"The Koren Rosh HaShana Mahzor; Ashkenaz, Second Day, Leader's Repetition for Shaharit 117",2463
"The Koren Rosh HaShana Mahzor; Ashkenaz, Second Day, Leader's Repetition for Shaharit 118",2464
"The Koren Rosh HaShana Mahzor; Ashkenaz, Second Day, Leader's Repetition for Shaharit 119",2465
"The Koren Rosh HaShana Mahzor; Ashkenaz, Second Day, Leader's Repetition for Shaharit 120",2466
"The Koren Rosh HaShana Mahzor; Ashkenaz, Second Day, Leader's Repetition for Shaharit 121",2467
"The Koren Rosh HaShana Mahzor; Ashkenaz, Second Day, Leader's Repetition for Shaharit 122",2468
"The Koren Rosh HaShana Mahzor; Ashkenaz, Second Day, Leader's Repetition for Shaharit 123",2469
"The Koren Rosh HaShana Mahzor; Ashkenaz, Second Day, Leader's Repetition for Shaharit 124",2470
"The Koren Rosh HaShana Mahzor; Ashkenaz, Second Day, Leader's Repetition for Shaharit 125",2471
"The Koren Rosh HaShana Mahzor; Ashkenaz, Second Day, Leader's Repetition for Shaharit 126",2472
"The Koren Rosh HaShana Mahzor; Ashkenaz, Second Day, Leader's Repetition for Shaharit 127",2473
"The Koren Rosh HaShana Mahzor; Ashkenaz, Second Day, Leader's Repetition for Shaharit 128",2474
"The Koren Rosh HaShana Mahzor; Ashkenaz, Second Day, Leader's Repetition for Shaharit 129",2475
"The Koren Rosh HaShana Mahzor; Ashkenaz, Second Day, Leader's Repetition for Shaharit 130",2476
"The Koren Rosh HaShana Mahzor; Ashkenaz, Second Day, Leader's Repetition for Shaharit 131",2477
"The Koren Rosh HaShana Mahzor; Ashkenaz, Second Day, Leader's Repetition for Shaharit 132",2478
"The Koren Rosh HaShana Mahzor; Ashkenaz, Second Day, Leader's Repetition for Shaharit 133",2479
"The Koren Rosh HaShana Mahzor; Ashkenaz, Second Day, Leader's Repetition for Shaharit 134",2480
"The Koren Rosh HaShana Mahzor; Ashkenaz, Second Day, Leader's Repetition for Shaharit 135",2481
"The Koren Rosh HaShana Mahzor; Ashkenaz, Second Day, Leader's Repetition for Shaharit 136",2482
"The Koren Rosh HaShana Mahzor; Ashkenaz, Second Day, Leader's Repetition for Shaharit 137",2483
"The Koren Rosh HaShana Mahzor; Ashkenaz, Second Day, Leader's Repetition for Shaharit 138",2484
"The Koren Rosh HaShana Mahzor; Ashkenaz, Second Day, Leader's Repetition for Shaharit 139",2485
"The Koren Rosh HaShana Mahzor; Ashkenaz, Second Day, Leader's Repetition for Shaharit 140",2486
"The Koren Rosh HaShana Mahzor; Ashkenaz, Second Day, Leader's Repetition for Shaharit 141",2487
"The Koren Rosh HaShana Mahzor; Ashkenaz, Second Day, Leader's Repetition for Shaharit 142",2488
"The Koren Rosh HaShana Mahzor; Ashkenaz, Second Day, Leader's Repetition for Shaharit 143",2489
"The Koren Rosh HaShana Mahzor; Ashkenaz, Second Day, Leader's Repetition for Shaharit 144",2490
"The Koren Rosh HaShana Mahzor; Ashkenaz, Second Day, Leader's Repetition for Shaharit 145",2491
"The Koren Rosh HaShana Mahzor; Ashkenaz, Second Day, Leader's Repetition for Shaharit 146",2492
"The Koren Rosh HaShana Mahzor; Ashkenaz, Second Day, Leader's Repetition for Shaharit 147",2493
"The Koren Rosh HaShana Mahzor; Ashkenaz, Second Day, Leader's Repetition for Shaharit 148",2494
"The Koren Rosh HaShana Mahzor; Ashkenaz, Second Day, Leader's Repetition for Shaharit 149",2495
"The Koren Rosh HaShana Mahzor; Ashkenaz, Second Day, Leader's Repetition for Shaharit 150",2496
"The Koren Rosh HaShana Mahzor; Ashkenaz, Second Day, Leader's Repetition for Shaharit 151",2497
"The Koren Rosh HaShana Mahzor; Ashkenaz, Second Day, Leader's Repetition for Shaharit 152",2498
"The Koren Rosh HaShana Mahzor; Ashkenaz, Second Day, Leader's Repetition for Shaharit 153",2499
"The Koren Rosh HaShana Mahzor; Ashkenaz, Second Day, Leader's Repetition for Shaharit 154",2500
"The Koren Rosh HaShana Mahzor; Ashkenaz, Second Day, Leader's Repetition for Shaharit 155",2501
"The Koren Rosh HaShana Mahzor; Ashkenaz, Second Day, Leader's Repetition for Shaharit 156",2502
"The Koren Rosh HaShana Mahzor; Ashkenaz, Second Day, Leader's Repetition for Shaharit 157",2503
"The Koren Rosh HaShana Mahzor; Ashkenaz, Second Day, Leader's Repetition for Shaharit 158",2504
"The Koren Rosh HaShana Mahzor; Ashkenaz, Second Day, Leader's Repetition for Shaharit 159",2505
"The Koren Rosh HaShana Mahzor; Ashkenaz, Second Day, Leader's Repetition for Shaharit 160",2506
"The Koren Rosh HaShana Mahzor; Ashkenaz, Second Day, Leader's Repetition for Shaharit 161",2507
"The Koren Rosh HaShana Mahzor; Ashkenaz, Second Day, Leader's Repetition for Shaharit 162",2508
"The Koren Rosh HaShana Mahzor; Ashkenaz, Second Day, Leader's Repetition for Shaharit 163",2509
"The Koren Rosh HaShana Mahzor; Ashkenaz, Second Day, Leader's Repetition for Shaharit 164",2510
"The Koren Rosh HaShana Mahzor; Ashkenaz, Second Day, Leader's Repetition for Shaharit 165",2511
"The Koren Rosh HaShana Mahzor; Ashkenaz, Second Day, Leader's Repetition for Shaharit 166",2512
"The Koren Rosh HaShana Mahzor; Ashkenaz, Second Day, Leader's Repetition for Shaharit 167",2513
"The Koren Rosh HaShana Mahzor; Ashkenaz, Second Day, Leader's Repetition for Shaharit 168",2514
"The Koren Rosh HaShana Mahzor; Ashkenaz, Second Day, Leader's Repetition for Shaharit 169",2515
"The Koren Rosh HaShana Mahzor; Ashkenaz, Second Day, Leader's Repetition for Shaharit 170",2516
"The Koren Rosh HaShana Mahzor; Ashkenaz, Second Day, Leader's Repetition for Shaharit 171",2517
"The Koren Rosh HaShana Mahzor; Ashkenaz, Second Day, Leader's Repetition for Shaharit 172",2518
"The Koren Rosh HaShana Mahzor; Ashkenaz, Second Day, Leader's Repetition for Shaharit 173",2519
"The Koren Rosh HaShana Mahzor; Ashkenaz, Second Day, Leader's Repetition for Shaharit 174",2520
"The Koren Rosh HaShana Mahzor; Ashkenaz, Second Day, Leader's Repetition for Shaharit 175",2521
"The Koren Rosh HaShana Mahzor; Ashkenaz, Second Day, Leader's Repetition for Shaharit 176",2522
"The Koren Rosh HaShana Mahzor; Ashkenaz, Second Day, Leader's Repetition for Shaharit 177",2523
"The Koren Rosh HaShana Mahzor; Ashkenaz, Second Day, Leader's Repetition for Shaharit 178",2524
"The Koren Rosh HaShana Mahzor; Ashkenaz, Second Day, Leader's Repetition for Shaharit 179",2525
"The Koren Rosh HaShana Mahzor; Ashkenaz, Second Day, Leader's Repetition for Shaharit 180",2526
"The Koren Rosh HaShana Mahzor; Ashkenaz, Second Day, Leader's Repetition for Shaharit 181",2527
"The Koren Rosh HaShana Mahzor; Ashkenaz, Second Day, Leader's Repetition for Shaharit 182",2528
"The Koren Rosh HaShana Mahzor; Ashkenaz, Second Day, Leader's Repetition for Shaharit 183",2529
"The Koren Rosh HaShana Mahzor; Ashkenaz, Second Day, Leader's Repetition for Shaharit 184",2530
"The Koren Rosh HaShana Mahzor; Ashkenaz, Second Day, Leader's Repetition for Shaharit 185",2531
"The Koren Rosh HaShana Mahzor; Ashkenaz, Second Day, Leader's Repetition for Shaharit 186",2532
"The Koren Rosh HaShana Mahzor; Ashkenaz, Second Day, Leader's Repetition for Shaharit 187",2533
"The Koren Rosh HaShana Mahzor; Ashkenaz, Second Day, Leader's Repetition for Shaharit 188",2534
"The Koren Rosh HaShana Mahzor; Ashkenaz, Second Day, Leader's Repetition for Shaharit 189",2535
"The Koren Rosh HaShana Mahzor; Ashkenaz, Second Day, Leader's Repetition for Shaharit 190",2536
"The Koren Rosh HaShana Mahzor; Ashkenaz, Second Day, Leader's Repetition for Shaharit 191",2537
"The Koren Rosh HaShana Mahzor; Ashkenaz, Second Day, Leader's Repetition for Shaharit 192",2538
"The Koren Rosh HaShana Mahzor; Ashkenaz, Second Day, Leader's Repetition for Shaharit 193",2539
"The Koren Rosh HaShana Mahzor; Ashkenaz, Second Day, Leader's Repetition for Shaharit 194",2540
"The Koren Rosh HaShana Mahzor; Ashkenaz, Second Day, Leader's Repetition for Shaharit 195",2541
"The Koren Rosh HaShana Mahzor; Ashkenaz, Second Day, Leader's Repetition for Shaharit 196",2542
"The Koren Rosh HaShana Mahzor; Ashkenaz, Second Day, Leader's Repetition for Shaharit 197",2543
"The Koren Rosh HaShana Mahzor; Ashkenaz, Second Day, Leader's Repetition for Shaharit 198",2544
"The Koren Rosh HaShana Mahzor; Ashkenaz, Second Day, Leader's Repetition for Shaharit 199",2545
"The Koren Rosh HaShana Mahzor; Ashkenaz, Second Day, Leader's Repetition for Shaharit 200",2546
"The Koren Rosh HaShana Mahzor; Ashkenaz, Second Day, Leader's Repetition for Shaharit 201",2547
"The Koren Rosh HaShana Mahzor; Ashkenaz, Second Day, Leader's Repetition for Shaharit 202",2548
"The Koren Rosh HaShana Mahzor; Ashkenaz, Second Day, Leader's Repetition for Shaharit 203",2549
"The Koren Rosh HaShana Mahzor; Ashkenaz, Second Day, Leader's Repetition for Shaharit 204",2550
"The Koren Rosh HaShana Mahzor; Ashkenaz, Second Day, Leader's Repetition for Shaharit 205",2551
"The Koren Rosh HaShana Mahzor; Ashkenaz, Second Day, Leader's Repetition for Shaharit 206",2552
"The Koren Rosh HaShana Mahzor; Ashkenaz, Second Day, Leader's Repetition for Shaharit 207",2553
"The Koren Rosh HaShana Mahzor; Ashkenaz, Second Day, Leader's Repetition for Shaharit 208",2554
"The Koren Rosh HaShana Mahzor; Ashkenaz, Second Day, Leader's Repetition for Shaharit 209",2555
"The Koren Rosh HaShana Mahzor; Ashkenaz, Second Day, Leader's Repetition for Shaharit 210",2556
"The Koren Rosh HaShana Mahzor; Ashkenaz, Second Day, Leader's Repetition for Shaharit 211",2557
"The Koren Rosh HaShana Mahzor; Ashkenaz, Second Day, Leader's Repetition for Shaharit 212",2558
"The Koren Rosh HaShana Mahzor; Ashkenaz, Second Day, Leader's Repetition for Shaharit 213",2559
"The Koren Rosh HaShana Mahzor; Ashkenaz, Second Day, Leader's Repetition for Shaharit 214",2560
"The Koren Rosh HaShana Mahzor; Ashkenaz, Second Day, Leader's Repetition for Shaharit 215",2561
"The Koren Rosh HaShana Mahzor; Ashkenaz, Second Day, Leader's Repetition for Shaharit 216",2562
"The Koren Rosh HaShana Mahzor; Ashkenaz, Second Day, Leader's Repetition for Shaharit 217",2563
"The Koren Rosh HaShana Mahzor; Ashkenaz, Second Day, Leader's Repetition for Shaharit 218",2564
"The Koren Rosh HaShana Mahzor; Ashkenaz, Second Day, Leader's Repetition for Shaharit 219",2565
"The Koren Rosh HaShana Mahzor; Ashkenaz, Second Day, Leader's Repetition for Shaharit 220",2566
"The Koren Rosh HaShana Mahzor; Ashkenaz, Second Day, Leader's Repetition for Shaharit 221",2567
"The Koren Rosh HaShana Mahzor; Ashkenaz, Second Day, Leader's Repetition for Shaharit 222",2568
"The Koren Rosh HaShana Mahzor; Ashkenaz, Second Day, Leader's Repetition for Shaharit 223",2569
"The Koren Rosh HaShana Mahzor; Ashkenaz, Second Day, Leader's Repetition for Shaharit 224",2570
"The Koren Rosh HaShana Mahzor; Ashkenaz, Second Day, Leader's Repetition for Shaharit 225",2571
"The Koren Rosh HaShana Mahzor; Ashkenaz, Second Day, Leader's Repetition for Shaharit 226",2572
"The Koren Rosh HaShana Mahzor; Ashkenaz, Second Day, Leader's Repetition for Shaharit 227",2573
"The Koren Rosh HaShana Mahzor; Ashkenaz, Second Day, Leader's Repetition for Shaharit 228",2574
"The Koren Rosh HaShana Mahzor; Ashkenaz, Second Day, Leader's Repetition for Shaharit 229",2575
"The Koren Rosh HaShana Mahzor; Ashkenaz, Second Day, Leader's Repetition for Shaharit 230",2576
"The Koren Rosh HaShana Mahzor; Ashkenaz, Second Day, Leader's Repetition for Shaharit 231",2577
"The Koren Rosh HaShana Mahzor; Ashkenaz, Second Day, Leader's Repetition for Shaharit 232",2578
"The Koren Rosh HaShana Mahzor; Ashkenaz, Second Day, Leader's Repetition for Shaharit 233",2579
"The Koren Rosh HaShana Mahzor; Ashkenaz, Second Day, Leader's Repetition for Shaharit 234",2580
"The Koren Rosh HaShana Mahzor; Ashkenaz, Second Day, Leader's Repetition for Shaharit 235",2581
"The Koren Rosh HaShana Mahzor; Ashkenaz, Second Day, Leader's Repetition for Shaharit 236",2582
"The Koren Rosh HaShana Mahzor; Ashkenaz, Second Day, Leader's Repetition for Shaharit 237",2583
"The Koren Rosh HaShana Mahzor; Ashkenaz, Second Day, Leader's Repetition for Shaharit 238",2584
"The Koren Rosh HaShana Mahzor; Ashkenaz, Second Day, Leader's Repetition for Shaharit 239",2585
"The Koren Rosh HaShana Mahzor; Ashkenaz, Second Day, Avinu Malkenu 1",2587
"The Koren Rosh HaShana Mahzor; Ashkenaz, Second Day, Avinu Malkenu 2",2588
"The Koren Rosh HaShana Mahzor; Ashkenaz, Second Day, Avinu Malkenu 3",2589
"The Koren Rosh HaShana Mahzor; Ashkenaz, Second Day, Avinu Malkenu 4",2590
"The Koren Rosh HaShana Mahzor; Ashkenaz, Second Day, Avinu Malkenu 5",2591
"The Koren Rosh HaShana Mahzor; Ashkenaz, Second Day, Avinu Malkenu 6",2592
"The Koren Rosh HaShana Mahzor; Ashkenaz, Second Day, Avinu Malkenu 7",2593
"The Koren Rosh HaShana Mahzor; Ashkenaz, Second Day, Avinu Malkenu 8",2594
"The Koren Rosh HaShana Mahzor; Ashkenaz, Second Day, Avinu Malkenu 9",2595
"The Koren Rosh HaShana Mahzor; Ashkenaz, Second Day, Avinu Malkenu 10",2596
"The Koren Rosh HaShana Mahzor; Ashkenaz, Second Day, Avinu Malkenu 11",2597
"The Koren Rosh HaShana Mahzor; Ashkenaz, Second Day, Avinu Malkenu 12",2598
"The Koren Rosh HaShana Mahzor; Ashkenaz, Second Day, Avinu Malkenu 13",2599
"The Koren Rosh HaShana Mahzor; Ashkenaz, Second Day, Avinu Malkenu 14",2600
"The Koren Rosh HaShana Mahzor; Ashkenaz, Second Day, Avinu Malkenu 15",2601
"The Koren Rosh HaShana Mahzor; Ashkenaz, Second Day, Avinu Malkenu 16",2602
"The Koren Rosh HaShana Mahzor; Ashkenaz, Second Day, Avinu Malkenu 17",2603
"The Koren Rosh HaShana Mahzor; Ashkenaz, Second Day, Avinu Malkenu 18",2604
"The Koren Rosh HaShana Mahzor; Ashkenaz, Second Day, Avinu Malkenu 19",2605
"The Koren Rosh HaShana Mahzor; Ashkenaz, Second Day, Avinu Malkenu 20",2606
"The Koren Rosh HaShana Mahzor; Ashkenaz, Second Day, Avinu Malkenu 21",2607
"The Koren Rosh HaShana Mahzor; Ashkenaz, Second Day, Avinu Malkenu 22",2608
"The Koren Rosh HaShana Mahzor; Ashkenaz, Second Day, Avinu Malkenu 23",2609
"The Koren Rosh HaShana Mahzor; Ashkenaz, Second Day, Avinu Malkenu 24",2610
"The Koren Rosh HaShana Mahzor; Ashkenaz, Second Day, Avinu Malkenu 25",2611
"The Koren Rosh HaShana Mahzor; Ashkenaz, Second Day, Avinu Malkenu 26",2612
"The Koren Rosh HaShana Mahzor; Ashkenaz, Second Day, Avinu Malkenu 27",2613
"The Koren Rosh HaShana Mahzor; Ashkenaz, Second Day, Avinu Malkenu 28",2614
"The Koren Rosh HaShana Mahzor; Ashkenaz, Second Day, Avinu Malkenu 29",2615
"The Koren Rosh HaShana Mahzor; Ashkenaz, Second Day, Avinu Malkenu 30",2616
"The Koren Rosh HaShana Mahzor; Ashkenaz, Second Day, Avinu Malkenu 31",2617
"The Koren Rosh HaShana Mahzor; Ashkenaz, Second Day, Avinu Malkenu 32",2618
"The Koren Rosh HaShana Mahzor; Ashkenaz, Second Day, Avinu Malkenu 33",2619
"The Koren Rosh HaShana Mahzor; Ashkenaz, Second Day, Avinu Malkenu 34",2620
"The Koren Rosh HaShana Mahzor; Ashkenaz, Second Day, Avinu Malkenu 35",2621
"The Koren Rosh HaShana Mahzor; Ashkenaz, Second Day, Avinu Malkenu 36",2622
"The Koren Rosh HaShana Mahzor; Ashkenaz, Second Day, Avinu Malkenu 37",2623
"The Koren Rosh HaShana Mahzor; Ashkenaz, Second Day, Avinu Malkenu 38",2624
"The Koren Rosh HaShana Mahzor; Ashkenaz, Second Day, Avinu Malkenu 39",2625
"The Koren Rosh HaShana Mahzor; Ashkenaz, Second Day, Avinu Malkenu 40",2626
"The Koren Rosh HaShana Mahzor; Ashkenaz, Second Day, Avinu Malkenu 41",2627
"The Koren Rosh HaShana Mahzor; Ashkenaz, Second Day, Avinu Malkenu 42",2628
"The Koren Rosh HaShana Mahzor; Ashkenaz, Second Day, Avinu Malkenu 43",2629
"The Koren Rosh HaShana Mahzor; Ashkenaz, Second Day, Avinu Malkenu 44",2630
"The Koren Rosh HaShana Mahzor; Ashkenaz, Second Day, Avinu Malkenu 45",2631
"The Koren Rosh HaShana Mahzor; Ashkenaz, Second Day, Avinu Malkenu 46",2632
"The Koren Rosh HaShana Mahzor; Ashkenaz, Second Day, Avinu Malkenu 47",2633
"The Koren Rosh HaShana Mahzor; Ashkenaz, Second Day, Avinu Malkenu 48",2634
"The Koren Rosh HaShana Mahzor; Ashkenaz, Second Day, Avinu Malkenu 49",2635
"The Koren Rosh HaShana Mahzor; Ashkenaz, Second Day, Avinu Malkenu 50",2636
"The Koren Rosh HaShana Mahzor; Ashkenaz, Second Day, Avinu Malkenu 51",2637
"The Koren Rosh HaShana Mahzor; Ashkenaz, Second Day, Avinu Malkenu 52",2638
"The Koren Rosh HaShana Mahzor; Ashkenaz, Second Day, Avinu Malkenu 53",2639
"The Koren Rosh HaShana Mahzor; Ashkenaz, Second Day, Avinu Malkenu 54",2640
"The Koren Rosh HaShana Mahzor; Ashkenaz, Second Day, Avinu Malkenu 55",2641
"The Koren Rosh HaShana Mahzor; Ashkenaz, Second Day, Avinu Malkenu 56",2642
"The Koren Rosh HaShana Mahzor; Ashkenaz, Second Day, Reading of the Torah 1",2644
"The Koren Rosh HaShana Mahzor; Ashkenaz, Second Day, Reading of the Torah 2",2645
"The Koren Rosh HaShana Mahzor; Ashkenaz, Second Day, Reading of the Torah 3",2646
"The Koren Rosh HaShana Mahzor; Ashkenaz, Second Day, Reading of the Torah 4",2647
"The Koren Rosh HaShana Mahzor; Ashkenaz, Second Day, Reading of the Torah 5",2648
"The Koren Rosh HaShana Mahzor; Ashkenaz, Second Day, Reading of the Torah 6",2649
"The Koren Rosh HaShana Mahzor; Ashkenaz, Second Day, Reading of the Torah 7",2650
"The Koren Rosh HaShana Mahzor; Ashkenaz, Second Day, Reading of the Torah 8",2651
"The Koren Rosh HaShana Mahzor; Ashkenaz, Second Day, Reading of the Torah 9",2652
"The Koren Rosh HaShana Mahzor; Ashkenaz, Second Day, Reading of the Torah 10",2653
"The Koren Rosh HaShana Mahzor; Ashkenaz, Second Day, Reading of the Torah 11",2654
"The Koren Rosh HaShana Mahzor; Ashkenaz, Second Day, Reading of the Torah 12",2655
"The Koren Rosh HaShana Mahzor; Ashkenaz, Second Day, Reading of the Torah 13",2656
"The Koren Rosh HaShana Mahzor; Ashkenaz, Second Day, Reading of the Torah 14",2657
"The Koren Rosh HaShana Mahzor; Ashkenaz, Second Day, Reading of the Torah 15",2658
"The Koren Rosh HaShana Mahzor; Ashkenaz, Second Day, Reading of the Torah 16",2659
"The Koren Rosh HaShana Mahzor; Ashkenaz, Second Day, Reading of the Torah 17",2660
"The Koren Rosh HaShana Mahzor; Ashkenaz, Second Day, Reading of the Torah 18",2661
"The Koren Rosh HaShana Mahzor; Ashkenaz, Second Day, Reading of the Torah 19",2662
"The Koren Rosh HaShana Mahzor; Ashkenaz, Second Day, Reading of the Torah 20",2663
"The Koren Rosh HaShana Mahzor; Ashkenaz, Second Day, Reading of the Torah 21",2664
"The Koren Rosh HaShana Mahzor; Ashkenaz, Second Day, Reading of the Torah 22",2665
"The Koren Rosh HaShana Mahzor; Ashkenaz, Second Day, Reading of the Torah 23",2666
"The Koren Rosh HaShana Mahzor; Ashkenaz, Second Day, Reading of the Torah 24",2667
"The Koren Rosh HaShana Mahzor; Ashkenaz, Second Day, Reading of the Torah 25",2668
"The Koren Rosh HaShana Mahzor; Ashkenaz, Second Day, Reading of the Torah 26",2669
"The Koren Rosh HaShana Mahzor; Ashkenaz, Second Day, Reading of the Torah 27",2670
"The Koren Rosh HaShana Mahzor; Ashkenaz, Second Day, Reading of the Torah 28",2671
"The Koren Rosh HaShana Mahzor; Ashkenaz, Second Day, Reading of the Torah 29",2672
"The Koren Rosh HaShana Mahzor; Ashkenaz, Second Day, Reading of the Torah 30",2673
"The Koren Rosh HaShana Mahzor; Ashkenaz, Second Day, Reading of the Torah 31",2674
"The Koren Rosh HaShana Mahzor; Ashkenaz, Second Day, Reading of the Torah 32",2675
"The Koren Rosh HaShana Mahzor; Ashkenaz, Second Day, Reading of the Torah 33",2676
"The Koren Rosh HaShana Mahzor; Ashkenaz, Second Day, Reading of the Torah 34",2677
"The Koren Rosh HaShana Mahzor; Ashkenaz, Second Day, Reading of the Torah 35",2678
"The Koren Rosh HaShana Mahzor; Ashkenaz, Second Day, Reading of the Torah 36",2679
"The Koren Rosh HaShana Mahzor; Ashkenaz, Second Day, Reading of the Torah 37",2680
"The Koren Rosh HaShana Mahzor; Ashkenaz, Second Day, Reading of the Torah 38",2681
"The Koren Rosh HaShana Mahzor; Ashkenaz, Second Day, Reading of the Torah 39",2682
"The Koren Rosh HaShana Mahzor; Ashkenaz, Second Day, Reading of the Torah 40",2683
"The Koren Rosh HaShana Mahzor; Ashkenaz, Second Day, Reading of the Torah 41",2684
"The Koren Rosh HaShana Mahzor; Ashkenaz, Second Day, Reading of the Torah 42",2685
"The Koren Rosh HaShana Mahzor; Ashkenaz, Second Day, Reading of the Torah 43",2686
"The Koren Rosh HaShana Mahzor; Ashkenaz, Second Day, Reading of the Torah 44",2687
"The Koren Rosh HaShana Mahzor; Ashkenaz, Second Day, Reading of the Torah 45",2688
"The Koren Rosh HaShana Mahzor; Ashkenaz, Second Day, Reading of the Torah 46",2689
"The Koren Rosh HaShana Mahzor; Ashkenaz, Second Day, Reading of the Torah 47",2690
"The Koren Rosh HaShana Mahzor; Ashkenaz, Second Day, Reading of the Torah 48",2691
"The Koren Rosh HaShana Mahzor; Ashkenaz, Second Day, Reading of the Torah 49",2692
"The Koren Rosh HaShana Mahzor; Ashkenaz, Second Day, Reading of the Torah 50",2693
"The Koren Rosh HaShana Mahzor; Ashkenaz, Second Day, Reading of the Torah 51",2694
"The Koren Rosh HaShana Mahzor; Ashkenaz, Second Day, Reading of the Torah 52",2695
"The Koren Rosh HaShana Mahzor; Ashkenaz, Second Day, Reading of the Torah 53",2696
"The Koren Rosh HaShana Mahzor; Ashkenaz, Second Day, Reading of the Torah 54",2697
"The Koren Rosh HaShana Mahzor; Ashkenaz, Second Day, Reading of the Torah 55",2698
"The Koren Rosh HaShana Mahzor; Ashkenaz, Second Day, Reading of the Torah 56",2699
"The Koren Rosh HaShana Mahzor; Ashkenaz, Second Day, Reading of the Torah 57",2700
"The Koren Rosh HaShana Mahzor; Ashkenaz, Second Day, Reading of the Torah 58",2701
"The Koren Rosh HaShana Mahzor; Ashkenaz, Second Day, Reading of the Torah 59",2702
"The Koren Rosh HaShana Mahzor; Ashkenaz, Second Day, Reading of the Torah 60",2703
"The Koren Rosh HaShana Mahzor; Ashkenaz, Second Day, Reading of the Torah 61",2704
"The Koren Rosh HaShana Mahzor; Ashkenaz, Second Day, Reading of the Torah 62",2705
"The Koren Rosh HaShana Mahzor; Ashkenaz, Second Day, Reading of the Torah 63",2706
"The Koren Rosh HaShana Mahzor; Ashkenaz, Second Day, Reading of the Torah 64",2707
"The Koren Rosh HaShana Mahzor; Ashkenaz, Second Day, Reading of the Torah 65",2708
"The Koren Rosh HaShana Mahzor; Ashkenaz, Second Day, Reading of the Torah 66",2709
"The Koren Rosh HaShana Mahzor; Ashkenaz, Second Day, Reading of the Torah 67",2710
"The Koren Rosh HaShana Mahzor; Ashkenaz, Second Day, Reading of the Torah 68",2711
"The Koren Rosh HaShana Mahzor; Ashkenaz, Second Day, Reading of the Torah 69",2712
"The Koren Rosh HaShana Mahzor; Ashkenaz, Second Day, Reading of the Torah 70",2713
"The Koren Rosh HaShana Mahzor; Ashkenaz, Second Day, Reading of the Torah 71",2714
"The Koren Rosh HaShana Mahzor; Ashkenaz, Second Day, Reading of the Torah 72",2715
"The Koren Rosh HaShana Mahzor; Ashkenaz, Second Day, Reading of the Torah 73",2716
"The Koren Rosh HaShana Mahzor; Ashkenaz, Second Day, Reading of the Torah 74",2717
"The Koren Rosh HaShana Mahzor; Ashkenaz, Second Day, Reading of the Torah 75",2718
"The Koren Rosh HaShana Mahzor; Ashkenaz, Second Day, Reading of the Torah 76",2719
"The Koren Rosh HaShana Mahzor; Ashkenaz, Second Day, Reading of the Torah 77",2720
"The Koren Rosh HaShana Mahzor; Ashkenaz, Second Day, Reading of the Torah 78",2721
"The Koren Rosh HaShana Mahzor; Ashkenaz, Second Day, Reading of the Torah 79",2722
"The Koren Rosh HaShana Mahzor; Ashkenaz, Second Day, Reading of the Torah 80",2723
"The Koren Rosh HaShana Mahzor; Ashkenaz, Second Day, Reading of the Torah 81",2724
"The Koren Rosh HaShana Mahzor; Ashkenaz, Second Day, Reading of the Torah 82",2725
"The Koren Rosh HaShana Mahzor; Ashkenaz, Second Day, Reading of the Torah 83",2726
"The Koren Rosh HaShana Mahzor; Ashkenaz, Second Day, Reading of the Torah 84",2727
"The Koren Rosh HaShana Mahzor; Ashkenaz, Second Day, Reading of the Torah 85",2728
"The Koren Rosh HaShana Mahzor; Ashkenaz, Second Day, Reading of the Torah 86",2729
"The Koren Rosh HaShana Mahzor; Ashkenaz, Second Day, Reading of the Torah 87",2730
"The Koren Rosh HaShana Mahzor; Ashkenaz, Second Day, Reading of the Torah 88",2731
"The Koren Rosh HaShana Mahzor; Ashkenaz, Second Day, Reading of the Torah 89",2732
"The Koren Rosh HaShana Mahzor; Ashkenaz, Second Day, Reading of the Torah 90",2733
"The Koren Rosh HaShana Mahzor; Ashkenaz, Second Day, Reading of the Torah 91",2734
"The Koren Rosh HaShana Mahzor; Ashkenaz, Second Day, Reading of the Torah 92",2735
"The Koren Rosh HaShana Mahzor; Ashkenaz, Second Day, Reading of the Torah 93",2736
"The Koren Rosh HaShana Mahzor; Ashkenaz, Second Day, Reading of the Torah 94",2737
"The Koren Rosh HaShana Mahzor; Ashkenaz, Second Day, Reading of the Torah 95",2738
"The Koren Rosh HaShana Mahzor; Ashkenaz, Second Day, Reading of the Torah 96",2739
"The Koren Rosh HaShana Mahzor; Ashkenaz, Second Day, Reading of the Torah 97",2740
"The Koren Rosh HaShana Mahzor; Ashkenaz, Second Day, Reading of the Torah 98",2741
"The Koren Rosh HaShana Mahzor; Ashkenaz, Second Day, Reading of the Torah 99",2742
"The Koren Rosh HaShana Mahzor; Ashkenaz, Second Day, Reading of the Torah 100",2743
"The Koren Rosh HaShana Mahzor; Ashkenaz, Second Day, Reading of the Torah 101",2744
"The Koren Rosh HaShana Mahzor; Ashkenaz, Second Day, Reading of the Torah 102",2745
"The Koren Rosh HaShana Mahzor; Ashkenaz, Second Day, Reading of the Torah 103",2746
"The Koren Rosh HaShana Mahzor; Ashkenaz, Second Day, Reading of the Torah 104",2747
"The Koren Rosh HaShana Mahzor; Ashkenaz, Second Day, Reading of the Torah 105",2748
"The Koren Rosh HaShana Mahzor; Ashkenaz, Second Day, Reading of the Torah 106",2749
"The Koren Rosh HaShana Mahzor; Ashkenaz, Second Day, Reading of the Torah 107",2750
"The Koren Rosh HaShana Mahzor; Ashkenaz, Second Day, The Blowing of the Shofar 1",2752
"The Koren Rosh HaShana Mahzor; Ashkenaz, Second Day, The Blowing of the Shofar 2",2753
"The Koren Rosh HaShana Mahzor; Ashkenaz, Second Day, The Blowing of the Shofar 3",2754
"The Koren Rosh HaShana Mahzor; Ashkenaz, Second Day, The Blowing of the Shofar 4",2755
"The Koren Rosh HaShana Mahzor; Ashkenaz, Second Day, The Blowing of the Shofar 5",2756
"The Koren Rosh HaShana Mahzor; Ashkenaz, Second Day, The Blowing of the Shofar 6",2757
"The Koren Rosh HaShana Mahzor; Ashkenaz, Second Day, The Blowing of the Shofar 7",2758
"The Koren Rosh HaShana Mahzor; Ashkenaz, Second Day, The Blowing of the Shofar 8",2759
"The Koren Rosh HaShana Mahzor; Ashkenaz, Second Day, The Blowing of the Shofar 9",2760
"The Koren Rosh HaShana Mahzor; Ashkenaz, Second Day, The Blowing of the Shofar 10",2761
"The Koren Rosh HaShana Mahzor; Ashkenaz, Second Day, The Blowing of the Shofar 11",2762
"The Koren Rosh HaShana Mahzor; Ashkenaz, Second Day, The Blowing of the Shofar 12",2763
"The Koren Rosh HaShana Mahzor; Ashkenaz, Second Day, The Blowing of the Shofar 13",2764
"The Koren Rosh HaShana Mahzor; Ashkenaz, Second Day, The Blowing of the Shofar 14",2765
"The Koren Rosh HaShana Mahzor; Ashkenaz, Second Day, The Blowing of the Shofar 15",2766
"The Koren Rosh HaShana Mahzor; Ashkenaz, Second Day, The Blowing of the Shofar 16",2767
"The Koren Rosh HaShana Mahzor; Ashkenaz, Second Day, The Blowing of the Shofar 17",2768
"The Koren Rosh HaShana Mahzor; Ashkenaz, Second Day, The Blowing of the Shofar 18",2769
"The Koren Rosh HaShana Mahzor; Ashkenaz, Second Day, The Blowing of the Shofar 19",2770
"The Koren Rosh HaShana Mahzor; Ashkenaz, Second Day, The Blowing of the Shofar 20",2771
"The Koren Rosh HaShana Mahzor; Ashkenaz, Second Day, The Blowing of the Shofar 21",2772
"The Koren Rosh HaShana Mahzor; Ashkenaz, Second Day, The Blowing of the Shofar 22",2773
"The Koren Rosh HaShana Mahzor; Ashkenaz, Second Day, The Blowing of the Shofar 23",2774
"The Koren Rosh HaShana Mahzor; Ashkenaz, Second Day, The Blowing of the Shofar 24",2775
"The Koren Rosh HaShana Mahzor; Ashkenaz, Second Day, The Blowing of the Shofar 25",2776
"The Koren Rosh HaShana Mahzor; Ashkenaz, Second Day, The Blowing of the Shofar 26",2777
"The Koren Rosh HaShana Mahzor; Ashkenaz, Second Day, The Blowing of the Shofar 27",2778
"The Koren Rosh HaShana Mahzor; Ashkenaz, Second Day, The Blowing of the Shofar 28",2779
"The Koren Rosh HaShana Mahzor; Ashkenaz, Second Day, The Blowing of the Shofar 29",2780
"The Koren Rosh HaShana Mahzor; Ashkenaz, Second Day, The Blowing of the Shofar 30",2781
"The Koren Rosh HaShana Mahzor; Ashkenaz, Second Day, The Blowing of the Shofar 31",2782
"The Koren Rosh HaShana Mahzor; Ashkenaz, Second Day, The Blowing of the Shofar 32",2783
"The Koren Rosh HaShana Mahzor; Ashkenaz, Second Day, Leader's Prayer 1",2785
"The Koren Rosh HaShana Mahzor; Ashkenaz, Second Day, Leader's Prayer 2",2786
"The Koren Rosh HaShana Mahzor; Ashkenaz, Second Day, Leader's Prayer 3",2787
"The Koren Rosh HaShana Mahzor; Ashkenaz, Second Day, Leader's Prayer 4",2788
"The Koren Rosh HaShana Mahzor; Ashkenaz, Second Day, Leader's Prayer 5",2789
"The Koren Rosh HaShana Mahzor; Ashkenaz, Second Day, Leader's Prayer 6",2790
"The Koren Rosh HaShana Mahzor; Ashkenaz, Second Day, Leader's Prayer 7",2791
"The Koren Rosh HaShana Mahzor; Ashkenaz, Second Day, Leader's Prayer 8",2792
"The Koren Rosh HaShana Mahzor; Ashkenaz, Second Day, Leader's Prayer 9",2793
"The Koren Rosh HaShana Mahzor; Ashkenaz, Second Day, Leader's Prayer 10",2794
"The Koren Rosh HaShana Mahzor; Ashkenaz, Second Day, Leader's Prayer 11",2795
"The Koren Rosh HaShana Mahzor; Ashkenaz, Second Day, Leader's Prayer 12",2796
"The Koren Rosh HaShana Mahzor; Ashkenaz, Second Day, Leader's Prayer 13",2797
"The Koren Rosh HaShana Mahzor; Ashkenaz, Second Day, Leader's Prayer 14",2798
"The Koren Rosh HaShana Mahzor; Ashkenaz, Second Day, Leader's Prayer 15",2799
"The Koren Rosh HaShana Mahzor; Ashkenaz, Second Day, Leader's Prayer 16",2800
"The Koren Rosh HaShana Mahzor; Ashkenaz, Second Day, Leader's Prayer 17",2801
"The Koren Rosh HaShana Mahzor; Ashkenaz, Second Day, Leader's Prayer 18",2802
"The Koren Rosh HaShana Mahzor; Ashkenaz, Second Day, Leader's Prayer 19",2803
"The Koren Rosh HaShana Mahzor; Ashkenaz, Second Day, Musaf 1",2805
"The Koren Rosh HaShana Mahzor; Ashkenaz, Second Day, Musaf 2",2806
"The Koren Rosh HaShana Mahzor; Ashkenaz, Second Day, Musaf 3",2807
"The Koren Rosh HaShana Mahzor; Ashkenaz, Second Day, Musaf 4",2808
"The Koren Rosh HaShana Mahzor; Ashkenaz, Second Day, Musaf 5",2809
"The Koren Rosh HaShana Mahzor; Ashkenaz, Second Day, Musaf 6",2810
"The Koren Rosh HaShana Mahzor; Ashkenaz, Second Day, Musaf 7",2811
"The Koren Rosh HaShana Mahzor; Ashkenaz, Second Day, Musaf 8",2812
"The Koren Rosh HaShana Mahzor; Ashkenaz, Second Day, Musaf 9",2813
"The Koren Rosh HaShana Mahzor; Ashkenaz, Second Day, Musaf 10",2814
"The Koren Rosh HaShana Mahzor; Ashkenaz, Second Day, Musaf 11",2815
"The Koren Rosh HaShana Mahzor; Ashkenaz, Second Day, Musaf 12",2816
"The Koren Rosh HaShana Mahzor; Ashkenaz, Second Day, Musaf 13",2817
"The Koren Rosh HaShana Mahzor; Ashkenaz, Second Day, Musaf 14",2818
"The Koren Rosh HaShana Mahzor; Ashkenaz, Second Day, Musaf 15",2819
"The Koren Rosh HaShana Mahzor; Ashkenaz, Second Day, Musaf 16",2820
"The Koren Rosh HaShana Mahzor; Ashkenaz, Second Day, Musaf 17",2821
"The Koren Rosh HaShana Mahzor; Ashkenaz, Second Day, Musaf 18",2822
"The Koren Rosh HaShana Mahzor; Ashkenaz, Second Day, Musaf 19",2823
"The Koren Rosh HaShana Mahzor; Ashkenaz, Second Day, Musaf 20",2824
"The Koren Rosh HaShana Mahzor; Ashkenaz, Second Day, Musaf 21",2825
"The Koren Rosh HaShana Mahzor; Ashkenaz, Second Day, Musaf 22",2826
"The Koren Rosh HaShana Mahzor; Ashkenaz, Second Day, Musaf 23",2827
"The Koren Rosh HaShana Mahzor; Ashkenaz, Second Day, Musaf 24",2828
"The Koren Rosh HaShana Mahzor; Ashkenaz, Second Day, Musaf 25",2829
"The Koren Rosh HaShana Mahzor; Ashkenaz, Second Day, Musaf 26",2830
"The Koren Rosh HaShana Mahzor; Ashkenaz, Second Day, Musaf 27",2831
"The Koren Rosh HaShana Mahzor; Ashkenaz, Second Day, Musaf 28",2832
"The Koren Rosh HaShana Mahzor; Ashkenaz, Second Day, Musaf 29",2833
"The Koren Rosh HaShana Mahzor; Ashkenaz, Second Day, Musaf 30",2834
"The Koren Rosh HaShana Mahzor; Ashkenaz, Second Day, Musaf 31",2835
"The Koren Rosh HaShana Mahzor; Ashkenaz, Second Day, Musaf 32",2836
"The Koren Rosh HaShana Mahzor; Ashkenaz, Second Day, Musaf 33",2837
"The Koren Rosh HaShana Mahzor; Ashkenaz, Second Day, Musaf 34",2838
"The Koren Rosh HaShana Mahzor; Ashkenaz, Second Day, Musaf 35",2839
"The Koren Rosh HaShana Mahzor; Ashkenaz, Second Day, Musaf 36",2840
"The Koren Rosh HaShana Mahzor; Ashkenaz, Second Day, Musaf 37",2841
"The Koren Rosh HaShana Mahzor; Ashkenaz, Second Day, Musaf 38",2842
"The Koren Rosh HaShana Mahzor; Ashkenaz, Second Day, Musaf 39",2843
"The Koren Rosh HaShana Mahzor; Ashkenaz, Second Day, Musaf 40",2844
"The Koren Rosh HaShana Mahzor; Ashkenaz, Second Day, Musaf 41",2845
"The Koren Rosh HaShana Mahzor; Ashkenaz, Second Day, Musaf 42",2846
"The Koren Rosh HaShana Mahzor; Ashkenaz, Second Day, Musaf 43",2847
"The Koren Rosh HaShana Mahzor; Ashkenaz, Second Day, Musaf 44",2848
"The Koren Rosh HaShana Mahzor; Ashkenaz, Second Day, Musaf 45",2849
"The Koren Rosh HaShana Mahzor; Ashkenaz, Second Day, Musaf 46",2850
"The Koren Rosh HaShana Mahzor; Ashkenaz, Second Day, Musaf 47",2851
"The Koren Rosh HaShana Mahzor; Ashkenaz, Second Day, Musaf 48",2852
"The Koren Rosh HaShana Mahzor; Ashkenaz, Second Day, Musaf 49",2853
"The Koren Rosh HaShana Mahzor; Ashkenaz, Second Day, Musaf 50",2854
"The Koren Rosh HaShana Mahzor; Ashkenaz, Second Day, Musaf 51",2855
"The Koren Rosh HaShana Mahzor; Ashkenaz, Second Day, Musaf 52",2856
"The Koren Rosh HaShana Mahzor; Ashkenaz, Second Day, Musaf 53",2857
"The Koren Rosh HaShana Mahzor; Ashkenaz, Second Day, Musaf 54",2858
"The Koren Rosh HaShana Mahzor; Ashkenaz, Second Day, Musaf 55",2859
"The Koren Rosh HaShana Mahzor; Ashkenaz, Second Day, Musaf 56",2860
"The Koren Rosh HaShana Mahzor; Ashkenaz, Second Day, Musaf 57",2861
"The Koren Rosh HaShana Mahzor; Ashkenaz, Second Day, Musaf 58",2862
"The Koren Rosh HaShana Mahzor; Ashkenaz, Second Day, Musaf 59",2863
"The Koren Rosh HaShana Mahzor; Ashkenaz, Second Day, Musaf 60",2864
"The Koren Rosh HaShana Mahzor; Ashkenaz, Second Day, Musaf 61",2865
"The Koren Rosh HaShana Mahzor; Ashkenaz, Second Day, Musaf 62",2866
"The Koren Rosh HaShana Mahzor; Ashkenaz, Second Day, Musaf 63",2867
"The Koren Rosh HaShana Mahzor; Ashkenaz, Second Day, Musaf 64",2868
"The Koren Rosh HaShana Mahzor; Ashkenaz, Second Day, Musaf 65",2869
"The Koren Rosh HaShana Mahzor; Ashkenaz, Second Day, Musaf 66",2870
"The Koren Rosh HaShana Mahzor; Ashkenaz, Second Day, Musaf 67",2871
"The Koren Rosh HaShana Mahzor; Ashkenaz, Second Day, Musaf 68",2872
"The Koren Rosh HaShana Mahzor; Ashkenaz, Second Day, Musaf 69",2873
"The Koren Rosh HaShana Mahzor; Ashkenaz, Second Day, Musaf 70",2874
"The Koren Rosh HaShana Mahzor; Ashkenaz, Second Day, Musaf 71",2875
"The Koren Rosh HaShana Mahzor; Ashkenaz, Second Day, Musaf 72",2876
"The Koren Rosh HaShana Mahzor; Ashkenaz, Second Day, Musaf 73",2877
"The Koren Rosh HaShana Mahzor; Ashkenaz, Second Day, Musaf 74",2878
"The Koren Rosh HaShana Mahzor; Ashkenaz, Second Day, Musaf 75",2879
"The Koren Rosh HaShana Mahzor; Ashkenaz, Second Day, Musaf 76",2880
"The Koren Rosh HaShana Mahzor; Ashkenaz, Second Day, Musaf 77",2881
"The Koren Rosh HaShana Mahzor; Ashkenaz, Second Day, Musaf 78",2882
"The Koren Rosh HaShana Mahzor; Ashkenaz, Second Day, Musaf 79",2883
"The Koren Rosh HaShana Mahzor; Ashkenaz, Second Day, Musaf 80",2884
"The Koren Rosh HaShana Mahzor; Ashkenaz, Second Day, Musaf 81",2885
"The Koren Rosh HaShana Mahzor; Ashkenaz, Second Day, Musaf 82",2886
"The Koren Rosh HaShana Mahzor; Ashkenaz, Second Day, Musaf 83",2887
"The Koren Rosh HaShana Mahzor; Ashkenaz, Second Day, Musaf 84",2888
"The Koren Rosh HaShana Mahzor; Ashkenaz, Second Day, Musaf 85",2889
"The Koren Rosh HaShana Mahzor; Ashkenaz, Second Day, Musaf 86",2890
"The Koren Rosh HaShana Mahzor; Ashkenaz, Second Day, Musaf 87",2891
"The Koren Rosh HaShana Mahzor; Ashkenaz, Second Day, Musaf 88",2892
"The Koren Rosh HaShana Mahzor; Ashkenaz, Second Day, Musaf 89",2893
"The Koren Rosh HaShana Mahzor; Ashkenaz, Second Day, Leader's Repetition for Musaf 1",2895
"The Koren Rosh HaShana Mahzor; Ashkenaz, Second Day, Leader's Repetition for Musaf 2",2896
"The Koren Rosh HaShana Mahzor; Ashkenaz, Second Day, Leader's Repetition for Musaf 3",2897
"The Koren Rosh HaShana Mahzor; Ashkenaz, Second Day, Leader's Repetition for Musaf 4",2898
"The Koren Rosh HaShana Mahzor; Ashkenaz, Second Day, Leader's Repetition for Musaf 5",2899
"The Koren Rosh HaShana Mahzor; Ashkenaz, Second Day, Leader's Repetition for Musaf 6",2900
"The Koren Rosh HaShana Mahzor; Ashkenaz, Second Day, Leader's Repetition for Musaf 7",2901
"The Koren Rosh HaShana Mahzor; Ashkenaz, Second Day, Leader's Repetition for Musaf 8",2902
"The Koren Rosh HaShana Mahzor; Ashkenaz, Second Day, Leader's Repetition for Musaf 9",2903
"The Koren Rosh HaShana Mahzor; Ashkenaz, Second Day, Leader's Repetition for Musaf 10",2904
"The Koren Rosh HaShana Mahzor; Ashkenaz, Second Day, Leader's Repetition for Musaf 11",2905
"The Koren Rosh HaShana Mahzor; Ashkenaz, Second Day, Leader's Repetition for Musaf 12",2906
"The Koren Rosh HaShana Mahzor; Ashkenaz, Second Day, Leader's Repetition for Musaf 13",2907
"The Koren Rosh HaShana Mahzor; Ashkenaz, Second Day, Leader's Repetition for Musaf 14",2908
"The Koren Rosh HaShana Mahzor; Ashkenaz, Second Day, Leader's Repetition for Musaf 15",2909
"The Koren Rosh HaShana Mahzor; Ashkenaz, Second Day, Leader's Repetition for Musaf 16",2910
"The Koren Rosh HaShana Mahzor; Ashkenaz, Second Day, Leader's Repetition for Musaf 17",2911
"The Koren Rosh HaShana Mahzor; Ashkenaz, Second Day, Leader's Repetition for Musaf 18",2912
"The Koren Rosh HaShana Mahzor; Ashkenaz, Second Day, Leader's Repetition for Musaf 19",2913
"The Koren Rosh HaShana Mahzor; Ashkenaz, Second Day, Leader's Repetition for Musaf 20",2914
"The Koren Rosh HaShana Mahzor; Ashkenaz, Second Day, Leader's Repetition for Musaf 21",2915
"The Koren Rosh HaShana Mahzor; Ashkenaz, Second Day, Leader's Repetition for Musaf 22",2916
"The Koren Rosh HaShana Mahzor; Ashkenaz, Second Day, Leader's Repetition for Musaf 23",2917
"The Koren Rosh HaShana Mahzor; Ashkenaz, Second Day, Leader's Repetition for Musaf 24",2918
"The Koren Rosh HaShana Mahzor; Ashkenaz, Second Day, Leader's Repetition for Musaf 25",2919
"The Koren Rosh HaShana Mahzor; Ashkenaz, Second Day, Leader's Repetition for Musaf 26",2920
"The Koren Rosh HaShana Mahzor; Ashkenaz, Second Day, Leader's Repetition for Musaf 27",2921
"The Koren Rosh HaShana Mahzor; Ashkenaz, Second Day, Leader's Repetition for Musaf 28",2922
"The Koren Rosh HaShana Mahzor; Ashkenaz, Second Day, Leader's Repetition for Musaf 29",2923
"The Koren Rosh HaShana Mahzor; Ashkenaz, Second Day, Leader's Repetition for Musaf 30",2924
"The Koren Rosh HaShana Mahzor; Ashkenaz, Second Day, Leader's Repetition for Musaf 31",2925
"The Koren Rosh HaShana Mahzor; Ashkenaz, Second Day, Leader's Repetition for Musaf 32",2926
"The Koren Rosh HaShana Mahzor; Ashkenaz, Second Day, Leader's Repetition for Musaf 33",2927
"The Koren Rosh HaShana Mahzor; Ashkenaz, Second Day, Leader's Repetition for Musaf 34",2928
"The Koren Rosh HaShana Mahzor; Ashkenaz, Second Day, Leader's Repetition for Musaf 35",2929
"The Koren Rosh HaShana Mahzor; Ashkenaz, Second Day, Leader's Repetition for Musaf 36",2930
"The Koren Rosh HaShana Mahzor; Ashkenaz, Second Day, Leader's Repetition for Musaf 37",2931
"The Koren Rosh HaShana Mahzor; Ashkenaz, Second Day, Leader's Repetition for Musaf 38",2932
"The Koren Rosh HaShana Mahzor; Ashkenaz, Second Day, Leader's Repetition for Musaf 39",2933
"The Koren Rosh HaShana Mahzor; Ashkenaz, Second Day, Leader's Repetition for Musaf 40",2934
"The Koren Rosh HaShana Mahzor; Ashkenaz, Second Day, Leader's Repetition for Musaf 41",2935
"The Koren Rosh HaShana Mahzor; Ashkenaz, Second Day, Leader's Repetition for Musaf 42",2936
"The Koren Rosh HaShana Mahzor; Ashkenaz, Second Day, Leader's Repetition for Musaf 43",2937
"The Koren Rosh HaShana Mahzor; Ashkenaz, Second Day, Leader's Repetition for Musaf 44",2938
"The Koren Rosh HaShana Mahzor; Ashkenaz, Second Day, Leader's Repetition for Musaf 45",2939
"The Koren Rosh HaShana Mahzor; Ashkenaz, Second Day, Leader's Repetition for Musaf 46",2940
"The Koren Rosh HaShana Mahzor; Ashkenaz, Second Day, Leader's Repetition for Musaf 47",2941
"The Koren Rosh HaShana Mahzor; Ashkenaz, Second Day, Leader's Repetition for Musaf 48",2942
"The Koren Rosh HaShana Mahzor; Ashkenaz, Second Day, Leader's Repetition for Musaf 49",2943
"The Koren Rosh HaShana Mahzor; Ashkenaz, Second Day, Leader's Repetition for Musaf 50",2944
"The Koren Rosh HaShana Mahzor; Ashkenaz, Second Day, Leader's Repetition for Musaf 51",2945
"The Koren Rosh HaShana Mahzor; Ashkenaz, Second Day, Leader's Repetition for Musaf 52",2946
"The Koren Rosh HaShana Mahzor; Ashkenaz, Second Day, Leader's Repetition for Musaf 53",2947
"The Koren Rosh HaShana Mahzor; Ashkenaz, Second Day, Leader's Repetition for Musaf 54",2948
"The Koren Rosh HaShana Mahzor; Ashkenaz, Second Day, Leader's Repetition for Musaf 55",2949
"The Koren Rosh HaShana Mahzor; Ashkenaz, Second Day, Leader's Repetition for Musaf 56",2950
"The Koren Rosh HaShana Mahzor; Ashkenaz, Second Day, Leader's Repetition for Musaf 57",2951
"The Koren Rosh HaShana Mahzor; Ashkenaz, Second Day, Leader's Repetition for Musaf 58",2952
"The Koren Rosh HaShana Mahzor; Ashkenaz, Second Day, Leader's Repetition for Musaf 59",2953
"The Koren Rosh HaShana Mahzor; Ashkenaz, Second Day, Leader's Repetition for Musaf 60",2954
"The Koren Rosh HaShana Mahzor; Ashkenaz, Second Day, Leader's Repetition for Musaf 61",2955
"The Koren Rosh HaShana Mahzor; Ashkenaz, Second Day, Leader's Repetition for Musaf 62",2956
"The Koren Rosh HaShana Mahzor; Ashkenaz, Second Day, Leader's Repetition for Musaf 63",2957
"The Koren Rosh HaShana Mahzor; Ashkenaz, Second Day, Leader's Repetition for Musaf 64",2958
"The Koren Rosh HaShana Mahzor; Ashkenaz, Second Day, Leader's Repetition for Musaf 65",2959
"The Koren Rosh HaShana Mahzor; Ashkenaz, Second Day, Leader's Repetition for Musaf 66",2960
"The Koren Rosh HaShana Mahzor; Ashkenaz, Second Day, Leader's Repetition for Musaf 67",2961
"The Koren Rosh HaShana Mahzor; Ashkenaz, Second Day, Leader's Repetition for Musaf 68",2962
"The Koren Rosh HaShana Mahzor; Ashkenaz, Second Day, Leader's Repetition for Musaf 69",2963
"The Koren Rosh HaShana Mahzor; Ashkenaz, Second Day, Leader's Repetition for Musaf 70",2964
"The Koren Rosh HaShana Mahzor; Ashkenaz, Second Day, Leader's Repetition for Musaf 71",2965
"The Koren Rosh HaShana Mahzor; Ashkenaz, Second Day, Leader's Repetition for Musaf 72",2966
"The Koren Rosh HaShana Mahzor; Ashkenaz, Second Day, Leader's Repetition for Musaf 73",2967
"The Koren Rosh HaShana Mahzor; Ashkenaz, Second Day, Leader's Repetition for Musaf 74",2968
"The Koren Rosh HaShana Mahzor; Ashkenaz, Second Day, Leader's Repetition for Musaf 75",2969
"The Koren Rosh HaShana Mahzor; Ashkenaz, Second Day, Leader's Repetition for Musaf 76",2970
"The Koren Rosh HaShana Mahzor; Ashkenaz, Second Day, Leader's Repetition for Musaf 77",2971
"The Koren Rosh HaShana Mahzor; Ashkenaz, Second Day, Leader's Repetition for Musaf 78",2972
"The Koren Rosh HaShana Mahzor; Ashkenaz, Second Day, Leader's Repetition for Musaf 79",2973
"The Koren Rosh HaShana Mahzor; Ashkenaz, Second Day, Leader's Repetition for Musaf 80",2974
"The Koren Rosh HaShana Mahzor; Ashkenaz, Second Day, Leader's Repetition for Musaf 81",2975
"The Koren Rosh HaShana Mahzor; Ashkenaz, Second Day, Leader's Repetition for Musaf 82",2976
"The Koren Rosh HaShana Mahzor; Ashkenaz, Second Day, Leader's Repetition for Musaf 83",2977
"The Koren Rosh HaShana Mahzor; Ashkenaz, Second Day, Leader's Repetition for Musaf 84",2978
"The Koren Rosh HaShana Mahzor; Ashkenaz, Second Day, Leader's Repetition for Musaf 85",2979
"The Koren Rosh HaShana Mahzor; Ashkenaz, Second Day, Leader's Repetition for Musaf 86",2980
"The Koren Rosh HaShana Mahzor; Ashkenaz, Second Day, Leader's Repetition for Musaf 87",2981
"The Koren Rosh HaShana Mahzor; Ashkenaz, Second Day, Leader's Repetition for Musaf 88",2982
"The Koren Rosh HaShana Mahzor; Ashkenaz, Second Day, Leader's Repetition for Musaf 89",2983
"The Koren Rosh HaShana Mahzor; Ashkenaz, Second Day, Leader's Repetition for Musaf 90",2984
"The Koren Rosh HaShana Mahzor; Ashkenaz, Second Day, Leader's Repetition for Musaf 91",2985
"The Koren Rosh HaShana Mahzor; Ashkenaz, Second Day, Leader's Repetition for Musaf 92",2986
"The Koren Rosh HaShana Mahzor; Ashkenaz, Second Day, Leader's Repetition for Musaf 93",2987
"The Koren Rosh HaShana Mahzor; Ashkenaz, Second Day, Leader's Repetition for Musaf 94",2988
"The Koren Rosh HaShana Mahzor; Ashkenaz, Second Day, Leader's Repetition for Musaf 95",2989
"The Koren Rosh HaShana Mahzor; Ashkenaz, Second Day, Leader's Repetition for Musaf 96",2990
"The Koren Rosh HaShana Mahzor; Ashkenaz, Second Day, Leader's Repetition for Musaf 97",2991
"The Koren Rosh HaShana Mahzor; Ashkenaz, Second Day, Leader's Repetition for Musaf 98",2992
"The Koren Rosh HaShana Mahzor; Ashkenaz, Second Day, Leader's Repetition for Musaf 99",2993
"The Koren Rosh HaShana Mahzor; Ashkenaz, Second Day, Leader's Repetition for Musaf 100",2994
"The Koren Rosh HaShana Mahzor; Ashkenaz, Second Day, Leader's Repetition for Musaf 101",2995
"The Koren Rosh HaShana Mahzor; Ashkenaz, Second Day, Leader's Repetition for Musaf 102",2996
"The Koren Rosh HaShana Mahzor; Ashkenaz, Second Day, Leader's Repetition for Musaf 103",2997
"The Koren Rosh HaShana Mahzor; Ashkenaz, Second Day, Leader's Repetition for Musaf 104",2998
"The Koren Rosh HaShana Mahzor; Ashkenaz, Second Day, Leader's Repetition for Musaf 105",2999
"The Koren Rosh HaShana Mahzor; Ashkenaz, Second Day, Leader's Repetition for Musaf 106",3000
"The Koren Rosh HaShana Mahzor; Ashkenaz, Second Day, Leader's Repetition for Musaf 107",3001
"The Koren Rosh HaShana Mahzor; Ashkenaz, Second Day, Leader's Repetition for Musaf 108",3002
"The Koren Rosh HaShana Mahzor; Ashkenaz, Second Day, Leader's Repetition for Musaf 109",3003
"The Koren Rosh HaShana Mahzor; Ashkenaz, Second Day, Leader's Repetition for Musaf 110",3004
"The Koren Rosh HaShana Mahzor; Ashkenaz, Second Day, Leader's Repetition for Musaf 111",3005
"The Koren Rosh HaShana Mahzor; Ashkenaz, Second Day, Leader's Repetition for Musaf 112",3006
"The Koren Rosh HaShana Mahzor; Ashkenaz, Second Day, Leader's Repetition for Musaf 113",3007
"The Koren Rosh HaShana Mahzor; Ashkenaz, Second Day, Leader's Repetition for Musaf 114",3008
"The Koren Rosh HaShana Mahzor; Ashkenaz, Second Day, Leader's Repetition for Musaf 115",3009
"The Koren Rosh HaShana Mahzor; Ashkenaz, Second Day, Leader's Repetition for Musaf 116",3010
"The Koren Rosh HaShana Mahzor; Ashkenaz, Second Day, Leader's Repetition for Musaf 117",3011
"The Koren Rosh HaShana Mahzor; Ashkenaz, Second Day, Leader's Repetition for Musaf 118",3012
"The Koren Rosh HaShana Mahzor; Ashkenaz, Second Day, Leader's Repetition for Musaf 119",3013
"The Koren Rosh HaShana Mahzor; Ashkenaz, Second Day, Leader's Repetition for Musaf 120",3014
"The Koren Rosh HaShana Mahzor; Ashkenaz, Second Day, Leader's Repetition for Musaf 121",3015
"The Koren Rosh HaShana Mahzor; Ashkenaz, Second Day, Leader's Repetition for Musaf 122",3016
"The Koren Rosh HaShana Mahzor; Ashkenaz, Second Day, Leader's Repetition for Musaf 123",3017
"The Koren Rosh HaShana Mahzor; Ashkenaz, Second Day, Leader's Repetition for Musaf 124",3018
"The Koren Rosh HaShana Mahzor; Ashkenaz, Second Day, Leader's Repetition for Musaf 125",3019
"The Koren Rosh HaShana Mahzor; Ashkenaz, Second Day, Leader's Repetition for Musaf 126",3020
"The Koren Rosh HaShana Mahzor; Ashkenaz, Second Day, Leader's Repetition for Musaf 127",3021
"The Koren Rosh HaShana Mahzor; Ashkenaz, Second Day, Leader's Repetition for Musaf 128",3022
"The Koren Rosh HaShana Mahzor; Ashkenaz, Second Day, Leader's Repetition for Musaf 129",3023
"The Koren Rosh HaShana Mahzor; Ashkenaz, Second Day, Leader's Repetition for Musaf 130",3024
"The Koren Rosh HaShana Mahzor; Ashkenaz, Second Day, Leader's Repetition for Musaf 131",3025
"The Koren Rosh HaShana Mahzor; Ashkenaz, Second Day, Leader's Repetition for Musaf 132",3026
"The Koren Rosh HaShana Mahzor; Ashkenaz, Second Day, Leader's Repetition for Musaf 133",3027
"The Koren Rosh HaShana Mahzor; Ashkenaz, Second Day, Leader's Repetition for Musaf 134",3028
"The Koren Rosh HaShana Mahzor; Ashkenaz, Second Day, Leader's Repetition for Musaf 135",3029
"The Koren Rosh HaShana Mahzor; Ashkenaz, Second Day, Leader's Repetition for Musaf 136",3030
"The Koren Rosh HaShana Mahzor; Ashkenaz, Second Day, Leader's Repetition for Musaf 137",3031
"The Koren Rosh HaShana Mahzor; Ashkenaz, Second Day, Leader's Repetition for Musaf 138",3032
"The Koren Rosh HaShana Mahzor; Ashkenaz, Second Day, Leader's Repetition for Musaf 139",3033
"The Koren Rosh HaShana Mahzor; Ashkenaz, Second Day, Leader's Repetition for Musaf 140",3034
"The Koren Rosh HaShana Mahzor; Ashkenaz, Second Day, Leader's Repetition for Musaf 141",3035
"The Koren Rosh HaShana Mahzor; Ashkenaz, Second Day, Leader's Repetition for Musaf 142",3036
"The Koren Rosh HaShana Mahzor; Ashkenaz, Second Day, Leader's Repetition for Musaf 143",3037
"The Koren Rosh HaShana Mahzor; Ashkenaz, Second Day, Leader's Repetition for Musaf 144",3038
"The Koren Rosh HaShana Mahzor; Ashkenaz, Second Day, Leader's Repetition for Musaf 145",3039
"The Koren Rosh HaShana Mahzor; Ashkenaz, Second Day, Leader's Repetition for Musaf 146",3040
"The Koren Rosh HaShana Mahzor; Ashkenaz, Second Day, Leader's Repetition for Musaf 147",3041
"The Koren Rosh HaShana Mahzor; Ashkenaz, Second Day, Leader's Repetition for Musaf 148",3042
"The Koren Rosh HaShana Mahzor; Ashkenaz, Second Day, Leader's Repetition for Musaf 149",3043
"The Koren Rosh HaShana Mahzor; Ashkenaz, Second Day, Leader's Repetition for Musaf 150",3044
"The Koren Rosh HaShana Mahzor; Ashkenaz, Second Day, Leader's Repetition for Musaf 151",3045
"The Koren Rosh HaShana Mahzor; Ashkenaz, Second Day, Leader's Repetition for Musaf 152",3046
"The Koren Rosh HaShana Mahzor; Ashkenaz, Second Day, Leader's Repetition for Musaf 153",3047
"The Koren Rosh HaShana Mahzor; Ashkenaz, Second Day, Leader's Repetition for Musaf 154",3048
"The Koren Rosh HaShana Mahzor; Ashkenaz, Second Day, Leader's Repetition for Musaf 155",3049
"The Koren Rosh HaShana Mahzor; Ashkenaz, Second Day, Leader's Repetition for Musaf 156",3050
"The Koren Rosh HaShana Mahzor; Ashkenaz, Second Day, Leader's Repetition for Musaf 157",3051
"The Koren Rosh HaShana Mahzor; Ashkenaz, Second Day, Leader's Repetition for Musaf 158",3052
"The Koren Rosh HaShana Mahzor; Ashkenaz, Second Day, Leader's Repetition for Musaf 159",3053
"The Koren Rosh HaShana Mahzor; Ashkenaz, Second Day, Leader's Repetition for Musaf 160",3054
"The Koren Rosh HaShana Mahzor; Ashkenaz, Second Day, Leader's Repetition for Musaf 161",3055
"The Koren Rosh HaShana Mahzor; Ashkenaz, Second Day, Leader's Repetition for Musaf 162",3056
"The Koren Rosh HaShana Mahzor; Ashkenaz, Second Day, Leader's Repetition for Musaf 163",3057
"The Koren Rosh HaShana Mahzor; Ashkenaz, Second Day, Leader's Repetition for Musaf 164",3058
"The Koren Rosh HaShana Mahzor; Ashkenaz, Second Day, Leader's Repetition for Musaf 165",3059
"The Koren Rosh HaShana Mahzor; Ashkenaz, Second Day, Leader's Repetition for Musaf 166",3060
"The Koren Rosh HaShana Mahzor; Ashkenaz, Second Day, Leader's Repetition for Musaf 167",3061
"The Koren Rosh HaShana Mahzor; Ashkenaz, Second Day, Leader's Repetition for Musaf 168",3062
"The Koren Rosh HaShana Mahzor; Ashkenaz, Second Day, Leader's Repetition for Musaf 169",3063
"The Koren Rosh HaShana Mahzor; Ashkenaz, Second Day, Leader's Repetition for Musaf 170",3064
"The Koren Rosh HaShana Mahzor; Ashkenaz, Second Day, Leader's Repetition for Musaf 171",3065
"The Koren Rosh HaShana Mahzor; Ashkenaz, Second Day, Leader's Repetition for Musaf 172",3066
"The Koren Rosh HaShana Mahzor; Ashkenaz, Second Day, Leader's Repetition for Musaf 173",3067
"The Koren Rosh HaShana Mahzor; Ashkenaz, Second Day, Leader's Repetition for Musaf 174",3068
"The Koren Rosh HaShana Mahzor; Ashkenaz, Second Day, Leader's Repetition for Musaf 175",3069
"The Koren Rosh HaShana Mahzor; Ashkenaz, Second Day, Leader's Repetition for Musaf 176",3070
"The Koren Rosh HaShana Mahzor; Ashkenaz, Second Day, Leader's Repetition for Musaf 177",3071
"The Koren Rosh HaShana Mahzor; Ashkenaz, Second Day, Leader's Repetition for Musaf 178",3072
"The Koren Rosh HaShana Mahzor; Ashkenaz, Second Day, Leader's Repetition for Musaf 179",3073
"The Koren Rosh HaShana Mahzor; Ashkenaz, Second Day, Leader's Repetition for Musaf 180",3074
"The Koren Rosh HaShana Mahzor; Ashkenaz, Second Day, Leader's Repetition for Musaf 181",3075
"The Koren Rosh HaShana Mahzor; Ashkenaz, Second Day, Leader's Repetition for Musaf 182",3076
"The Koren Rosh HaShana Mahzor; Ashkenaz, Second Day, Leader's Repetition for Musaf 183",3077
"The Koren Rosh HaShana Mahzor; Ashkenaz, Second Day, Leader's Repetition for Musaf 184",3078
"The Koren Rosh HaShana Mahzor; Ashkenaz, Second Day, Leader's Repetition for Musaf 185",3079
"The Koren Rosh HaShana Mahzor; Ashkenaz, Second Day, Leader's Repetition for Musaf 186",3080
"The Koren Rosh HaShana Mahzor; Ashkenaz, Second Day, Leader's Repetition for Musaf 187",3081
"The Koren Rosh HaShana Mahzor; Ashkenaz, Second Day, Leader's Repetition for Musaf 188",3082
"The Koren Rosh HaShana Mahzor; Ashkenaz, Second Day, Leader's Repetition for Musaf 189",3083
"The Koren Rosh HaShana Mahzor; Ashkenaz, Second Day, Leader's Repetition for Musaf 190",3084
"The Koren Rosh HaShana Mahzor; Ashkenaz, Second Day, Leader's Repetition for Musaf 191",3085
"The Koren Rosh HaShana Mahzor; Ashkenaz, Second Day, Leader's Repetition for Musaf 192",3086
"The Koren Rosh HaShana Mahzor; Ashkenaz, Second Day, Leader's Repetition for Musaf 193",3087
"The Koren Rosh HaShana Mahzor; Ashkenaz, Second Day, Leader's Repetition for Musaf 194",3088
"The Koren Rosh HaShana Mahzor; Ashkenaz, Second Day, Leader's Repetition for Musaf 195",3089
"The Koren Rosh HaShana Mahzor; Ashkenaz, Second Day, Leader's Repetition for Musaf 196",3090
"The Koren Rosh HaShana Mahzor; Ashkenaz, Second Day, Leader's Repetition for Musaf 197",3091
"The Koren Rosh HaShana Mahzor; Ashkenaz, Second Day, Leader's Repetition for Musaf 198",3092
"The Koren Rosh HaShana Mahzor; Ashkenaz, Second Day, Leader's Repetition for Musaf 199",3093
"The Koren Rosh HaShana Mahzor; Ashkenaz, Second Day, Leader's Repetition for Musaf 200",3094
"The Koren Rosh HaShana Mahzor; Ashkenaz, Second Day, Leader's Repetition for Musaf 201",3095
"The Koren Rosh HaShana Mahzor; Ashkenaz, Second Day, Leader's Repetition for Musaf 202",3096
"The Koren Rosh HaShana Mahzor; Ashkenaz, Second Day, Leader's Repetition for Musaf 203",3097
"The Koren Rosh HaShana Mahzor; Ashkenaz, Second Day, Leader's Repetition for Musaf 204",3098
"The Koren Rosh HaShana Mahzor; Ashkenaz, Second Day, Leader's Repetition for Musaf 205",3099
"The Koren Rosh HaShana Mahzor; Ashkenaz, Second Day, Leader's Repetition for Musaf 206",3100
"The Koren Rosh HaShana Mahzor; Ashkenaz, Second Day, Leader's Repetition for Musaf 207",3101
"The Koren Rosh HaShana Mahzor; Ashkenaz, Second Day, Leader's Repetition for Musaf 208",3102
"The Koren Rosh HaShana Mahzor; Ashkenaz, Second Day, Leader's Repetition for Musaf 209",3103
"The Koren Rosh HaShana Mahzor; Ashkenaz, Second Day, Leader's Repetition for Musaf 210",3104
"The Koren Rosh HaShana Mahzor; Ashkenaz, Second Day, Leader's Repetition for Musaf 211",3105
"The Koren Rosh HaShana Mahzor; Ashkenaz, Second Day, Leader's Repetition for Musaf 212",3106
"The Koren Rosh HaShana Mahzor; Ashkenaz, Second Day, Leader's Repetition for Musaf 213",3107
"The Koren Rosh HaShana Mahzor; Ashkenaz, Second Day, Leader's Repetition for Musaf 214",3108
"The Koren Rosh HaShana Mahzor; Ashkenaz, Second Day, Leader's Repetition for Musaf 215",3109
"The Koren Rosh HaShana Mahzor; Ashkenaz, Second Day, Leader's Repetition for Musaf 216",3110
"The Koren Rosh HaShana Mahzor; Ashkenaz, Second Day, Leader's Repetition for Musaf 217",3111
"The Koren Rosh HaShana Mahzor; Ashkenaz, Second Day, Leader's Repetition for Musaf 218",3112
"The Koren Rosh HaShana Mahzor; Ashkenaz, Second Day, Leader's Repetition for Musaf 219",3113
"The Koren Rosh HaShana Mahzor; Ashkenaz, Second Day, Leader's Repetition for Musaf 220",3114
"The Koren Rosh HaShana Mahzor; Ashkenaz, Second Day, Leader's Repetition for Musaf 221",3115
"The Koren Rosh HaShana Mahzor; Ashkenaz, Second Day, Leader's Repetition for Musaf 222",3116
"The Koren Rosh HaShana Mahzor; Ashkenaz, Second Day, Leader's Repetition for Musaf 223",3117
"The Koren Rosh HaShana Mahzor; Ashkenaz, Second Day, Leader's Repetition for Musaf 224",3118
"The Koren Rosh HaShana Mahzor; Ashkenaz, Second Day, Leader's Repetition for Musaf 225",3119
"The Koren Rosh HaShana Mahzor; Ashkenaz, Second Day, Leader's Repetition for Musaf 226",3120
"The Koren Rosh HaShana Mahzor; Ashkenaz, Second Day, Leader's Repetition for Musaf 227",3121
"The Koren Rosh HaShana Mahzor; Ashkenaz, Second Day, Leader's Repetition for Musaf 228",3122
"The Koren Rosh HaShana Mahzor; Ashkenaz, Second Day, Leader's Repetition for Musaf 229",3123
"The Koren Rosh HaShana Mahzor; Ashkenaz, Second Day, Leader's Repetition for Musaf 230",3124
"The Koren Rosh HaShana Mahzor; Ashkenaz, Second Day, Leader's Repetition for Musaf 231",3125
"The Koren Rosh HaShana Mahzor; Ashkenaz, Second Day, Leader's Repetition for Musaf 232",3126
"The Koren Rosh HaShana Mahzor; Ashkenaz, Second Day, Leader's Repetition for Musaf 233",3127
"The Koren Rosh HaShana Mahzor; Ashkenaz, Second Day, Leader's Repetition for Musaf 234",3128
"The Koren Rosh HaShana Mahzor; Ashkenaz, Second Day, Leader's Repetition for Musaf 235",3129
"The Koren Rosh HaShana Mahzor; Ashkenaz, Second Day, Leader's Repetition for Musaf 236",3130
"The Koren Rosh HaShana Mahzor; Ashkenaz, Second Day, Leader's Repetition for Musaf 237",3131
"The Koren Rosh HaShana Mahzor; Ashkenaz, Second Day, Leader's Repetition for Musaf 238",3132
"The Koren Rosh HaShana Mahzor; Ashkenaz, Second Day, Leader's Repetition for Musaf 239",3133
"The Koren Rosh HaShana Mahzor; Ashkenaz, Second Day, Leader's Repetition for Musaf 240",3134
"The Koren Rosh HaShana Mahzor; Ashkenaz, Second Day, Leader's Repetition for Musaf 241",3135
"The Koren Rosh HaShana Mahzor; Ashkenaz, Second Day, Leader's Repetition for Musaf 242",3136
"The Koren Rosh HaShana Mahzor; Ashkenaz, Second Day, Leader's Repetition for Musaf 243",3137
"The Koren Rosh HaShana Mahzor; Ashkenaz, Second Day, Leader's Repetition for Musaf 244",3138
"The Koren Rosh HaShana Mahzor; Ashkenaz, Second Day, Leader's Repetition for Musaf 245",3139
"The Koren Rosh HaShana Mahzor; Ashkenaz, Second Day, Leader's Repetition for Musaf 246",3140
"The Koren Rosh HaShana Mahzor; Ashkenaz, Second Day, Leader's Repetition for Musaf 247",3141
"The Koren Rosh HaShana Mahzor; Ashkenaz, Second Day, Leader's Repetition for Musaf 248",3142
"The Koren Rosh HaShana Mahzor; Ashkenaz, Second Day, Leader's Repetition for Musaf 249",3143
"The Koren Rosh HaShana Mahzor; Ashkenaz, Second Day, Leader's Repetition for Musaf 250",3144
"The Koren Rosh HaShana Mahzor; Ashkenaz, Second Day, Leader's Repetition for Musaf 251",3145
"The Koren Rosh HaShana Mahzor; Ashkenaz, Second Day, Leader's Repetition for Musaf 252",3146
"The Koren Rosh HaShana Mahzor; Ashkenaz, Second Day, Leader's Repetition for Musaf 253",3147
"The Koren Rosh HaShana Mahzor; Ashkenaz, Second Day, Leader's Repetition for Musaf 254",3148
"The Koren Rosh HaShana Mahzor; Ashkenaz, Second Day, Leader's Repetition for Musaf 255",3149
"The Koren Rosh HaShana Mahzor; Ashkenaz, Second Day, Leader's Repetition for Musaf 256",3150
"The Koren Rosh HaShana Mahzor; Ashkenaz, Second Day, Leader's Repetition for Musaf 257",3151
"The Koren Rosh HaShana Mahzor; Ashkenaz, Second Day, Leader's Repetition for Musaf 258",3152
"The Koren Rosh HaShana Mahzor; Ashkenaz, Second Day, Leader's Repetition for Musaf 259",3153
"The Koren Rosh HaShana Mahzor; Ashkenaz, Second Day, Leader's Repetition for Musaf 260",3154
"The Koren Rosh HaShana Mahzor; Ashkenaz, Second Day, Leader's Repetition for Musaf 261",3155
"The Koren Rosh HaShana Mahzor; Ashkenaz, Second Day, Leader's Repetition for Musaf 262",3156
"The Koren Rosh HaShana Mahzor; Ashkenaz, Second Day, Leader's Repetition for Musaf 263",3157
"The Koren Rosh HaShana Mahzor; Ashkenaz, Second Day, Leader's Repetition for Musaf 264",3158
"The Koren Rosh HaShana Mahzor; Ashkenaz, Second Day, Leader's Repetition for Musaf 265",3159
"The Koren Rosh HaShana Mahzor; Ashkenaz, Second Day, Leader's Repetition for Musaf 266",3160
"The Koren Rosh HaShana Mahzor; Ashkenaz, Second Day, Leader's Repetition for Musaf 267",3161
"The Koren Rosh HaShana Mahzor; Ashkenaz, Second Day, Leader's Repetition for Musaf 268",3162
"The Koren Rosh HaShana Mahzor; Ashkenaz, Second Day, Leader's Repetition for Musaf 269",3163
"The Koren Rosh HaShana Mahzor; Ashkenaz, Second Day, Leader's Repetition for Musaf 270",3164
"The Koren Rosh HaShana Mahzor; Ashkenaz, Second Day, Leader's Repetition for Musaf 271",3165
"The Koren Rosh HaShana Mahzor; Ashkenaz, Second Day, Leader's Repetition for Musaf 272",3166
"The Koren Rosh HaShana Mahzor; Ashkenaz, Second Day, Leader's Repetition for Musaf 273",3167
"The Koren Rosh HaShana Mahzor; Ashkenaz, Second Day, Leader's Repetition for Musaf 274",3168
"The Koren Rosh HaShana Mahzor; Ashkenaz, Second Day, Leader's Repetition for Musaf 275",3169
"The Koren Rosh HaShana Mahzor; Ashkenaz, Second Day, Leader's Repetition for Musaf 276",3170
"The Koren Rosh HaShana Mahzor; Ashkenaz, Second Day, Leader's Repetition for Musaf 277",3171
"The Koren Rosh HaShana Mahzor; Ashkenaz, Second Day, Leader's Repetition for Musaf 278",3172
"The Koren Rosh HaShana Mahzor; Ashkenaz, Second Day, Leader's Repetition for Musaf 279",3173
"The Koren Rosh HaShana Mahzor; Ashkenaz, Second Day, Leader's Repetition for Musaf 280",3174
"The Koren Rosh HaShana Mahzor; Ashkenaz, Second Day, Leader's Repetition for Musaf 281",3175
"The Koren Rosh HaShana Mahzor; Ashkenaz, Second Day, Leader's Repetition for Musaf 282",3176
"The Koren Rosh HaShana Mahzor; Ashkenaz, Second Day, Leader's Repetition for Musaf 283",3177
"The Koren Rosh HaShana Mahzor; Ashkenaz, Second Day, Leader's Repetition for Musaf 284",3178
"The Koren Rosh HaShana Mahzor; Ashkenaz, Second Day, Leader's Repetition for Musaf 285",3179
"The Koren Rosh HaShana Mahzor; Ashkenaz, Second Day, Leader's Repetition for Musaf 286",3180
"The Koren Rosh HaShana Mahzor; Ashkenaz, Second Day, Leader's Repetition for Musaf 287",3181
"The Koren Rosh HaShana Mahzor; Ashkenaz, Second Day, Leader's Repetition for Musaf 288",3182
"The Koren Rosh HaShana Mahzor; Ashkenaz, Second Day, Leader's Repetition for Musaf 289",3183
"The Koren Rosh HaShana Mahzor; Ashkenaz, Second Day, Leader's Repetition for Musaf 290",3184
"The Koren Rosh HaShana Mahzor; Ashkenaz, Second Day, Leader's Repetition for Musaf 291",3185
"The Koren Rosh HaShana Mahzor; Ashkenaz, Second Day, Leader's Repetition for Musaf 292",3186
"The Koren Rosh HaShana Mahzor; Ashkenaz, Second Day, Leader's Repetition for Musaf 293",3187
"The Koren Rosh HaShana Mahzor; Ashkenaz, Second Day, Leader's Repetition for Musaf 294",3188
"The Koren Rosh HaShana Mahzor; Ashkenaz, Second Day, Leader's Repetition for Musaf 295",3189
"The Koren Rosh HaShana Mahzor; Ashkenaz, Second Day, Leader's Repetition for Musaf 296",3190
"The Koren Rosh HaShana Mahzor; Ashkenaz, Second Day, Leader's Repetition for Musaf 297",3191
"The Koren Rosh HaShana Mahzor; Ashkenaz, Second Day, Leader's Repetition for Musaf 298",3192
"The Koren Rosh HaShana Mahzor; Ashkenaz, Second Day, Leader's Repetition for Musaf 299",3193
"The Koren Rosh HaShana Mahzor; Ashkenaz, Second Day, Leader's Repetition for Musaf 300",3194
"The Koren Rosh HaShana Mahzor; Ashkenaz, Second Day, Leader's Repetition for Musaf 301",3195
"The Koren Rosh HaShana Mahzor; Ashkenaz, Second Day, Leader's Repetition for Musaf 302",3196
"The Koren Rosh HaShana Mahzor; Ashkenaz, Second Day, Leader's Repetition for Musaf 303",3197
"The Koren Rosh HaShana Mahzor; Ashkenaz, Second Day, Leader's Repetition for Musaf 304",3198
"The Koren Rosh HaShana Mahzor; Ashkenaz, Second Day, Leader's Repetition for Musaf 305",3199
"The Koren Rosh HaShana Mahzor; Ashkenaz, Second Day, Leader's Repetition for Musaf 306",3200
"The Koren Rosh HaShana Mahzor; Ashkenaz, Second Day, Leader's Repetition for Musaf 307",3201
"The Koren Rosh HaShana Mahzor; Ashkenaz, Second Day, Leader's Repetition for Musaf 308",3202
"The Koren Rosh HaShana Mahzor; Ashkenaz, Second Day, Leader's Repetition for Musaf 309",3203
"The Koren Rosh HaShana Mahzor; Ashkenaz, Second Day, Leader's Repetition for Musaf 310",3204
"The Koren Rosh HaShana Mahzor; Ashkenaz, Second Day, Leader's Repetition for Musaf 311",3205
"The Koren Rosh HaShana Mahzor; Ashkenaz, Second Day, Leader's Repetition for Musaf 312",3206
"The Koren Rosh HaShana Mahzor; Ashkenaz, Second Day, Leader's Repetition for Musaf 313",3207
"The Koren Rosh HaShana Mahzor; Ashkenaz, Second Day, Leader's Repetition for Musaf 314",3208
"The Koren Rosh HaShana Mahzor; Ashkenaz, Second Day, Leader's Repetition for Musaf 315",3209
"The Koren Rosh HaShana Mahzor; Ashkenaz, Second Day, Leader's Repetition for Musaf 316",3210
"The Koren Rosh HaShana Mahzor; Ashkenaz, Second Day, Leader's Repetition for Musaf 317",3211
"The Koren Rosh HaShana Mahzor; Ashkenaz, Second Day, Leader's Repetition for Musaf 318",3212
"The Koren Rosh HaShana Mahzor; Ashkenaz, Second Day, Leader's Repetition for Musaf 319",3213
"The Koren Rosh HaShana Mahzor; Ashkenaz, Second Day, Leader's Repetition for Musaf 320",3214
"The Koren Rosh HaShana Mahzor; Ashkenaz, Second Day, Leader's Repetition for Musaf 321",3215
"The Koren Rosh HaShana Mahzor; Ashkenaz, Second Day, Leader's Repetition for Musaf 322",3216
"The Koren Rosh HaShana Mahzor; Ashkenaz, Second Day, Leader's Repetition for Musaf 323",3217
"The Koren Rosh HaShana Mahzor; Ashkenaz, Second Day, Leader's Repetition for Musaf 324",3218
"The Koren Rosh HaShana Mahzor; Ashkenaz, Second Day, Leader's Repetition for Musaf 325",3219
"The Koren Rosh HaShana Mahzor; Ashkenaz, Second Day, Leader's Repetition for Musaf 326",3220
"The Koren Rosh HaShana Mahzor; Ashkenaz, Second Day, Leader's Repetition for Musaf 327",3221
"The Koren Rosh HaShana Mahzor; Ashkenaz, Second Day, Leader's Repetition for Musaf 328",3222
"The Koren Rosh HaShana Mahzor; Ashkenaz, Second Day, Leader's Repetition for Musaf 329",3223
"The Koren Rosh HaShana Mahzor; Ashkenaz, Second Day, Leader's Repetition for Musaf 330",3224
"The Koren Rosh HaShana Mahzor; Ashkenaz, Second Day, Leader's Repetition for Musaf 331",3225
"The Koren Rosh HaShana Mahzor; Ashkenaz, Second Day, Leader's Repetition for Musaf 332",3226
"The Koren Rosh HaShana Mahzor; Ashkenaz, Second Day, Leader's Repetition for Musaf 333",3227
"The Koren Rosh HaShana Mahzor; Ashkenaz, Second Day, Leader's Repetition for Musaf 334",3228
"The Koren Rosh HaShana Mahzor; Ashkenaz, Second Day, Leader's Repetition for Musaf 335",3229
"The Koren Rosh HaShana Mahzor; Ashkenaz, Second Day, Leader's Repetition for Musaf 336",3230
"The Koren Rosh HaShana Mahzor; Ashkenaz, Second Day, Leader's Repetition for Musaf 337",3231
"The Koren Rosh HaShana Mahzor; Ashkenaz, Second Day, Leader's Repetition for Musaf 338",3232
"The Koren Rosh HaShana Mahzor; Ashkenaz, Second Day, Leader's Repetition for Musaf 339",3233
"The Koren Rosh HaShana Mahzor; Ashkenaz, Second Day, Leader's Repetition for Musaf 340",3234
"The Koren Rosh HaShana Mahzor; Ashkenaz, Second Day, Leader's Repetition for Musaf 341",3235
"The Koren Rosh HaShana Mahzor; Ashkenaz, Second Day, Leader's Repetition for Musaf 342",3236
"The Koren Rosh HaShana Mahzor; Ashkenaz, Second Day, Leader's Repetition for Musaf 343",3237
"The Koren Rosh HaShana Mahzor; Ashkenaz, Second Day, Leader's Repetition for Musaf 344",3238
"The Koren Rosh HaShana Mahzor; Ashkenaz, Second Day, Leader's Repetition for Musaf 345",3239
"The Koren Rosh HaShana Mahzor; Ashkenaz, Second Day, Leader's Repetition for Musaf 346",3240
"The Koren Rosh HaShana Mahzor; Ashkenaz, Second Day, Kiddush and Al HaMihya 1",3242
"The Koren Rosh HaShana Mahzor; Ashkenaz, Second Day, Kiddush and Al HaMihya 2",3243
"The Koren Rosh HaShana Mahzor; Ashkenaz, Second Day, Kiddush and Al HaMihya 3",3244
"The Koren Rosh HaShana Mahzor; Ashkenaz, Second Day, Kiddush and Al HaMihya 4",3245
"The Koren Rosh HaShana Mahzor; Ashkenaz, Second Day, Kiddush and Al HaMihya 5",3246
"The Koren Rosh HaShana Mahzor; Ashkenaz, Second Day, Kiddush and Al HaMihya 6",3247
"The Koren Rosh HaShana Mahzor; Ashkenaz, Second Day, Kiddush and Al HaMihya 7",3248
"The Koren Rosh HaShana Mahzor; Ashkenaz, Second Day, Kiddush and Al HaMihya 8",3249
"The Koren Rosh HaShana Mahzor; Ashkenaz, Second Day, Kiddush and Al HaMihya 9",3250
"The Koren Rosh HaShana Mahzor; Ashkenaz, Second Day, Kiddush and Al HaMihya 10",3251
"The Koren Rosh HaShana Mahzor; Ashkenaz, Second Day, Kiddush and Al HaMihya 11",3252
"The Koren Rosh HaShana Mahzor; Ashkenaz, Second Day, Kiddush and Al HaMihya 12",3253
"The Koren Rosh HaShana Mahzor; Ashkenaz, Second Day, Kiddush and Al HaMihya 13",3254
"The Koren Rosh HaShana Mahzor; Ashkenaz, Second Day, Kiddush and Al HaMihya 14",3255
"The Koren Rosh HaShana Mahzor; Ashkenaz, Second Day, Kiddush and Al HaMihya 15",3256
"The Koren Rosh HaShana Mahzor; Ashkenaz, Second Day, Kiddush and Al HaMihya 16",3257
"The Koren Rosh HaShana Mahzor; Ashkenaz, Second Day, Kiddush and Al HaMihya 17",3258
"The Koren Rosh HaShana Mahzor; Ashkenaz, Second Day, Kiddush and Al HaMihya 18",3259
"The Koren Rosh HaShana Mahzor; Ashkenaz, Second Day, Kiddush and Al HaMihya 19",3260
"The Koren Rosh HaShana Mahzor; Ashkenaz, Second Day, Kiddush and Al HaMihya 20",3261
"The Koren Rosh HaShana Mahzor; Ashkenaz, Second Day, Kiddush and Al HaMihya 21",3262
"The Koren Rosh HaShana Mahzor; Ashkenaz, Second Day, Kiddush and Al HaMihya 22",3263
"The Koren Rosh HaShana Mahzor; Ashkenaz, Second Day, Kiddush and Al HaMihya 23",3264
"The Koren Rosh HaShana Mahzor; Ashkenaz, Second Day, Kiddush and Al HaMihya 24",3265
"The Koren Rosh HaShana Mahzor; Ashkenaz, Second Day, Kiddush and Al HaMihya 25",3266
"The Koren Rosh HaShana Mahzor; Ashkenaz, Second Day, Kiddush and Al HaMihya 26",3267
"The Koren Rosh HaShana Mahzor; Ashkenaz, Second Day, Kiddush and Al HaMihya 27",3268
"The Koren Rosh HaShana Mahzor; Ashkenaz, Second Day, Kiddush and Al HaMihya 28",3269
"The Koren Rosh HaShana Mahzor; Ashkenaz, Second Day, Kiddush and Al HaMihya 29",3270
"The Koren Rosh HaShana Mahzor; Ashkenaz, Second Day, Kiddush and Al HaMihya 30",3271
"The Koren Rosh HaShana Mahzor; Ashkenaz, Second Day, Kiddush and Al HaMihya 31",3272
"The Koren Rosh HaShana Mahzor; Ashkenaz, Second Day, Kiddush and Al HaMihya 32",3273
"The Koren Rosh HaShana Mahzor; Ashkenaz, Second Day, Kiddush and Al HaMihya 33",3274
"The Koren Rosh HaShana Mahzor; Ashkenaz, Minha 1",3276
"The Koren Rosh HaShana Mahzor; Ashkenaz, Minha 2",3277
"The Koren Rosh HaShana Mahzor; Ashkenaz, Minha 3",3278
"The Koren Rosh HaShana Mahzor; Ashkenaz, Minha 4",3279
"The Koren Rosh HaShana Mahzor; Ashkenaz, Minha 5",3280
"The Koren Rosh HaShana Mahzor; Ashkenaz, Minha 6",3281
"The Koren Rosh HaShana Mahzor; Ashkenaz, Minha 7",3282
"The Koren Rosh HaShana Mahzor; Ashkenaz, Minha 8",3283
"The Koren Rosh HaShana Mahzor; Ashkenaz, Minha 9",3284
"The Koren Rosh HaShana Mahzor; Ashkenaz, Minha 10",3285
"The Koren Rosh HaShana Mahzor; Ashkenaz, Minha 11",3286
"The Koren Rosh HaShana Mahzor; Ashkenaz, Minha 12",3287
"The Koren Rosh HaShana Mahzor; Ashkenaz, Minha 13",3288
"The Koren Rosh HaShana Mahzor; Ashkenaz, Minha 14",3289
"The Koren Rosh HaShana Mahzor; Ashkenaz, Minha 15",3290
"The Koren Rosh HaShana Mahzor; Ashkenaz, Minha 16",3291
"The Koren Rosh HaShana Mahzor; Ashkenaz, Minha 17",3292
"The Koren Rosh HaShana Mahzor; Ashkenaz, Minha 18",3293
"The Koren Rosh HaShana Mahzor; Ashkenaz, Minha 19",3294
"The Koren Rosh HaShana Mahzor; Ashkenaz, Minha 20",3295
"The Koren Rosh HaShana Mahzor; Ashkenaz, Minha 21",3296
"The Koren Rosh HaShana Mahzor; Ashkenaz, Minha 22",3297
"The Koren Rosh HaShana Mahzor; Ashkenaz, Minha 23",3298
"The Koren Rosh HaShana Mahzor; Ashkenaz, Minha 24",3299
"The Koren Rosh HaShana Mahzor; Ashkenaz, Minha 25",3300
"The Koren Rosh HaShana Mahzor; Ashkenaz, Minha 26",3301
"The Koren Rosh HaShana Mahzor; Ashkenaz, Minha 27",3302
"The Koren Rosh HaShana Mahzor; Ashkenaz, Minha 28",3303
"The Koren Rosh HaShana Mahzor; Ashkenaz, Minha 29",3304
"The Koren Rosh HaShana Mahzor; Ashkenaz, Minha 30",3305
"The Koren Rosh HaShana Mahzor; Ashkenaz, Minha 31",3306
"The Koren Rosh HaShana Mahzor; Ashkenaz, Minha 32",3307
"The Koren Rosh HaShana Mahzor; Ashkenaz, Minha 33",3308
"The Koren Rosh HaShana Mahzor; Ashkenaz, Minha 34",3309
"The Koren Rosh HaShana Mahzor; Ashkenaz, Minha 35",3310
"The Koren Rosh HaShana Mahzor; Ashkenaz, Minha 36",3311
"The Koren Rosh HaShana Mahzor; Ashkenaz, Minha 37",3312
"The Koren Rosh HaShana Mahzor; Ashkenaz, Minha 38",3313
"The Koren Rosh HaShana Mahzor; Ashkenaz, Minha 39",3314
"The Koren Rosh HaShana Mahzor; Ashkenaz, Minha 40",3315
"The Koren Rosh HaShana Mahzor; Ashkenaz, Minha 41",3316
"The Koren Rosh HaShana Mahzor; Ashkenaz, Minha 42",3317
"The Koren Rosh HaShana Mahzor; Ashkenaz, Minha 43",3318
"The Koren Rosh HaShana Mahzor; Ashkenaz, Minha 44",3319
"The Koren Rosh HaShana Mahzor; Ashkenaz, Minha 45",3320
"The Koren Rosh HaShana Mahzor; Ashkenaz, Minha 46",3321
"The Koren Rosh HaShana Mahzor; Ashkenaz, Minha 47",3322
"The Koren Rosh HaShana Mahzor; Ashkenaz, Minha 48",3323
"The Koren Rosh HaShana Mahzor; Ashkenaz, Minha 49",3324
"The Koren Rosh HaShana Mahzor; Ashkenaz, Minha 50",3325
"The Koren Rosh HaShana Mahzor; Ashkenaz, Minha 51",3326
"The Koren Rosh HaShana Mahzor; Ashkenaz, Minha 52",3327
"The Koren Rosh HaShana Mahzor; Ashkenaz, Minha 53",3328
"The Koren Rosh HaShana Mahzor; Ashkenaz, Minha 54",3329
"The Koren Rosh HaShana Mahzor; Ashkenaz, Minha 55",3330
"The Koren Rosh HaShana Mahzor; Ashkenaz, Minha 56",3331
"The Koren Rosh HaShana Mahzor; Ashkenaz, Minha 57",3332
"The Koren Rosh HaShana Mahzor; Ashkenaz, Minha 58",3333
"The Koren Rosh HaShana Mahzor; Ashkenaz, Minha 59",3334
"The Koren Rosh HaShana Mahzor; Ashkenaz, Minha 60",3335
"The Koren Rosh HaShana Mahzor; Ashkenaz, Minha 61",3336
"The Koren Rosh HaShana Mahzor; Ashkenaz, Minha 62",3337
"The Koren Rosh HaShana Mahzor; Ashkenaz, Minha 63",3338
"The Koren Rosh HaShana Mahzor; Ashkenaz, Minha 64",3339
"The Koren Rosh HaShana Mahzor; Ashkenaz, Minha 65",3340
"The Koren Rosh HaShana Mahzor; Ashkenaz, Minha 66",3341
"The Koren Rosh HaShana Mahzor; Ashkenaz, Minha 67",3342
"The Koren Rosh HaShana Mahzor; Ashkenaz, Minha 68",3343
"The Koren Rosh HaShana Mahzor; Ashkenaz, Minha 69",3344
"The Koren Rosh HaShana Mahzor; Ashkenaz, Minha 70",3345
"The Koren Rosh HaShana Mahzor; Ashkenaz, Minha 71",3346
"The Koren Rosh HaShana Mahzor; Ashkenaz, Minha 72",3347
"The Koren Rosh HaShana Mahzor; Ashkenaz, Minha 73",3348
"The Koren Rosh HaShana Mahzor; Ashkenaz, Minha 74",3349
"The Koren Rosh HaShana Mahzor; Ashkenaz, Minha 75",3350
"The Koren Rosh HaShana Mahzor; Ashkenaz, Minha 76",3351
"The Koren Rosh HaShana Mahzor; Ashkenaz, Minha 77",3352
"The Koren Rosh HaShana Mahzor; Ashkenaz, Minha 78",3353
"The Koren Rosh HaShana Mahzor; Ashkenaz, Minha 79",3354
"The Koren Rosh HaShana Mahzor; Ashkenaz, Minha 80",3355
"The Koren Rosh HaShana Mahzor; Ashkenaz, Minha 81",3356
"The Koren Rosh HaShana Mahzor; Ashkenaz, Minha 82",3357
"The Koren Rosh HaShana Mahzor; Ashkenaz, Minha 83",3358
"The Koren Rosh HaShana Mahzor; Ashkenaz, Minha 84",3359
"The Koren Rosh HaShana Mahzor; Ashkenaz, Minha 85",3360
"The Koren Rosh HaShana Mahzor; Ashkenaz, Minha 86",3361
"The Koren Rosh HaShana Mahzor; Ashkenaz, Minha 87",3362
"The Koren Rosh HaShana Mahzor; Ashkenaz, Minha 88",3363
"The Koren Rosh HaShana Mahzor; Ashkenaz, Minha 89",3364
"The Koren Rosh HaShana Mahzor; Ashkenaz, Minha 90",3365
"The Koren Rosh HaShana Mahzor; Ashkenaz, Minha 91",3366
"The Koren Rosh HaShana Mahzor; Ashkenaz, Minha 92",3367
"The Koren Rosh HaShana Mahzor; Ashkenaz, Minha 93",3368
"The Koren Rosh HaShana Mahzor; Ashkenaz, Minha 94",3369
"The Koren Rosh HaShana Mahzor; Ashkenaz, Minha 95",3370
"The Koren Rosh HaShana Mahzor; Ashkenaz, Minha 96",3371
"The Koren Rosh HaShana Mahzor; Ashkenaz, Minha 97",3372
"The Koren Rosh HaShana Mahzor; Ashkenaz, Minha 98",3373
"The Koren Rosh HaShana Mahzor; Ashkenaz, Minha 99",3374
"The Koren Rosh HaShana Mahzor; Ashkenaz, Minha 100",3375
"The Koren Rosh HaShana Mahzor; Ashkenaz, Minha 101",3376
"The Koren Rosh HaShana Mahzor; Ashkenaz, Minha 102",3377
"The Koren Rosh HaShana Mahzor; Ashkenaz, Minha 103",3378
"The Koren Rosh HaShana Mahzor; Ashkenaz, Minha 104",3379
"The Koren Rosh HaShana Mahzor; Ashkenaz, Minha 105",3380
"The Koren Rosh HaShana Mahzor; Ashkenaz, Minha 106",3381
"The Koren Rosh HaShana Mahzor; Ashkenaz, Minha 107",3382
"The Koren Rosh HaShana Mahzor; Ashkenaz, Minha 108",3383
"The Koren Rosh HaShana Mahzor; Ashkenaz, Minha 109",3384
"The Koren Rosh HaShana Mahzor; Ashkenaz, Minha 110",3385
"The Koren Rosh HaShana Mahzor; Ashkenaz, Minha 111",3386
"The Koren Rosh HaShana Mahzor; Ashkenaz, Minha 112",3387
"The Koren Rosh HaShana Mahzor; Ashkenaz, Minha 113",3388
"The Koren Rosh HaShana Mahzor; Ashkenaz, Minha 114",3389
"The Koren Rosh HaShana Mahzor; Ashkenaz, Minha 115",3390
"The Koren Rosh HaShana Mahzor; Ashkenaz, Minha 116",3391
"The Koren Rosh HaShana Mahzor; Ashkenaz, Minha 117",3392
"The Koren Rosh HaShana Mahzor; Ashkenaz, Minha 118",3393
"The Koren Rosh HaShana Mahzor; Ashkenaz, Minha 119",3394
"The Koren Rosh HaShana Mahzor; Ashkenaz, Minha 120",3395
"The Koren Rosh HaShana Mahzor; Ashkenaz, Minha 121",3396
"The Koren Rosh HaShana Mahzor; Ashkenaz, Minha 122",3397
"The Koren Rosh HaShana Mahzor; Ashkenaz, Minha 123",3398
"The Koren Rosh HaShana Mahzor; Ashkenaz, Minha 124",3399
"The Koren Rosh HaShana Mahzor; Ashkenaz, Minha 125",3400
"The Koren Rosh HaShana Mahzor; Ashkenaz, Minha 126",3401
"The Koren Rosh HaShana Mahzor; Ashkenaz, Minha 127",3402
"The Koren Rosh HaShana Mahzor; Ashkenaz, Minha 128",3403
"The Koren Rosh HaShana Mahzor; Ashkenaz, Minha 129",3404
"The Koren Rosh HaShana Mahzor; Ashkenaz, Minha 130",3405
"The Koren Rosh HaShana Mahzor; Ashkenaz, Minha 131",3406
"The Koren Rosh HaShana Mahzor; Ashkenaz, Minha 132",3407
"The Koren Rosh HaShana Mahzor; Ashkenaz, Minha 133",3408
"The Koren Rosh HaShana Mahzor; Ashkenaz, Minha 134",3409
"The Koren Rosh HaShana Mahzor; Ashkenaz, Minha 135",3410
"The Koren Rosh HaShana Mahzor; Ashkenaz, Minha 136",3411
"The Koren Rosh HaShana Mahzor; Ashkenaz, Minha 137",3412
"The Koren Rosh HaShana Mahzor; Ashkenaz, Minha 138",3413
"The Koren Rosh HaShana Mahzor; Ashkenaz, Minha 139",3414
"The Koren Rosh HaShana Mahzor; Ashkenaz, Minha 140",3415
"The Koren Rosh HaShana Mahzor; Ashkenaz, Minha 141",3416
"The Koren Rosh HaShana Mahzor; Ashkenaz, Minha 142",3417
"The Koren Rosh HaShana Mahzor; Ashkenaz, Minha 143",3418
"The Koren Rosh HaShana Mahzor; Ashkenaz, Minha 144",3419
"The Koren Rosh HaShana Mahzor; Ashkenaz, Minha 145",3420
"The Koren Rosh HaShana Mahzor; Ashkenaz, Minha 146",3421
"The Koren Rosh HaShana Mahzor; Ashkenaz, Minha 147",3422
"The Koren Rosh HaShana Mahzor; Ashkenaz, Minha 148",3423
"The Koren Rosh HaShana Mahzor; Ashkenaz, Minha 149",3424
"The Koren Rosh HaShana Mahzor; Ashkenaz, Minha 150",3425
"The Koren Rosh HaShana Mahzor; Ashkenaz, Minha 151",3426
"The Koren Rosh HaShana Mahzor; Ashkenaz, Minha 152",3427
"The Koren Rosh HaShana Mahzor; Ashkenaz, Minha 153",3428
"The Koren Rosh HaShana Mahzor; Ashkenaz, Minha 154",3429
"The Koren Rosh HaShana Mahzor; Ashkenaz, Minha 155",3430
"The Koren Rosh HaShana Mahzor; Ashkenaz, Minha 156",3431
"The Koren Rosh HaShana Mahzor; Ashkenaz, Minha 157",3432
"The Koren Rosh HaShana Mahzor; Ashkenaz, Minha 158",3433
"The Koren Rosh HaShana Mahzor; Ashkenaz, Minha 159",3434
"The Koren Rosh HaShana Mahzor; Ashkenaz, Minha 160",3435
"The Koren Rosh HaShana Mahzor; Ashkenaz, Minha 161",3436
"The Koren Rosh HaShana Mahzor; Ashkenaz, Minha 162",3437
"The Koren Rosh HaShana Mahzor; Ashkenaz, Minha 163",3438
"The Koren Rosh HaShana Mahzor; Ashkenaz, Minha 164",3439
"The Koren Rosh HaShana Mahzor; Ashkenaz, Minha 165",3440
"The Koren Rosh HaShana Mahzor; Ashkenaz, Minha 166",3441
"The Koren Rosh HaShana Mahzor; Ashkenaz, Minha 167",3442
"The Koren Rosh HaShana Mahzor; Ashkenaz, Minha 168",3443
"The Koren Rosh HaShana Mahzor; Ashkenaz, Minha 169",3444
"The Koren Rosh HaShana Mahzor; Ashkenaz, Minha 170",3445
"The Koren Rosh HaShana Mahzor; Ashkenaz, Minha 171",3446
"The Koren Rosh HaShana Mahzor; Ashkenaz, Minha 172",3447
"The Koren Rosh HaShana Mahzor; Ashkenaz, Minha 173",3448
"The Koren Rosh HaShana Mahzor; Ashkenaz, Minha 174",3449
"The Koren Rosh HaShana Mahzor; Ashkenaz, Minha 175",3450
"The Koren Rosh HaShana Mahzor; Ashkenaz, Minha 176",3451
"The Koren Rosh HaShana Mahzor; Ashkenaz, Minha 177",3452
"The Koren Rosh HaShana Mahzor; Ashkenaz, Minha 178",3453
"The Koren Rosh HaShana Mahzor; Ashkenaz, Minha 179",3454
"The Koren Rosh HaShana Mahzor; Ashkenaz, Minha 180",3455
"The Koren Rosh HaShana Mahzor; Ashkenaz, Minha 181",3456
"The Koren Rosh HaShana Mahzor; Ashkenaz, Minha 182",3457
"The Koren Rosh HaShana Mahzor; Ashkenaz, Minha 183",3458
"The Koren Rosh HaShana Mahzor; Ashkenaz, Minha 184",3459
"The Koren Rosh HaShana Mahzor; Ashkenaz, Minha 185",3460
"The Koren Rosh HaShana Mahzor; Ashkenaz, Minha 186",3461
"The Koren Rosh HaShana Mahzor; Ashkenaz, Minha 187",3462
"The Koren Rosh HaShana Mahzor; Ashkenaz, Minha 188",3463
"The Koren Rosh HaShana Mahzor; Ashkenaz, Minha 189",3464
"The Koren Rosh HaShana Mahzor; Ashkenaz, Minha 190",3465
"The Koren Rosh HaShana Mahzor; Ashkenaz, Tashlikh 1",3467
"The Koren Rosh HaShana Mahzor; Ashkenaz, Tashlikh 2",3468
"The Koren Rosh HaShana Mahzor; Ashkenaz, Tashlikh 3",3469
"The Koren Rosh HaShana Mahzor; Ashkenaz, Tashlikh 4",3470
"The Koren Rosh HaShana Mahzor; Ashkenaz, Tashlikh 5",3471
"The Koren Rosh HaShana Mahzor; Ashkenaz, Tashlikh 6",3472
"The Koren Rosh HaShana Mahzor; Ashkenaz, Tashlikh 7",3473
"The Koren Rosh HaShana Mahzor; Ashkenaz, Tashlikh 8",3474
"The Koren Rosh HaShana Mahzor; Ashkenaz, Tashlikh 9",3475
"The Koren Rosh HaShana Mahzor; Ashkenaz, Tashlikh 10",3476
"The Koren Rosh HaShana Mahzor; Ashkenaz, Tashlikh 11",3477
"The Koren Rosh HaShana Mahzor; Ashkenaz, Tashlikh 12",3478
"The Koren Rosh HaShana Mahzor; Ashkenaz, Tashlikh 13",3479
"The Koren Rosh HaShana Mahzor; Ashkenaz, Tashlikh 14",3480
"The Koren Rosh HaShana Mahzor; Ashkenaz, Tashlikh 15",3481
"The Koren Rosh HaShana Mahzor; Ashkenaz, Tashlikh 16",3482
"The Koren Rosh HaShana Mahzor; Ashkenaz, Tashlikh 17",3483
"The Koren Rosh HaShana Mahzor; Ashkenaz, Tashlikh 18",3484
"The Koren Rosh HaShana Mahzor; Ashkenaz, Tashlikh 19",3485
"The Koren Rosh HaShana Mahzor; Ashkenaz, Tashlikh 20",3486
"The Koren Rosh HaShana Mahzor; Ashkenaz, Tashlikh 21",3487
"The Koren Rosh HaShana Mahzor; Ashkenaz, Tashlikh 22",3488
"The Koren Rosh HaShana Mahzor; Ashkenaz, Ma'ariv for Motza'ei Rosh HaShana 1",3490
"The Koren Rosh HaShana Mahzor; Ashkenaz, Ma'ariv for Motza'ei Rosh HaShana 2",3491
"The Koren Rosh HaShana Mahzor; Ashkenaz, Ma'ariv for Motza'ei Rosh HaShana 3",3492
"The Koren Rosh HaShana Mahzor; Ashkenaz, Ma'ariv for Motza'ei Rosh HaShana 4",3493
"The Koren Rosh HaShana Mahzor; Ashkenaz, Ma'ariv for Motza'ei Rosh HaShana 5",3494
"The Koren Rosh HaShana Mahzor; Ashkenaz, Ma'ariv for Motza'ei Rosh HaShana 6",3495
"The Koren Rosh HaShana Mahzor; Ashkenaz, Ma'ariv for Motza'ei Rosh HaShana 7",3496
"The Koren Rosh HaShana Mahzor; Ashkenaz, Ma'ariv for Motza'ei Rosh HaShana 8",3497
"The Koren Rosh HaShana Mahzor; Ashkenaz, Ma'ariv for Motza'ei Rosh HaShana 9",3498
"The Koren Rosh HaShana Mahzor; Ashkenaz, Ma'ariv for Motza'ei Rosh HaShana 10",3499
"The Koren Rosh HaShana Mahzor; Ashkenaz, Ma'ariv for Motza'ei Rosh HaShana 11",3500
"The Koren Rosh HaShana Mahzor; Ashkenaz, Ma'ariv for Motza'ei Rosh HaShana 12",3501
"The Koren Rosh HaShana Mahzor; Ashkenaz, Ma'ariv for Motza'ei Rosh HaShana 13",3502
"The Koren Rosh HaShana Mahzor; Ashkenaz, Ma'ariv for Motza'ei Rosh HaShana 14",3503
"The Koren Rosh HaShana Mahzor; Ashkenaz, Ma'ariv for Motza'ei Rosh HaShana 15",3504
"The Koren Rosh HaShana Mahzor; Ashkenaz, Ma'ariv for Motza'ei Rosh HaShana 16",3505
"The Koren Rosh HaShana Mahzor; Ashkenaz, Ma'ariv for Motza'ei Rosh HaShana 17",3506
"The Koren Rosh HaShana Mahzor; Ashkenaz, Ma'ariv for Motza'ei Rosh HaShana 18",3507
"The Koren Rosh HaShana Mahzor; Ashkenaz, Ma'ariv for Motza'ei Rosh HaShana 19",3508
"The Koren Rosh HaShana Mahzor; Ashkenaz, Ma'ariv for Motza'ei Rosh HaShana 20",3509
"The Koren Rosh HaShana Mahzor; Ashkenaz, Ma'ariv for Motza'ei Rosh HaShana 21",3510
"The Koren Rosh HaShana Mahzor; Ashkenaz, Ma'ariv for Motza'ei Rosh HaShana 22",3511
"The Koren Rosh HaShana Mahzor; Ashkenaz, Ma'ariv for Motza'ei Rosh HaShana 23",3512
"The Koren Rosh HaShana Mahzor; Ashkenaz, Ma'ariv for Motza'ei Rosh HaShana 24",3513
"The Koren Rosh HaShana Mahzor; Ashkenaz, Ma'ariv for Motza'ei Rosh HaShana 25",3514
"The Koren Rosh HaShana Mahzor; Ashkenaz, Ma'ariv for Motza'ei Rosh HaShana 26",3515
"The Koren Rosh HaShana Mahzor; Ashkenaz, Ma'ariv for Motza'ei Rosh HaShana 27",3516
"The Koren Rosh HaShana Mahzor; Ashkenaz, Ma'ariv for Motza'ei Rosh HaShana 28",3517
"The Koren Rosh HaShana Mahzor; Ashkenaz, Ma'ariv for Motza'ei Rosh HaShana 29",3518
"The Koren Rosh HaShana Mahzor; Ashkenaz, Ma'ariv for Motza'ei Rosh HaShana 30",3519
"The Koren Rosh HaShana Mahzor; Ashkenaz, Ma'ariv for Motza'ei Rosh HaShana 31",3520
"The Koren Rosh HaShana Mahzor; Ashkenaz, Ma'ariv for Motza'ei Rosh HaShana 32",3521
"The Koren Rosh HaShana Mahzor; Ashkenaz, Ma'ariv for Motza'ei Rosh HaShana 33",3522
"The Koren Rosh HaShana Mahzor; Ashkenaz, Ma'ariv for Motza'ei Rosh HaShana 34",3523
"The Koren Rosh HaShana Mahzor; Ashkenaz, Ma'ariv for Motza'ei Rosh HaShana 35",3524
"The Koren Rosh HaShana Mahzor; Ashkenaz, Ma'ariv for Motza'ei Rosh HaShana 36",3525
"The Koren Rosh HaShana Mahzor; Ashkenaz, Ma'ariv for Motza'ei Rosh HaShana 37",3526
"The Koren Rosh HaShana Mahzor; Ashkenaz, Ma'ariv for Motza'ei Rosh HaShana 38",3527
"The Koren Rosh HaShana Mahzor; Ashkenaz, Ma'ariv for Motza'ei Rosh HaShana 39",3528
"The Koren Rosh HaShana Mahzor; Ashkenaz, Ma'ariv for Motza'ei Rosh HaShana 40",3529
"The Koren Rosh HaShana Mahzor; Ashkenaz, Ma'ariv for Motza'ei Rosh HaShana 41",3530
"The Koren Rosh HaShana Mahzor; Ashkenaz, Ma'ariv for Motza'ei Rosh HaShana 42",3531
"The Koren Rosh HaShana Mahzor; Ashkenaz, Ma'ariv for Motza'ei Rosh HaShana 43",3532
"The Koren Rosh HaShana Mahzor; Ashkenaz, Ma'ariv for Motza'ei Rosh HaShana 44",3533
"The Koren Rosh HaShana Mahzor; Ashkenaz, Ma'ariv for Motza'ei Rosh HaShana 45",3534
"The Koren Rosh HaShana Mahzor; Ashkenaz, Ma'ariv for Motza'ei Rosh HaShana 46",3535
"The Koren Rosh HaShana Mahzor; Ashkenaz, Ma'ariv for Motza'ei Rosh HaShana 47",3536
"The Koren Rosh HaShana Mahzor; Ashkenaz, Ma'ariv for Motza'ei Rosh HaShana 48",3537
"The Koren Rosh HaShana Mahzor; Ashkenaz, Ma'ariv for Motza'ei Rosh HaShana 49",3538
"The Koren Rosh HaShana Mahzor; Ashkenaz, Ma'ariv for Motza'ei Rosh HaShana 50",3539
"The Koren Rosh HaShana Mahzor; Ashkenaz, Ma'ariv for Motza'ei Rosh HaShana 51",3540
"The Koren Rosh HaShana Mahzor; Ashkenaz, Ma'ariv for Motza'ei Rosh HaShana 52",3541
"The Koren Rosh HaShana Mahzor; Ashkenaz, Ma'ariv for Motza'ei Rosh HaShana 53",3542
"The Koren Rosh HaShana Mahzor; Ashkenaz, Ma'ariv for Motza'ei Rosh HaShana 54",3543
"The Koren Rosh HaShana Mahzor; Ashkenaz, Ma'ariv for Motza'ei Rosh HaShana 55",3544
"The Koren Rosh HaShana Mahzor; Ashkenaz, Ma'ariv for Motza'ei Rosh HaShana 56",3545
"The Koren Rosh HaShana Mahzor; Ashkenaz, Ma'ariv for Motza'ei Rosh HaShana 57",3546
"The Koren Rosh HaShana Mahzor; Ashkenaz, Ma'ariv for Motza'ei Rosh HaShana 58",3547
"The Koren Rosh HaShana Mahzor; Ashkenaz, Ma'ariv for Motza'ei Rosh HaShana 59",3548
"The Koren Rosh HaShana Mahzor; Ashkenaz, Ma'ariv for Motza'ei Rosh HaShana 60",3549
"The Koren Rosh HaShana Mahzor; Ashkenaz, Ma'ariv for Motza'ei Rosh HaShana 61",3550
"The Koren Rosh HaShana Mahzor; Ashkenaz, Ma'ariv for Motza'ei Rosh HaShana 62",3551
"The Koren Rosh HaShana Mahzor; Ashkenaz, Ma'ariv for Motza'ei Rosh HaShana 63",3552
"The Koren Rosh HaShana Mahzor; Ashkenaz, Ma'ariv for Motza'ei Rosh HaShana 64",3553
"The Koren Rosh HaShana Mahzor; Ashkenaz, Ma'ariv for Motza'ei Rosh HaShana 65",3554
"The Koren Rosh HaShana Mahzor; Ashkenaz, Ma'ariv for Motza'ei Rosh HaShana 66",3555
"The Koren Rosh HaShana Mahzor; Ashkenaz, Ma'ariv for Motza'ei Rosh HaShana 67",3556
"The Koren Rosh HaShana Mahzor; Ashkenaz, Ma'ariv for Motza'ei Rosh HaShana 68",3557
"The Koren Rosh HaShana Mahzor; Ashkenaz, Ma'ariv for Motza'ei Rosh HaShana 69",3558
"The Koren Rosh HaShana Mahzor; Ashkenaz, Ma'ariv for Motza'ei Rosh HaShana 70",3559
"The Koren Rosh HaShana Mahzor; Ashkenaz, Ma'ariv for Motza'ei Rosh HaShana 71",3560
"The Koren Rosh HaShana Mahzor; Ashkenaz, Ma'ariv for Motza'ei Rosh HaShana 72",3561
"The Koren Rosh HaShana Mahzor; Ashkenaz, Ma'ariv for Motza'ei Rosh HaShana 73",3562
"The Koren Rosh HaShana Mahzor; Ashkenaz, Ma'ariv for Motza'ei Rosh HaShana 74",3563
"The Koren Rosh HaShana Mahzor; Ashkenaz, Ma'ariv for Motza'ei Rosh HaShana 75",3564
"The Koren Rosh HaShana Mahzor; Ashkenaz, Ma'ariv for Motza'ei Rosh HaShana 76",3565
"The Koren Rosh HaShana Mahzor; Ashkenaz, Ma'ariv for Motza'ei Rosh HaShana 77",3566
"The Koren Rosh HaShana Mahzor; Ashkenaz, Ma'ariv for Motza'ei Rosh HaShana 78",3567
"The Koren Rosh HaShana Mahzor; Ashkenaz, Ma'ariv for Motza'ei Rosh HaShana 79",3568
"The Koren Rosh HaShana Mahzor; Ashkenaz, Ma'ariv for Motza'ei Rosh HaShana 80",3569
"The Koren Rosh HaShana Mahzor; Ashkenaz, Ma'ariv for Motza'ei Rosh HaShana 81",3570
"The Koren Rosh HaShana Mahzor; Ashkenaz, Ma'ariv for Motza'ei Rosh HaShana 82",3571
"The Koren Rosh HaShana Mahzor; Ashkenaz, Ma'ariv for Motza'ei Rosh HaShana 83",3572
"The Koren Rosh HaShana Mahzor; Ashkenaz, Ma'ariv for Motza'ei Rosh HaShana 84",3573
"The Koren Rosh HaShana Mahzor; Ashkenaz, Ma'ariv for Motza'ei Rosh HaShana 85",3574
"The Koren Rosh HaShana Mahzor; Ashkenaz, Ma'ariv for Motza'ei Rosh HaShana 86",3575
"The Koren Rosh HaShana Mahzor; Ashkenaz, Ma'ariv for Motza'ei Rosh HaShana 87",3576
"The Koren Rosh HaShana Mahzor; Ashkenaz, Ma'ariv for Motza'ei Rosh HaShana 88",3577
"The Koren Rosh HaShana Mahzor; Ashkenaz, Ma'ariv for Motza'ei Rosh HaShana 89",3578
"The Koren Rosh HaShana Mahzor; Ashkenaz, Ma'ariv for Motza'ei Rosh HaShana 90",3579
"The Koren Rosh HaShana Mahzor; Ashkenaz, Ma'ariv for Motza'ei Rosh HaShana 91",3580
"The Koren Rosh HaShana Mahzor; Ashkenaz, Ma'ariv for Motza'ei Rosh HaShana 92",3581
"The Koren Rosh HaShana Mahzor; Ashkenaz, Ma'ariv for Motza'ei Rosh HaShana 93",3582
"The Koren Rosh HaShana Mahzor; Ashkenaz, Ma'ariv for Motza'ei Rosh HaShana 94",3583
"The Koren Rosh HaShana Mahzor; Ashkenaz, Ma'ariv for Motza'ei Rosh HaShana 95",3584
"The Koren Rosh HaShana Mahzor; Ashkenaz, Ma'ariv for Motza'ei Rosh HaShana 96",3585
"The Koren Rosh HaShana Mahzor; Ashkenaz, Ma'ariv for Motza'ei Rosh HaShana 97",3586
"The Koren Rosh HaShana Mahzor; Ashkenaz, Ma'ariv for Motza'ei Rosh HaShana 98",3587
"The Koren Rosh HaShana Mahzor; Ashkenaz, Ma'ariv for Motza'ei Rosh HaShana 99",3588
"The Koren Rosh HaShana Mahzor; Ashkenaz, Ma'ariv for Motza'ei Rosh HaShana 100",3589
"The Koren Rosh HaShana Mahzor; Ashkenaz, Ma'ariv for Motza'ei Rosh HaShana 101",3590
"The Koren Rosh HaShana Mahzor; Ashkenaz, Ma'ariv for Motza'ei Rosh HaShana 102",3591
"The Koren Rosh HaShana Mahzor; Ashkenaz, Ma'ariv for Motza'ei Rosh HaShana 103",3592
"The Koren Rosh HaShana Mahzor; Ashkenaz, Ma'ariv for Motza'ei Rosh HaShana 104",3593
"The Koren Rosh HaShana Mahzor; Ashkenaz, Ma'ariv for Motza'ei Rosh HaShana 105",3594
"The Koren Rosh HaShana Mahzor; Ashkenaz, Ma'ariv for Motza'ei Rosh HaShana 106",3595
"The Koren Rosh HaShana Mahzor; Ashkenaz, Ma'ariv for Motza'ei Rosh HaShana 107",3596
"The Koren Rosh HaShana Mahzor; Ashkenaz, Ma'ariv for Motza'ei Rosh HaShana 108",3597
"The Koren Rosh HaShana Mahzor; Ashkenaz, Ma'ariv for Motza'ei Rosh HaShana 109",3598
"The Koren Rosh HaShana Mahzor; Ashkenaz, Ma'ariv for Motza'ei Rosh HaShana 110",3599
"The Koren Rosh HaShana Mahzor; Ashkenaz, Ma'ariv for Motza'ei Rosh HaShana 111",3600
"The Koren Rosh HaShana Mahzor; Ashkenaz, Ma'ariv for Motza'ei Rosh HaShana 112",3601
"The Koren Rosh HaShana Mahzor; Ashkenaz, Ma'ariv for Motza'ei Rosh HaShana 113",3602
"The Koren Rosh HaShana Mahzor; Ashkenaz, Ma'ariv for Motza'ei Rosh HaShana 114",3603
"The Koren Rosh HaShana Mahzor; Ashkenaz, Ma'ariv for Motza'ei Rosh HaShana 115",3604
"The Koren Rosh HaShana Mahzor; Ashkenaz, Ma'ariv for Motza'ei Rosh HaShana 116",3605
"The Koren Rosh HaShana Mahzor; Ashkenaz, Ma'ariv for Motza'ei Rosh HaShana 117",3606
"The Koren Rosh HaShana Mahzor; Ashkenaz, Ma'ariv for Motza'ei Rosh HaShana 118",3607
"The Koren Rosh HaShana Mahzor; Ashkenaz, Ma'ariv for Motza'ei Rosh HaShana 119",3608
"The Koren Rosh HaShana Mahzor; Ashkenaz, Ma'ariv for Motza'ei Rosh HaShana 120",3609
"The Koren Rosh HaShana Mahzor; Ashkenaz, Ma'ariv for Motza'ei Rosh HaShana 121",3610
"The Koren Rosh HaShana Mahzor; Ashkenaz, Ma'ariv for Motza'ei Rosh HaShana 122",3611
"The Koren Rosh HaShana Mahzor; Ashkenaz, Ma'ariv for Motza'ei Rosh HaShana 123",3612
"The Koren Rosh HaShana Mahzor; Ashkenaz, Ma'ariv for Motza'ei Rosh HaShana 124",3613
"The Koren Rosh HaShana Mahzor; Ashkenaz, Ma'ariv for Motza'ei Rosh HaShana 125",3614
"The Koren Rosh HaShana Mahzor; Ashkenaz, Ma'ariv for Motza'ei Rosh HaShana 126",3615
"The Koren Rosh HaShana Mahzor; Ashkenaz, Ma'ariv for Motza'ei Rosh HaShana 127",3616
"The Koren Rosh HaShana Mahzor; Ashkenaz, Ma'ariv for Motza'ei Rosh HaShana 128",3617
"The Koren Rosh HaShana Mahzor; Ashkenaz, Ma'ariv for Motza'ei Rosh HaShana 129",3618
"The Koren Rosh HaShana Mahzor; Ashkenaz, Ma'ariv for Motza'ei Rosh HaShana 130",3619
"The Koren Rosh HaShana Mahzor; Ashkenaz, Ma'ariv for Motza'ei Rosh HaShana 131",3620
"The Koren Rosh HaShana Mahzor; Ashkenaz, Ma'ariv for Motza'ei Rosh HaShana 132",3621
"The Koren Rosh HaShana Mahzor; Ashkenaz, Ma'ariv for Motza'ei Rosh HaShana 133",3622
"The Koren Rosh HaShana Mahzor; Ashkenaz, Ma'ariv for Motza'ei Rosh HaShana 134",3623
"The Koren Rosh HaShana Mahzor; Ashkenaz, Ma'ariv for Motza'ei Rosh HaShana 135",3624
"The Koren Rosh HaShana Mahzor; Ashkenaz, Brit Mila 1",3626
"The Koren Rosh HaShana Mahzor; Ashkenaz, Brit Mila 2",3627
"The Koren Rosh HaShana Mahzor; Ashkenaz, Brit Mila 3",3628
"The Koren Rosh HaShana Mahzor; Ashkenaz, Brit Mila 4",3629
"The Koren Rosh HaShana Mahzor; Ashkenaz, Brit Mila 5",3630
"The Koren Rosh HaShana Mahzor; Ashkenaz, Brit Mila 6",3631
"The Koren Rosh HaShana Mahzor; Ashkenaz, Brit Mila 7",3632
"The Koren Rosh HaShana Mahzor; Ashkenaz, Brit Mila 8",3633
"The Koren Rosh HaShana Mahzor; Ashkenaz, Brit Mila 9",3634
"The Koren Rosh HaShana Mahzor; Ashkenaz, Brit Mila 10",3635
"The Koren Rosh HaShana Mahzor; Ashkenaz, Brit Mila 11",3636
"The Koren Rosh HaShana Mahzor; Ashkenaz, Brit Mila 12",3637
"The Koren Rosh HaShana Mahzor; Ashkenaz, Brit Mila 13",3638
"The Koren Rosh HaShana Mahzor; Ashkenaz, Brit Mila 14",3639
"The Koren Rosh HaShana Mahzor; Ashkenaz, Brit Mila 15",3640
"The Koren Rosh HaShana Mahzor; Ashkenaz, Brit Mila 16",3641
"The Koren Rosh HaShana Mahzor; Ashkenaz, Brit Mila 17",3642
"The Koren Rosh HaShana Mahzor; Ashkenaz, Brit Mila 18",3643
"The Koren Rosh HaShana Mahzor; Ashkenaz, Brit Mila 19",3644
"The Koren Rosh HaShana Mahzor; Ashkenaz, Brit Mila 20",3645
"The Koren Rosh HaShana Mahzor; Ashkenaz, Brit Mila 21",3646
"The Koren Rosh HaShana Mahzor; Ashkenaz, Brit Mila 22",3647
"The Koren Rosh HaShana Mahzor; Ashkenaz, Brit Mila 23",3648
"The Koren Rosh HaShana Mahzor; Ashkenaz, Brit Mila 24",3649
"The Koren Rosh HaShana Mahzor; Ashkenaz, Brit Mila 25",3650
"The Koren Rosh HaShana Mahzor; Ashkenaz, Brit Mila 26",3651
"The Koren Rosh HaShana Mahzor; Ashkenaz, Brit Mila 27",3652
"The Koren Rosh HaShana Mahzor; Ashkenaz, Brit Mila 28",3653
"The Koren Rosh HaShana Mahzor; Ashkenaz, Brit Mila 29",3654
"The Koren Rosh HaShana Mahzor; Ashkenaz, Brit Mila 30",3655
"The Koren Rosh HaShana Mahzor; Ashkenaz, Brit Mila 31",3656
"The Koren Rosh HaShana Mahzor; Ashkenaz, Brit Mila 32",3657
"The Koren Rosh HaShana Mahzor; Ashkenaz, Brit Mila 33",3658
"The Koren Rosh HaShana Mahzor; Ashkenaz, Brit Mila 34",3659
"The Koren Rosh HaShana Mahzor; Ashkenaz, Brit Mila 35",3660
"The Koren Rosh HaShana Mahzor; Ashkenaz, Full Kaddish 1",3665
"The Koren Rosh HaShana Mahzor; Ashkenaz, Full Kaddish 2",3666
"The Koren Rosh HaShana Mahzor; Ashkenaz, Full Kaddish 3",3667
"The Koren Rosh HaShana Mahzor; Ashkenaz, Full Kaddish 4",3668
"The Koren Rosh HaShana Mahzor; Ashkenaz, Full Kaddish 5",3669
"The Koren Rosh HaShana Mahzor; Ashkenaz, Full Kaddish 6",3670
"The Koren Rosh HaShana Mahzor; Ashkenaz, Full Kaddish 7",3671
"The Koren Rosh HaShana Mahzor; Ashkenaz, Full Kaddish 8",3672
"The Koren Rosh HaShana Mahzor; Ashkenaz, Full Kaddish 9",3673
"The Koren Rosh HaShana Mahzor; Ashkenaz, Full Kaddish 10",3674
