ref,line_index
"The Koren Shalem Siddur; Ashkenaz, Weekdays, On Waking 1",9
"The Koren Shalem Siddur; Ashkenaz, Weekdays, On Waking 2",10
"The Koren Shalem Siddur; Ashkenaz, Weekdays, On Waking 3",11
"The Koren Shalem Siddur; Ashkenaz, Weekdays, On Waking 4",12
"The Koren Shalem Siddur; Ashkenaz, Weekdays, On Waking 5",13
"The Koren Shalem Siddur; Ashkenaz, Weekdays, On Waking 6",14
"The Koren Shalem Siddur; Ashkenaz, Weekdays, On Waking 7",15
"The Koren Shalem Siddur; Ashkenaz, Weekdays, On Waking 8",16
"The Koren Shalem Siddur; Ashkenaz, Weekdays, On Waking 9",17
"The Koren Shalem Siddur; Ashkenaz, Weekdays, On Waking 10",18
"The Koren Shalem Siddur; Ashkenaz, Weekdays, On Waking 11",19
"The Koren Shalem Siddur; Ashkenaz, Weekdays, On Waking 12",20
"The Koren Shalem Siddur; Ashkenaz, Weekdays, Blessings Over the Torah 1",22
"The Koren Shalem Siddur; Ashkenaz, Weekdays, Blessings Over the Torah 2",23
"The Koren Shalem Siddur; Ashkenaz, Weekdays, Blessings Over the Torah 3",24
"The Koren Shalem Siddur; Ashkenaz, Weekdays, Blessings Over the Torah 4",25
"The Koren Shalem Siddur; Ashkenaz, Weekdays, Blessings Over the Torah 5",26
"The Koren Shalem Siddur; Ashkenaz, Weekdays, Blessings Over the Torah 6",27
"The Koren Shalem Siddur; Ashkenaz, Weekdays, Blessings Over the Torah 7",28
"The Koren Shalem Siddur; Ashkenaz, Weekdays, Blessings Over the Torah 8",29
"The Koren Shalem Siddur; Ashkenaz, Weekdays, Tallit 1",31
"The Koren Shalem Siddur; Ashkenaz, Weekdays, Tallit 2",32
"The Koren Shalem Siddur; Ashkenaz, Weekdays, Tallit 3",33
"The Koren Shalem Siddur; Ashkenaz, Weekdays, Tallit 4",34
"The Koren Shalem Siddur; Ashkenaz, Weekdays, Tallit 5",35
"The Koren Shalem Siddur; Ashkenaz, Weekdays, Tallit 6",36
"The Koren Shalem Siddur; Ashkenaz, Weekdays, Tallit 7",37
"The Koren Shalem Siddur; Ashkenaz, Weekdays, Tallit 8",38
"The Koren Shalem Siddur; Ashkenaz, Weekdays, Tefillin 1",40
"The Koren Shalem Siddur; Ashkenaz, Weekdays, Tefillin 2",41
"The Koren Shalem Siddur; Ashkenaz, Weekdays, Tefillin 3",42
"The Koren Shalem Siddur; Ashkenaz, Weekdays, Tefillin 4",43
"The Koren Shalem Siddur; Ashkenaz, Weekdays, Tefillin 5",44
"The Koren Shalem Siddur; Ashkenaz, Weekdays, Tefillin 6",45
"The Koren Shalem Siddur; Ashkenaz, Weekdays, Tefillin 7",46
"The Koren Shalem Siddur; Ashkenaz, Weekdays, Tefillin 8",47
"The Koren Shalem Siddur; Ashkenaz, Weekdays, Tefillin 9",48
"The Koren Shalem Siddur; Ashkenaz, Weekdays, Tefillin 10",49
"The Koren Shalem Siddur; Ashkenaz, Weekdays, Tefillin 11",50
"The Koren Shalem Siddur; Ashkenaz, Weekdays, Tefillin 12",51
"The Koren Shalem Siddur; Ashkenaz, Weekdays, Tefillin 13",52
"The Koren Shalem Siddur; Ashkenaz, Weekdays, Tefillin 14",53
"The Koren Shalem Siddur; Ashkenaz, Weekdays, Tefillin 15",54
"The Koren Shalem Siddur; Ashkenaz, Weekdays, Tefillin 16",55
"The Koren Shalem Siddur; Ashkenaz, Weekdays, Preparation for Prayer 1",57
"The Koren Shalem Siddur; Ashkenaz, Weekdays, Preparation for Prayer 2",58
"The Koren Shalem Siddur; Ashkenaz, Weekdays, Preparation for Prayer 3",59
"The Koren Shalem Siddur; Ashkenaz, Weekdays, Preparation for Prayer 4",60
"The Koren Shalem Siddur; Ashkenaz, Weekdays, Preparation for Prayer 5",61
"The Koren Shalem Siddur; Ashkenaz, Weekdays, Preparation for Prayer 6",62
"The Koren Shalem Siddur; Ashkenaz, Weekdays, Preparation for Prayer 7",63
"The Koren Shalem Siddur; Ashkenaz, Weekdays, Preparation for Prayer 8",64
"The Koren Shalem Siddur; Ashkenaz, Weekdays, Preparation for Prayer 9",65
"The Koren Shalem Siddur; Ashkenaz, Weekdays, Preparation for Prayer 10",66
"The Koren Shalem Siddur; Ashkenaz, Weekdays, Preparation for Prayer 11",67
"The Koren Shalem Siddur; Ashkenaz, Weekdays, Preparation for Prayer 12",68
"The Koren Shalem Siddur; Ashkenaz, Weekdays, Preparation for Prayer 13",69
"The Koren Shalem Siddur; Ashkenaz, Weekdays, Preparation for Prayer 14",70
"The Koren Shalem Siddur; Ashkenaz, Weekdays, Preparation for Prayer 15",71
"The Koren Shalem Siddur; Ashkenaz, Weekdays, Preparation for Prayer 16",72
"The Koren Shalem Siddur; Ashkenaz, Weekdays, Preparation for Prayer 17",73
"The Koren Shalem Siddur; Ashkenaz, Weekdays, Preparation for Prayer 18",74
"The Koren Shalem Siddur; Ashkenaz, Weekdays, Preparation for Prayer 19",75
"The Koren Shalem Siddur; Ashkenaz, Weekdays, Preparation for Prayer 20",76
"The Koren Shalem Siddur; Ashkenaz, Weekdays, Preparation for Prayer 21",77
"The Koren Shalem Siddur; Ashkenaz, Weekdays, Preparation for Prayer 22",78
"The Koren Shalem Siddur; Ashkenaz, Weekdays, Preparation for Prayer 23",79
"The Koren Shalem Siddur; Ashkenaz, Weekdays, Preparation for Prayer 24",80
"The Koren Shalem Siddur; Ashkenaz, Weekdays, Preparation for Prayer 25",81
"The Koren Shalem Siddur; Ashkenaz, Weekdays, Preparation for Prayer 26",82
"The Koren Shalem Siddur; Ashkenaz, Weekdays, Preparation for Prayer 27",83
"The Koren Shalem Siddur; Ashkenaz, Weekdays, Preparation for Prayer 28",84
"The Koren Shalem Siddur; Ashkenaz, Weekdays, Morning Blessings 1",86
"The Koren Shalem Siddur; Ashkenaz, Weekdays, Morning Blessings 2",87
"The Koren Shalem Siddur; Ashkenaz, Weekdays, Morning Blessings 3",88
"The Koren Shalem Siddur; Ashkenaz, Weekdays, Morning Blessings 4",89
"The Koren Shalem Siddur; Ashkenaz, Weekdays, Morning Blessings 5",90
"The Koren Shalem Siddur; Ashkenaz, Weekdays, Morning Blessings 6",91
"The Koren Shalem Siddur; Ashkenaz, Weekdays, Morning Blessings 7",92
"The Koren Shalem Siddur; Ashkenaz, Weekdays, Morning Blessings 8",93
"The Koren Shalem Siddur; Ashkenaz, Weekdays, Morning Blessings 9",94
"The Koren Shalem Siddur; Ashkenaz, Weekdays, Morning Blessings 10",95
"The Koren Shalem Siddur; Ashkenaz, Weekdays, Morning Blessings 11",96
"The Koren Shalem Siddur; Ashkenaz, Weekdays, Morning Blessings 12",97
"The Koren Shalem Siddur; Ashkenaz, Weekdays, Morning Blessings 13",98
"The Koren Shalem Siddur; Ashkenaz, Weekdays, Morning Blessings 14",99
"The Koren Shalem Siddur; Ashkenaz, Weekdays, Morning Blessings 15",100
"The Koren Shalem Siddur; Ashkenaz, Weekdays, Morning Blessings 16",101
"The Koren Shalem Siddur; Ashkenaz, Weekdays, Morning Blessings 17",102
"The Koren Shalem Siddur; Ashkenaz, Weekdays, The Binding of Isaac 1",104
"The Koren Shalem Siddur; Ashkenaz, Weekdays, The Binding of Isaac 2",105
"The Koren Shalem Siddur; Ashkenaz, Weekdays, The Binding of Isaac 3",106
"The Koren Shalem Siddur; Ashkenaz, Weekdays, The Binding of Isaac 4",107
"The Koren Shalem Siddur; Ashkenaz, Weekdays, The Binding of Isaac 5",108
"The Koren Shalem Siddur; Ashkenaz, Weekdays, Accepting the Sovereignty of Heaven 1",110
"The Koren Shalem Siddur; Ashkenaz, Weekdays, Accepting the Sovereignty of Heaven 2",111
"The Koren Shalem Siddur; Ashkenaz, Weekdays, Accepting the Sovereignty of Heaven 3",112
"The Koren Shalem Siddur; Ashkenaz, Weekdays, Accepting the Sovereignty of Heaven 4",113
"The Koren Shalem Siddur; Ashkenaz, Weekdays, Accepting the Sovereignty of Heaven 5",114
"The Koren Shalem Siddur; Ashkenaz, Weekdays, Accepting the Sovereignty of Heaven 6",115
"The Koren Shalem Siddur; Ashkenaz, Weekdays, Accepting the Sovereignty of Heaven 7",116
"The Koren Shalem Siddur; Ashkenaz, Weekdays, Accepting the Sovereignty of Heaven 8",117
"The Koren Shalem Siddur; Ashkenaz, Weekdays, Accepting the Sovereignty of Heaven 9",118
"The Koren Shalem Siddur; Ashkenaz, Weekdays, Accepting the Sovereignty of Heaven 10",119
"The Koren Shalem Siddur; Ashkenaz, Weekdays, Accepting the Sovereignty of Heaven 11",120
"The Koren Shalem Siddur; Ashkenaz, Weekdays, Accepting the Sovereignty of Heaven 12",121
"The Koren Shalem Siddur; Ashkenaz, Weekdays, Accepting the Sovereignty of Heaven 13",122
"The Koren Shalem Siddur; Ashkenaz, Weekdays, Accepting the Sovereignty of Heaven 14",123
"The Koren Shalem Siddur; Ashkenaz, Weekdays, Accepting the Sovereignty of Heaven 15",124
"The Koren Shalem Siddur; Ashkenaz, Weekdays, Offerings 1",126
"The Koren Shalem Siddur; Ashkenaz, Weekdays, Offerings 2",127
"The Koren Shalem Siddur; Ashkenaz, Weekdays, Offerings 3",128
"The Koren Shalem Siddur; Ashkenaz, Weekdays, Offerings 4",129
"The Koren Shalem Siddur; Ashkenaz, Weekdays, Offerings 5",130
"The Koren Shalem Siddur; Ashkenaz, Weekdays, Offerings 6",131
"The Koren Shalem Siddur; Ashkenaz, Weekdays, Offerings 7",132
"The Koren Shalem Siddur; Ashkenaz, Weekdays, Offerings 8",133
"The Koren Shalem Siddur; Ashkenaz, Weekdays, Offerings 9",134
"The Koren Shalem Siddur; Ashkenaz, Weekdays, Offerings 10",135
"The Koren Shalem Siddur; Ashkenaz, Weekdays, Offerings 11",136
"The Koren Shalem Siddur; Ashkenaz, Weekdays, Offerings 12",137
"The Koren Shalem Siddur; Ashkenaz, Weekdays, Offerings 13",138
"The Koren Shalem Siddur; Ashkenaz, Weekdays, Offerings 14",139
"The Koren Shalem Siddur; Ashkenaz, Weekdays, Offerings 15",140
"The Koren Shalem Siddur; Ashkenaz, Weekdays, Offerings 16",141
"The Koren Shalem Siddur; Ashkenaz, Weekdays, Offerings 17",142
"The Koren Shalem Siddur; Ashkenaz, Weekdays, Offerings 18",143
"The Koren Shalem Siddur; Ashkenaz, Weekdays, Offerings 19",144
"The Koren Shalem Siddur; Ashkenaz, Weekdays, Offerings 20",145
"The Koren Shalem Siddur; Ashkenaz, Weekdays, Offerings 21",146
"The Koren Shalem Siddur; Ashkenaz, Weekdays, Offerings 22",147
"The Koren Shalem Siddur; Ashkenaz, Weekdays, Offerings 23",148
"The Koren Shalem Siddur; Ashkenaz, Weekdays, Offerings 24",149
"The Koren Shalem Siddur; Ashkenaz, Weekdays, Offerings 25",150
"The Koren Shalem Siddur; Ashkenaz, Weekdays, Offerings 26",151
"The Koren Shalem Siddur; Ashkenaz, Weekdays, Offerings 27",152
"The Koren Shalem Siddur; Ashkenaz, Weekdays, Offerings 28",153
"The Koren Shalem Siddur; Ashkenaz, Weekdays, Offerings 29",154
"The Koren Shalem Siddur; Ashkenaz, Weekdays, Offerings 30",155
"The Koren Shalem Siddur; Ashkenaz, Weekdays, Offerings 31",156
"The Koren Shalem Siddur; Ashkenaz, Weekdays, Offerings 32",157
"The Koren Shalem Siddur; Ashkenaz, Weekdays, Offerings 33",158
"The Koren Shalem Siddur; Ashkenaz, Weekdays, Offerings 34",159
"The Koren Shalem Siddur; Ashkenaz, Weekdays, Offerings 35",160
"The Koren Shalem Siddur; Ashkenaz, Weekdays, Offerings 36",161
"The Koren Shalem Siddur; Ashkenaz, Weekdays, Offerings 37",162
"The Koren Shalem Siddur; Ashkenaz, Weekdays, Offerings 38",163
"The Koren Shalem Siddur; Ashkenaz, Weekdays, Offerings 39",164
"The Koren Shalem Siddur; Ashkenaz, Weekdays, The Interpretive Principles of Rabbi Yishmael 1",166
"The Koren Shalem Siddur; Ashkenaz, Weekdays, The Interpretive Principles of Rabbi Yishmael 2",167
"The Koren Shalem Siddur; Ashkenaz, Weekdays, The Interpretive Principles of Rabbi Yishmael 3",168
"The Koren Shalem Siddur; Ashkenaz, Weekdays, The Interpretive Principles of Rabbi Yishmael 4",169
"The Koren Shalem Siddur; Ashkenaz, Weekdays, The Interpretive Principles of Rabbi Yishmael 5",170
"The Koren Shalem Siddur; Ashkenaz, Weekdays, The Interpretive Principles of Rabbi Yishmael 6",171
"The Koren Shalem Siddur; Ashkenaz, Weekdays, The Interpretive Principles of Rabbi Yishmael 7",172
"The Koren Shalem Siddur; Ashkenaz, Weekdays, The Interpretive Principles of Rabbi Yishmael 8",173
"The Koren Shalem Siddur; Ashkenaz, Weekdays, The Interpretive Principles of Rabbi Yishmael 9",174
"The Koren Shalem Siddur; Ashkenaz, Weekdays, The Interpretive Principles of Rabbi Yishmael 10",175
"The Koren Shalem Siddur; Ashkenaz, Weekdays, The Interpretive Principles of Rabbi Yishmael 11",176
"The Koren Shalem Siddur; Ashkenaz, Weekdays, The Interpretive Principles of Rabbi Yishmael 12",177
"The Koren Shalem Siddur; Ashkenaz, Weekdays, The Interpretive Principles of Rabbi Yishmael 13",178
"The Koren Shalem Siddur; Ashkenaz, Weekdays, The Interpretive Principles of Rabbi Yishmael 14",179
"The Koren Shalem Siddur; Ashkenaz, Weekdays, The Interpretive Principles of Rabbi Yishmael 15",180
"The Koren Shalem Siddur; Ashkenaz, Weekdays, The Rabbis' Kaddish 1",182
"The Koren Shalem Siddur; Ashkenaz, Weekdays, The Rabbis' Kaddish 2",183
"The Koren Shalem Siddur; Ashkenaz, Weekdays, The Rabbis' Kaddish 3",184
"The Koren Shalem Siddur; Ashkenaz, Weekdays, The Rabbis' Kaddish 4",185
"The Koren Shalem Siddur; Ashkenaz, Weekdays, The Rabbis' Kaddish 5",186
"The Koren Shalem Siddur; Ashkenaz, Weekdays, The Rabbis' Kaddish 6",187
"The Koren Shalem Siddur; Ashkenaz, Weekdays, The Rabbis' Kaddish 7",188
"The Koren Shalem Siddur; Ashkenaz, Weekdays, The Rabbis' Kaddish 8",189
"The Koren Shalem Siddur; Ashkenaz, Weekdays, A Psalm Before Verses of Praise 1",191
"The Koren Shalem Siddur; Ashkenaz, Weekdays, A Psalm Before Verses of Praise 2",192
"The Koren Shalem Siddur; Ashkenaz, Weekdays, A Psalm Before Verses of Praise 3",193
"The Koren Shalem Siddur; Ashkenaz, Weekdays, A Psalm Before Verses of Praise 4",194
"The Koren Shalem Siddur; Ashkenaz, Weekdays, A Psalm Before Verses of Praise 5",195
"The Koren Shalem Siddur; Ashkenaz, Weekdays, A Psalm Before Verses of Praise 6",196
"The Koren Shalem Siddur; Ashkenaz, Weekdays, A Psalm Before Verses of Praise 7",197
"The Koren Shalem Siddur; Ashkenaz, Weekdays, A Psalm Before Verses of Praise 8",198
"The Koren Shalem Siddur; Ashkenaz, Weekdays, A Psalm Before Verses of Praise 9",199
"The Koren Shalem Siddur; Ashkenaz, Weekdays, Pesukei DeZimra 1",201
"The Koren Shalem Siddur; Ashkenaz, Weekdays, Pesukei DeZimra 2",202
"The Koren Shalem Siddur; Ashkenaz, Weekdays, Pesukei DeZimra 3",203
"The Koren Shalem Siddur; Ashkenaz, Weekdays, Pesukei DeZimra 4",204
"The Koren Shalem Siddur; Ashkenaz, Weekdays, Pesukei DeZimra 5",205
"The Koren Shalem Siddur; Ashkenaz, Weekdays, Pesukei DeZimra 6",206
"The Koren Shalem Siddur; Ashkenaz, Weekdays, Pesukei DeZimra 7",207
"The Koren Shalem Siddur; Ashkenaz, Weekdays, Pesukei DeZimra 8",208
"The Koren Shalem Siddur; Ashkenaz, Weekdays, Pesukei DeZimra 9",209
"The Koren Shalem Siddur; Ashkenaz, Weekdays, Pesukei DeZimra 10",210
"The Koren Shalem Siddur; Ashkenaz, Weekdays, Pesukei DeZimra 11",211
"The Koren Shalem Siddur; Ashkenaz, Weekdays, Pesukei DeZimra 12",212
"The Koren Shalem Siddur; Ashkenaz, Weekdays, Pesukei DeZimra 13",213
"The Koren Shalem Siddur; Ashkenaz, Weekdays, Pesukei DeZimra 14",214
"The Koren Shalem Siddur; Ashkenaz, Weekdays, Pesukei DeZimra 15",215
"The Koren Shalem Siddur; Ashkenaz, Weekdays, Pesukei DeZimra 16",216
"The Koren Shalem Siddur; Ashkenaz, Weekdays, Pesukei DeZimra 17",217
"The Koren Shalem Siddur; Ashkenaz, Weekdays, Pesukei DeZimra 18",218
"The Koren Shalem Siddur; Ashkenaz, Weekdays, Pesukei DeZimra 19",219
"The Koren Shalem Siddur; Ashkenaz, Weekdays, Pesukei DeZimra 20",220
"The Koren Shalem Siddur; Ashkenaz, Weekdays, Pesukei DeZimra 21",221
"The Koren Shalem Siddur; Ashkenaz, Weekdays, Pesukei DeZimra 22",222
"The Koren Shalem Siddur; Ashkenaz, Weekdays, Pesukei DeZimra 23",223
"The Koren Shalem Siddur; Ashkenaz, Weekdays, Pesukei DeZimra 24",224
"The Koren Shalem Siddur; Ashkenaz, Weekdays, Pesukei DeZimra 25",225
"The Koren Shalem Siddur; Ashkenaz, Weekdays, Pesukei DeZimra 26",226
"The Koren Shalem Siddur; Ashkenaz, Weekdays, Pesukei DeZimra 27",227
"The Koren Shalem Siddur; Ashkenaz, Weekdays, Pesukei DeZimra 28",228
"The Koren Shalem Siddur; Ashkenaz, Weekdays, Pesukei DeZimra 29",229
"The Koren Shalem Siddur; Ashkenaz, Weekdays, Pesukei DeZimra 30",230
"The Koren Shalem Siddur; Ashkenaz, Weekdays, Pesukei DeZimra 31",231
"The Koren Shalem Siddur; Ashkenaz, Weekdays, Pesukei DeZimra 32",232
"The Koren Shalem Siddur; Ashkenaz, Weekdays, Pesukei DeZimra 33",233
"The Koren Shalem Siddur; Ashkenaz, Weekdays, Pesukei DeZimra 34",234
"The Koren Shalem Siddur; Ashkenaz, Weekdays, Pesukei DeZimra 35",235
"The Koren Shalem Siddur; Ashkenaz, Weekdays, Pesukei DeZimra 36",236
"The Koren Shalem Siddur; Ashkenaz, Weekdays, Pesukei DeZimra 37",237
"The Koren Shalem Siddur; Ashkenaz, Weekdays, Pesukei DeZimra 38",238
"The Koren Shalem Siddur; Ashkenaz, Weekdays, Blessings of the Shema 1",240
"The Koren Shalem Siddur; Ashkenaz, Weekdays, Blessings of the Shema 2",241
"The Koren Shalem Siddur; Ashkenaz, Weekdays, Blessings of the Shema 3",242
"The Koren Shalem Siddur; Ashkenaz, Weekdays, Blessings of the Shema 4",243
"The Koren Shalem Siddur; Ashkenaz, Weekdays, Blessings of the Shema 5",244
"The Koren Shalem Siddur; Ashkenaz, Weekdays, Blessings of the Shema 6",245
"The Koren Shalem Siddur; Ashkenaz, Weekdays, Blessings of the Shema 7",246
"The Koren Shalem Siddur; Ashkenaz, Weekdays, Blessings of the Shema 8",247
"The Koren Shalem Siddur; Ashkenaz, Weekdays, Blessings of the Shema 9",248
"The Koren Shalem Siddur; Ashkenaz, Weekdays, Blessings of the Shema 10",249
"The Koren Shalem Siddur; Ashkenaz, Weekdays, Blessings of the Shema 11",250
"The Koren Shalem Siddur; Ashkenaz, Weekdays, Blessings of the Shema 12",251
"The Koren Shalem Siddur; Ashkenaz, Weekdays, Blessings of the Shema 13",252
"The Koren Shalem Siddur; Ashkenaz, Weekdays, Blessings of the Shema 14",253
"The Koren Shalem Siddur; Ashkenaz, Weekdays, Blessings of the Shema 15",254
"The Koren Shalem Siddur; Ashkenaz, Weekdays, Blessings of the Shema 16",255
"The Koren Shalem Siddur; Ashkenaz, Weekdays, Blessings of the Shema 17",256
"The Koren Shalem Siddur; Ashkenaz, Weekdays, Blessings of the Shema 18",257
"The Koren Shalem Siddur; Ashkenaz, Weekdays, Blessings of the Shema 19",258
"The Koren Shalem Siddur; Ashkenaz, Weekdays, Blessings of the Shema 20",259
"The Koren Shalem Siddur; Ashkenaz, Weekdays, Blessings of the Shema 21",260
"The Koren Shalem Siddur; Ashkenaz, Weekdays, Blessings of the Shema 22",261
"The Koren Shalem Siddur; Ashkenaz, Weekdays, Blessings of the Shema 23",262
"The Koren Shalem Siddur; Ashkenaz, Weekdays, Blessings of the Shema 24",263
"The Koren Shalem Siddur; Ashkenaz, Weekdays, Blessings of the Shema 25",264
"The Koren Shalem Siddur; Ashkenaz, Weekdays, Blessings of the Shema 26",265
"The Koren Shalem Siddur; Ashkenaz, Weekdays, Blessings of the Shema 27",266
"The Koren Shalem Siddur; Ashkenaz, Weekdays, Blessings of the Shema 28",267
"The Koren Shalem Siddur; Ashkenaz, Weekdays, Blessings of the Shema 29",268
"The Koren Shalem Siddur; Ashkenaz, Weekdays, Blessings of the Shema 30",269
"The Koren Shalem Siddur; Ashkenaz, Weekdays, Blessings of the Shema 31",270
"The Koren Shalem Siddur; Ashkenaz, Weekdays, Blessings of the Shema 32",271
"The Koren Shalem Siddur; Ashkenaz, Weekdays, Blessings of the Shema 33",272
"The Koren Shalem Siddur; Ashkenaz, Weekdays, Blessings of the Shema 34",273
"The Koren Shalem Siddur; Ashkenaz, Weekdays, Blessings of the Shema 35",274
"The Koren Shalem Siddur; Ashkenaz, Weekdays, Blessings of the Shema 36",275
"The Koren Shalem Siddur; Ashkenaz, Weekdays, Blessings of the Shema 37",276
"The Koren Shalem Siddur; Ashkenaz, Weekdays, Blessings of the Shema 38",277
"The Koren Shalem Siddur; Ashkenaz, Weekdays, Blessings of the Shema 39",278
"The Koren Shalem Siddur; Ashkenaz, Weekdays, Blessings of the Shema 40",279
"The Koren Shalem Siddur; Ashkenaz, Weekdays, Blessings of the Shema 41",280
"The Koren Shalem Siddur; Ashkenaz, Weekdays, Blessings of the Shema 42",281
"The Koren Shalem Siddur; Ashkenaz, Weekdays, Blessings of the Shema 43",282
"The Koren Shalem Siddur; Ashkenaz, Weekdays, Blessings of the Shema 44",283
"The Koren Shalem Siddur; Ashkenaz, Weekdays, Blessings of the Shema 45",284
"The Koren Shalem Siddur; Ashkenaz, Weekdays, Blessings of the Shema 46",285
"The Koren Shalem Siddur; Ashkenaz, Weekdays, Blessings of the Shema 47",286
"The Koren Shalem Siddur; Ashkenaz, Weekdays, Blessings of the Shema 48",287
"The Koren Shalem Siddur; Ashkenaz, Weekdays, Blessings of the Shema 49",288
"The Koren Shalem Siddur; Ashkenaz, Weekdays, Blessings of the Shema 50",289
"The Koren Shalem Siddur; Ashkenaz, Weekdays, The Amida 1",291
"The Koren Shalem Siddur; Ashkenaz, Weekdays, The Amida 2",292
"The Koren Shalem Siddur; Ashkenaz, Weekdays, The Amida 3",293
"The Koren Shalem Siddur; Ashkenaz, Weekdays, The Amida 4",294
"The Koren Shalem Siddur; Ashkenaz, Weekdays, The Amida 5",295
"The Koren Shalem Siddur; Ashkenaz, Weekdays, The Amida 6",296
"The Koren Shalem Siddur; Ashkenaz, Weekdays, The Amida 7",297
"The Koren Shalem Siddur; Ashkenaz, Weekdays, The Amida 8",298
"The Koren Shalem Siddur; Ashkenaz, Weekdays, The Amida 9",299
"The Koren Shalem Siddur; Ashkenaz, Weekdays, The Amida 10",300
"The Koren Shalem Siddur; Ashkenaz, Weekdays, The Amida 11",301
"The Koren Shalem Siddur; Ashkenaz, Weekdays, The Amida 12",302
"The Koren Shalem Siddur; Ashkenaz, Weekdays, The Amida 13",303
"The Koren Shalem Siddur; Ashkenaz, Weekdays, The Amida 14",304
"The Koren Shalem Siddur; Ashkenaz, Weekdays, The Amida 15",305
"The Koren Shalem Siddur; Ashkenaz, Weekdays, The Amida 16",306
"The Koren Shalem Siddur; Ashkenaz, Weekdays, The Amida 17",307
"The Koren Shalem Siddur; Ashkenaz, Weekdays, The Amida 18",308
"The Koren Shalem Siddur; Ashkenaz, Weekdays, The Amida 19",309
"The Koren Shalem Siddur; Ashkenaz, Weekdays, The Amida 20",310
"The Koren Shalem Siddur; Ashkenaz, Weekdays, The Amida 21",311
"The Koren Shalem Siddur; Ashkenaz, Weekdays, The Amida 22",312
"The Koren Shalem Siddur; Ashkenaz, Weekdays, The Amida 23",313
"The Koren Shalem Siddur; Ashkenaz, Weekdays, The Amida 24",314
"The Koren Shalem Siddur; Ashkenaz, Weekdays, The Amida 25",315
"The Koren Shalem Siddur; Ashkenaz, Weekdays, The Amida 26",316
"The Koren Shalem Siddur; Ashkenaz, Weekdays, The Amida 27",317
"The Koren Shalem Siddur; Ashkenaz, Weekdays, The Amida 28",318
"The Koren Shalem Siddur; Ashkenaz, Weekdays, The Amida 29",319
"The Koren Shalem Siddur; Ashkenaz, Weekdays, The Amida 30",320
"The Koren Shalem Siddur; Ashkenaz, Weekdays, The Amida 31",321
"The Koren Shalem Siddur; Ashkenaz, Weekdays, The Amida 32",322
"The Koren Shalem Siddur; Ashkenaz, Weekdays, The Amida 33",323
"The Koren Shalem Siddur; Ashkenaz, Weekdays, The Amida 34",324
"The Koren Shalem Siddur; Ashkenaz, Weekdays, The Amida 35",325
"The Koren Shalem Siddur; Ashkenaz, Weekdays, The Amida 36",326
"The Koren Shalem Siddur; Ashkenaz, Weekdays, The Amida 37",327
"The Koren Shalem Siddur; Ashkenaz, Weekdays, The Amida 38",328
"The Koren Shalem Siddur; Ashkenaz, Weekdays, The Amida 39",329
"The Koren Shalem Siddur; Ashkenaz, Weekdays, The Amida 40",330
"The Koren Shalem Siddur; Ashkenaz, Weekdays, The Amida 41",331
"The Koren Shalem Siddur; Ashkenaz, Weekdays, The Amida 42",332
"The Koren Shalem Siddur; Ashkenaz, Weekdays, The Amida 43",333
"The Koren Shalem Siddur; Ashkenaz, Weekdays, The Amida 44",334
"The Koren Shalem Siddur; Ashkenaz, Weekdays, The Amida 45",335
"The Koren Shalem Siddur; Ashkenaz, Weekdays, The Amida 46",336
"The Koren Shalem Siddur; Ashkenaz, Weekdays, The Amida 47",337
"The Koren Shalem Siddur; Ashkenaz, Weekdays, The Amida 48",338
"The Koren Shalem Siddur; Ashkenaz, Weekdays, The Amida 49",339
"The Koren Shalem Siddur; Ashkenaz, Weekdays, The Amida 50",340
"The Koren Shalem Siddur; Ashkenaz, Weekdays, The Amida 51",341
"The Koren Shalem Siddur; Ashkenaz, Weekdays, The Amida 52",342
"The Koren Shalem Siddur; Ashkenaz, Weekdays, The Amida 53",343
"The Koren Shalem Siddur; Ashkenaz, Weekdays, The Amida 54",344
"The Koren Shalem Siddur; Ashkenaz, Weekdays, The Amida 55",345
"The Koren Shalem Siddur; Ashkenaz, Weekdays, The Amida 56",346
"The Koren Shalem Siddur; Ashkenaz, Weekdays, The Amida 57",347
"The Koren Shalem Siddur; Ashkenaz, Weekdays, The Amida 58",348
"The Koren Shalem Siddur; Ashkenaz, Weekdays, The Amida 59",349
"The Koren Shalem Siddur; Ashkenaz, Weekdays, The Amida 60",350
"The Koren Shalem Siddur; Ashkenaz, Weekdays, The Amida 61",351
"The Koren Shalem Siddur; Ashkenaz, Weekdays, The Amida 62",352
"The Koren Shalem Siddur; Ashkenaz, Weekdays, The Amida 63",353
"The Koren Shalem Siddur; Ashkenaz, Weekdays, The Amida 64",354
"The Koren Shalem Siddur; Ashkenaz, Weekdays, The Amida 65",355
"The Koren Shalem Siddur; Ashkenaz, Weekdays, The Amida 66",356
"The Koren Shalem Siddur; Ashkenaz, Weekdays, The Amida 67",357
"The Koren Shalem Siddur; Ashkenaz, Weekdays, The Amida 68",358
"The Koren Shalem Siddur; Ashkenaz, Weekdays, The Amida 69",359
"The Koren Shalem Siddur; Ashkenaz, Weekdays, The Amida 70",360
"The Koren Shalem Siddur; Ashkenaz, Weekdays, The Amida 71",361
"The Koren Shalem Siddur; Ashkenaz, Weekdays, The Amida 72",362
"The Koren Shalem Siddur; Ashkenaz, Weekdays, The Amida 73",363
"The Koren Shalem Siddur; Ashkenaz, Weekdays, The Amida 74",364
"The Koren Shalem Siddur; Ashkenaz, Weekdays, The Amida 75",365
"The Koren Shalem Siddur; Ashkenaz, Weekdays, The Amida 76",366
"The Koren Shalem Siddur; Ashkenaz, Weekdays, The Amida 77",367
"The Koren Shalem Siddur; Ashkenaz, Weekdays, The Amida 78",368
"The Koren Shalem Siddur; Ashkenaz, Weekdays, The Amida 79",369
"The Koren Shalem Siddur; Ashkenaz, Weekdays, The Amida 80",370
"The Koren Shalem Siddur; Ashkenaz, Weekdays, The Amida 81",371
"The Koren Shalem Siddur; Ashkenaz, Weekdays, Viduy 1",373
"The Koren Shalem Siddur; Ashkenaz, Weekdays, Viduy 2",374
"The Koren Shalem Siddur; Ashkenaz, Weekdays, Viduy 3",375
"The Koren Shalem Siddur; Ashkenaz, Weekdays, Viduy 4",376
"The Koren Shalem Siddur; Ashkenaz, Weekdays, Viduy 5",377
"The Koren Shalem Siddur; Ashkenaz, Weekdays, Viduy 6",378
"The Koren Shalem Siddur; Ashkenaz, Weekdays, Viduy 7",379
"The Koren Shalem Siddur; Ashkenaz, Weekdays, Viduy 8",380
"The Koren Shalem Siddur; Ashkenaz, Weekdays, Viduy 9",381
"The Koren Shalem Siddur; Ashkenaz, Weekdays, Viduy 10",382
"The Koren Shalem Siddur; Ashkenaz, Weekdays, Viduy 11",383
"The Koren Shalem Siddur; Ashkenaz, Weekdays, Avinu Malkenu 1",385
"The Koren Shalem Siddur; Ashkenaz, Weekdays, Avinu Malkenu 2",386
"The Koren Shalem Siddur; Ashkenaz, Weekdays, Avinu Malkenu 3",387
"The Koren Shalem Siddur; Ashkenaz, Weekdays, Avinu Malkenu 4",388
"The Koren Shalem Siddur; Ashkenaz, Weekdays, Avinu Malkenu 5",389
"The Koren Shalem Siddur; Ashkenaz, Weekdays, Avinu Malkenu 6",390
"The Koren Shalem Siddur; Ashkenaz, Weekdays, Avinu Malkenu 7",391
"The Koren Shalem Siddur; Ashkenaz, Weekdays, Avinu Malkenu 8",392
"The Koren Shalem Siddur; Ashkenaz, Weekdays, Avinu Malkenu 9",393
"The Koren Shalem Siddur; Ashkenaz, Weekdays, Avinu Malkenu 10",394
"The Koren Shalem Siddur; Ashkenaz, Weekdays, Avinu Malkenu 11",395
"The Koren Shalem Siddur; Ashkenaz, Weekdays, Avinu Malkenu 12",396
"The Koren Shalem Siddur; Ashkenaz, Weekdays, Avinu Malkenu 13",397
"The Koren Shalem Siddur; Ashkenaz, Weekdays, Avinu Malkenu 14",398
"The Koren Shalem Siddur; Ashkenaz, Weekdays, Avinu Malkenu 15",399
"The Koren Shalem Siddur; Ashkenaz, Weekdays, Avinu Malkenu 16",400
"The Koren Shalem Siddur; Ashkenaz, Weekdays, Avinu Malkenu 17",401
"The Koren Shalem Siddur; Ashkenaz, Weekdays, Avinu Malkenu 18",402
"The Koren Shalem Siddur; Ashkenaz, Weekdays, Avinu Malkenu 19",403
"The Koren Shalem Siddur; Ashkenaz, Weekdays, Avinu Malkenu 20",404
"The Koren Shalem Siddur; Ashkenaz, Weekdays, Avinu Malkenu 21",405
"The Koren Shalem Siddur; Ashkenaz, Weekdays, Avinu Malkenu 22",406
"The Koren Shalem Siddur; Ashkenaz, Weekdays, Avinu Malkenu 23",407
"The Koren Shalem Siddur; Ashkenaz, Weekdays, Avinu Malkenu 24",408
"The Koren Shalem Siddur; Ashkenaz, Weekdays, Avinu Malkenu 25",409
"The Koren Shalem Siddur; Ashkenaz, Weekdays, Avinu Malkenu 26",410
"The Koren Shalem Siddur; Ashkenaz, Weekdays, Avinu Malkenu 27",411
"The Koren Shalem Siddur; Ashkenaz, Weekdays, Avinu Malkenu 28",412
"The Koren Shalem Siddur; Ashkenaz, Weekdays, Avinu Malkenu 29",413
"The Koren Shalem Siddur; Ashkenaz, Weekdays, Avinu Malkenu 30",414
"The Koren Shalem Siddur; Ashkenaz, Weekdays, Avinu Malkenu 31",415
"The Koren Shalem Siddur; Ashkenaz, Weekdays, Avinu Malkenu 32",416
"The Koren Shalem Siddur; Ashkenaz, Weekdays, Avinu Malkenu 33",417
"The Koren Shalem Siddur; Ashkenaz, Weekdays, Avinu Malkenu 34",418
"The Koren Shalem Siddur; Ashkenaz, Weekdays, Avinu Malkenu 35",419
"The Koren Shalem Siddur; Ashkenaz, Weekdays, Avinu Malkenu 36",420
"The Koren Shalem Siddur; Ashkenaz, Weekdays, Avinu Malkenu 37",421
"The Koren Shalem Siddur; Ashkenaz, Weekdays, Avinu Malkenu 38",422
"The Koren Shalem Siddur; Ashkenaz, Weekdays, Avinu Malkenu 39",423
"The Koren Shalem Siddur; Ashkenaz, Weekdays, Avinu Malkenu 40",424
"The Koren Shalem Siddur; Ashkenaz, Weekdays, Avinu Malkenu 41",425
"The Koren Shalem Siddur; Ashkenaz, Weekdays, Avinu Malkenu 42",426
"The Koren Shalem Siddur; Ashkenaz, Weekdays, Avinu Malkenu 43",427
"The Koren Shalem Siddur; Ashkenaz, Weekdays, Avinu Malkenu 44",428
"The Koren Shalem Siddur; Ashkenaz, Weekdays, Avinu Malkenu 45",429
"The Koren Shalem Siddur; Ashkenaz, Weekdays, Avinu Malkenu 46",430
"The Koren Shalem Siddur; Ashkenaz, Weekdays, Avinu Malkenu 47",431
"The Koren Shalem Siddur; Ashkenaz, Weekdays, Avinu Malkenu 48",432
"The Koren Shalem Siddur; Ashkenaz, Weekdays, Avinu Malkenu 49",433
"The Koren Shalem Siddur; Ashkenaz, Weekdays, Avinu Malkenu 50",434
"The Koren Shalem Siddur; Ashkenaz, Weekdays, Avinu Malkenu 51",435
"The Koren Shalem Siddur; Ashkenaz, Weekdays, Avinu Malkenu 52",436
"The Koren Shalem Siddur; Ashkenaz, Weekdays, Avinu Malkenu 53",437
"The Koren Shalem Siddur; Ashkenaz, Weekdays, Avinu Malkenu 54",438
"The Koren Shalem Siddur; Ashkenaz, Weekdays, Tahanun 1",440
"The Koren Shalem Siddur; Ashkenaz, Weekdays, Tahanun 2",441
"The Koren Shalem Siddur; Ashkenaz, Weekdays, Tahanun 3",442
"The Koren Shalem Siddur; Ashkenaz, Weekdays, Tahanun 4",443
"The Koren Shalem Siddur; Ashkenaz, Weekdays, Tahanun 5",444
"The Koren Shalem Siddur; Ashkenaz, Weekdays, Tahanun 6",445
"The Koren Shalem Siddur; Ashkenaz, Weekdays, Tahanun 7",446
"The Koren Shalem Siddur; Ashkenaz, Weekdays, Tahanun 8",447
"The Koren Shalem Siddur; Ashkenaz, Weekdays, Tahanun 9",448
"The Koren Shalem Siddur; Ashkenaz, Weekdays, Tahanun 10",449
"The Koren Shalem Siddur; Ashkenaz, Weekdays, Tahanun 11",450
"The Koren Shalem Siddur; Ashkenaz, Weekdays, Tahanun 12",451
"The Koren Shalem Siddur; Ashkenaz, Weekdays, Tahanun 13",452
"The Koren Shalem Siddur; Ashkenaz, Weekdays, Tahanun 14",453
"The Koren Shalem Siddur; Ashkenaz, Weekdays, Tahanun 15",454
"The Koren Shalem Siddur; Ashkenaz, Weekdays, Tahanun 16",455
"The Koren Shalem Siddur; Ashkenaz, Weekdays, Tahanun 17",456
"The Koren Shalem Siddur; Ashkenaz, Weekdays, Tahanun 18",457
"The Koren Shalem Siddur; Ashkenaz, Weekdays, Tahanun 19",458
"The Koren Shalem Siddur; Ashkenaz, Weekdays, Tahanun 20",459
"The Koren Shalem Siddur; Ashkenaz, Weekdays, Tahanun 21",460
"The Koren Shalem Siddur; Ashkenaz, Weekdays, Tahanun 22",461
"The Koren Shalem Siddur; Ashkenaz, Weekdays, Tahanun 23",462
"The Koren Shalem Siddur; Ashkenaz, Weekdays, Tahanun 24",463
"The Koren Shalem Siddur; Ashkenaz, Weekdays, Tahanun 25",464
"The Koren Shalem Siddur; Ashkenaz, Weekdays, Tahanun 26",465
"The Koren Shalem Siddur; Ashkenaz, Weekdays, Tahanun 27",466
"The Koren Shalem Siddur; Ashkenaz, Weekdays, Tahanun 28",467
"The Koren Shalem Siddur; Ashkenaz, Weekdays, Tahanun 29",468
"The Koren Shalem Siddur; Ashkenaz, Weekdays, Tahanun 30",469
"The Koren Shalem Siddur; Ashkenaz, Weekdays, Tahanun 31",470
"The Koren Shalem Siddur; Ashkenaz, Weekdays, Tahanun 32",471
"The Koren Shalem Siddur; Ashkenaz, Weekdays, Tahanun 33",472
"The Koren Shalem Siddur; Ashkenaz, Weekdays, Tahanun 34",473
"The Koren Shalem Siddur; Ashkenaz, Weekdays, Tahanun 35",474
"The Koren Shalem Siddur; Ashkenaz, Weekdays, Tahanun 36",475
"The Koren Shalem Siddur; Ashkenaz, Weekdays, Tahanun 37",476
"The Koren Shalem Siddur; Ashkenaz, Weekdays, Tahanun 38",477
"The Koren Shalem Siddur; Ashkenaz, Weekdays, Reading of the Torah 1",479
"The Koren Shalem Siddur; Ashkenaz, Weekdays, Reading of the Torah 2",480
"The Koren Shalem Siddur; Ashkenaz, Weekdays, Reading of the Torah 3",481
"The Koren Shalem Siddur; Ashkenaz, Weekdays, Reading of the Torah 4",482
"The Koren Shalem Siddur; Ashkenaz, Weekdays, Reading of the Torah 5",483
"The Koren Shalem Siddur; Ashkenaz, Weekdays, Reading of the Torah 6",484
"The Koren Shalem Siddur; Ashkenaz, Weekdays, Reading of the Torah 7",485
"The Koren Shalem Siddur; Ashkenaz, Weekdays, Reading of the Torah 8",486
"The Koren Shalem Siddur; Ashkenaz, Weekdays, Reading of the Torah 9",487
"The Koren Shalem Siddur; Ashkenaz, Weekdays, Reading of the Torah 10",488
"The Koren Shalem Siddur; Ashkenaz, Weekdays, Reading of the Torah 11",489
"The Koren Shalem Siddur; Ashkenaz, Weekdays, Reading of the Torah 12",490
"The Koren Shalem Siddur; Ashkenaz, Weekdays, Reading of the Torah 13",491
"The Koren Shalem Siddur; Ashkenaz, Weekdays, Reading of the Torah 14",492
"The Koren Shalem Siddur; Ashkenaz, Weekdays, Reading of the Torah 15",493
"The Koren Shalem Siddur; Ashkenaz, Weekdays, Reading of the Torah 16",494
"The Koren Shalem Siddur; Ashkenaz, Weekdays, Reading of the Torah 17",495
"The Koren Shalem Siddur; Ashkenaz, Weekdays, Reading of the Torah 18",496
"The Koren Shalem Siddur; Ashkenaz, Weekdays, Reading of the Torah 19",497
"The Koren Shalem Siddur; Ashkenaz, Weekdays, Reading of the Torah 20",498
"The Koren Shalem Siddur; Ashkenaz, Weekdays, Reading of the Torah 21",499
"The Koren Shalem Siddur; Ashkenaz, Weekdays, Reading of the Torah 22",500
"The Koren Shalem Siddur; Ashkenaz, Weekdays, Reading of the Torah 23",501
"The Koren Shalem Siddur; Ashkenaz, Weekdays, Reading of the Torah 24",502
"The Koren Shalem Siddur; Ashkenaz, Weekdays, Reading of the Torah 25",503
"The Koren Shalem Siddur; Ashkenaz, Weekdays, Reading of the Torah 26",504
"The Koren Shalem Siddur; Ashkenaz, Weekdays, Reading of the Torah 27",505
"The Koren Shalem Siddur; Ashkenaz, Weekdays, Reading of the Torah 28",506
"The Koren Shalem Siddur; Ashkenaz, Weekdays, Reading of the Torah 29",507
"The Koren Shalem Siddur; Ashkenaz, Weekdays, Reading of the Torah 30",508
"The Koren Shalem Siddur; Ashkenaz, Weekdays, Reading of the Torah 31",509
"The Koren Shalem Siddur; Ashkenaz, Weekdays, Reading of the Torah 32",510
"The Koren Shalem Siddur; Ashkenaz, Weekdays, Reading of the Torah 33",511
"The Koren Shalem Siddur; Ashkenaz, Weekdays, Reading of the Torah 34",512
"The Koren Shalem Siddur; Ashkenaz, Weekdays, Reading of the Torah 35",513
"The Koren Shalem Siddur; Ashkenaz, Weekdays, Reading of the Torah 36",514
"The Koren Shalem Siddur; Ashkenaz, Weekdays, Reading of the Torah 37",515
"The Koren Shalem Siddur; Ashkenaz, Weekdays, Reading of the Torah 38",516
"The Koren Shalem Siddur; Ashkenaz, Weekdays, Reading of the Torah 39",517
"The Koren Shalem Siddur; Ashkenaz, Weekdays, Reading of the Torah 40",518
"The Koren Shalem Siddur; Ashkenaz, Weekdays, Reading of the Torah 41",519
"The Koren Shalem Siddur; Ashkenaz, Weekdays, Reading of the Torah 42",520
"The Koren Shalem Siddur; Ashkenaz, Weekdays, Reading of the Torah 43",521
"The Koren Shalem Siddur; Ashkenaz, Weekdays, Reading of the Torah 44",522
"The Koren Shalem Siddur; Ashkenaz, Weekdays, Reading of the Torah 45",523
"The Koren Shalem Siddur; Ashkenaz, Weekdays, Reading of the Torah 46",524
"The Koren Shalem Siddur; Ashkenaz, Weekdays, Reading of the Torah 47",525
"The Koren Shalem Siddur; Ashkenaz, Weekdays, Reading of the Torah 48",526
"The Koren Shalem Siddur; Ashkenaz, Weekdays, Reading of the Torah 49",527
"The Koren Shalem Siddur; Ashkenaz, Weekdays, Reading of the Torah 50",528
"The Koren Shalem Siddur; Ashkenaz, Weekdays, Reading of the Torah 51",529
"The Koren Shalem Siddur; Ashkenaz, Weekdays, Reading of the Torah 52",530
"The Koren Shalem Siddur; Ashkenaz, Weekdays, Reading of the Torah 53",531
"The Koren Shalem Siddur; Ashkenaz, Weekdays, Reading of the Torah 54",532
"The Koren Shalem Siddur; Ashkenaz, Weekdays, Reading of the Torah 55",533
"The Koren Shalem Siddur; Ashkenaz, Weekdays, Reading of the Torah 56",534
"The Koren Shalem Siddur; Ashkenaz, Weekdays, Reading of the Torah 57",535
"The Koren Shalem Siddur; Ashkenaz, Weekdays, Reading of the Torah 58",536
"The Koren Shalem Siddur; Ashkenaz, Weekdays, Reading of the Torah 59",537
"The Koren Shalem Siddur; Ashkenaz, Weekdays, Reading of the Torah 60",538
"The Koren Shalem Siddur; Ashkenaz, Weekdays, Conclusion of the Service 1",540
"The Koren Shalem Siddur; Ashkenaz, Weekdays, Conclusion of the Service 2",541
"The Koren Shalem Siddur; Ashkenaz, Weekdays, Conclusion of the Service 3",542
"The Koren Shalem Siddur; Ashkenaz, Weekdays, Conclusion of the Service 4",543
"The Koren Shalem Siddur; Ashkenaz, Weekdays, Conclusion of the Service 5",544
"The Koren Shalem Siddur; Ashkenaz, Weekdays, Conclusion of the Service 6",545
"The Koren Shalem Siddur; Ashkenaz, Weekdays, Conclusion of the Service 7",546
"The Koren Shalem Siddur; Ashkenaz, Weekdays, Conclusion of the Service 8",547
"The Koren Shalem Siddur; Ashkenaz, Weekdays, Conclusion of the Service 9",548
"The Koren Shalem Siddur; Ashkenaz, Weekdays, Conclusion of the Service 10",549
"The Koren Shalem Siddur; Ashkenaz, Weekdays, Conclusion of the Service 11",550
"The Koren Shalem Siddur; Ashkenaz, Weekdays, Conclusion of the Service 12",551
"The Koren Shalem Siddur; Ashkenaz, Weekdays, Conclusion of the Service 13",552
"The Koren Shalem Siddur; Ashkenaz, Weekdays, Conclusion of the Service 14",553
"The Koren Shalem Siddur; Ashkenaz, Weekdays, Conclusion of the Service 15",554
"The Koren Shalem Siddur; Ashkenaz, Weekdays, Conclusion of the Service 16",555
"The Koren Shalem Siddur; Ashkenaz, Weekdays, Conclusion of the Service 17",556
"The Koren Shalem Siddur; Ashkenaz, Weekdays, Conclusion of the Service 18",557
"The Koren Shalem Siddur; Ashkenaz, Weekdays, Conclusion of the Service 19",558
"The Koren Shalem Siddur; Ashkenaz, Weekdays, Conclusion of the Service 20",559
"The Koren Shalem Siddur; Ashkenaz, Weekdays, Conclusion of the Service 21",560
"The Koren Shalem Siddur; Ashkenaz, Weekdays, Conclusion of the Service 22",561
"The Koren Shalem Siddur; Ashkenaz, Weekdays, Conclusion of the Service 23",562
"The Koren Shalem Siddur; Ashkenaz, Weekdays, Conclusion of the Service 24",563
"The Koren Shalem Siddur; Ashkenaz, Weekdays, Conclusion of the Service 25",564
"The Koren Shalem Siddur; Ashkenaz, Weekdays, Conclusion of the Service 26",565
"The Koren Shalem Siddur; Ashkenaz, Weekdays, Conclusion of the Service 27",566
"The Koren Shalem Siddur; Ashkenaz, Weekdays, Conclusion of the Service 28",567
"The Koren Shalem Siddur; Ashkenaz, Weekdays, Conclusion of the Service 29",568
"The Koren Shalem Siddur; Ashkenaz, Weekdays, Conclusion of the Service 30",569
"The Koren Shalem Siddur; Ashkenaz, Weekdays, Conclusion of the Service 31",570
"The Koren Shalem Siddur; Ashkenaz, Weekdays, Conclusion of the Service 32",571
"The Koren Shalem Siddur; Ashkenaz, Weekdays, Conclusion of the Service 33",572
"The Koren Shalem Siddur; Ashkenaz, Weekdays, Conclusion of the Service 34",573
"The Koren Shalem Siddur; Ashkenaz, Weekdays, Conclusion of the Service 35",574
"The Koren Shalem Siddur; Ashkenaz, Weekdays, Conclusion of the Service 36",575
"The Koren Shalem Siddur; Ashkenaz, Weekdays, Conclusion of the Service 37",576
"The Koren Shalem Siddur; Ashkenaz, Weekdays, Conclusion of the Service 38",577
"The Koren Shalem Siddur; Ashkenaz, Weekdays, Conclusion of the Service 39",578
"The Koren Shalem Siddur; Ashkenaz, Weekdays, Conclusion of the Service 40",579
"The Koren Shalem Siddur; Ashkenaz, Weekdays, Conclusion of the Service 41",580
"The Koren Shalem Siddur; Ashkenaz, Weekdays, Conclusion of the Service 42",581
"The Koren Shalem Siddur; Ashkenaz, Weekdays, The Daily Psalm 1",583
"The Koren Shalem Siddur; Ashkenaz, Weekdays, The Daily Psalm 2",584
"The Koren Shalem Siddur; Ashkenaz, Weekdays, The Daily Psalm 3",585
"The Koren Shalem Siddur; Ashkenaz, Weekdays, The Daily Psalm 4",586
"The Koren Shalem Siddur; Ashkenaz, Weekdays, The Daily Psalm 5",587
"The Koren Shalem Siddur; Ashkenaz, Weekdays, The Daily Psalm 6",588
"The Koren Shalem Siddur; Ashkenaz, Weekdays, The Daily Psalm 7",589
"The Koren Shalem Siddur; Ashkenaz, Weekdays, The Daily Psalm 8",590
"The Koren Shalem Siddur; Ashkenaz, Weekdays, The Daily Psalm 9",591
"The Koren Shalem Siddur; Ashkenaz, Weekdays, The Daily Psalm 10",592
"The Koren Shalem Siddur; Ashkenaz, Weekdays, The Daily Psalm 11",593
"The Koren Shalem Siddur; Ashkenaz, Weekdays, The Daily Psalm 12",594
"The Koren Shalem Siddur; Ashkenaz, Weekdays, The Daily Psalm 13",595
"The Koren Shalem Siddur; Ashkenaz, Weekdays, The Daily Psalm 14",596
"The Koren Shalem Siddur; Ashkenaz, Weekdays, The Daily Psalm 15",597
"The Koren Shalem Siddur; Ashkenaz, Weekdays, The Daily Psalm 16",598
"The Koren Shalem Siddur; Ashkenaz, Weekdays, The Daily Psalm 17",599
"The Koren Shalem Siddur; Ashkenaz, Weekdays, The Daily Psalm 18",600
"The Koren Shalem Siddur; Ashkenaz, Weekdays, The Daily Psalm 19",601
"The Koren Shalem Siddur; Ashkenaz, Weekdays, The Daily Psalm 20",602
"The Koren Shalem Siddur; Ashkenaz, Weekdays, The Daily Psalm 21",603
"The Koren Shalem Siddur; Ashkenaz, Weekdays, The Daily Psalm 22",604
"The Koren Shalem Siddur; Ashkenaz, Weekdays, The Daily Psalm 23",605
"The Koren Shalem Siddur; Ashkenaz, Weekdays, The Daily Psalm 24",606
"The Koren Shalem Siddur; Ashkenaz, Weekdays, The Daily Psalm 25",607
"The Koren Shalem Siddur; Ashkenaz, Weekdays, The Daily Psalm 26",608
"The Koren Shalem Siddur; Ashkenaz, Weekdays, The Daily Psalm 27",609
"The Koren Shalem Siddur; Ashkenaz, Weekdays, The Daily Psalm 28",610
"The Koren Shalem Siddur; Ashkenaz, Weekdays, The Daily Psalm 29",611
"The Koren Shalem Siddur; Ashkenaz, Weekdays, The Daily Psalm 30",612
"The Koren Shalem Siddur; Ashkenaz, Weekdays, The Daily Psalm 31",613
"The Koren Shalem Siddur; Ashkenaz, Weekdays, The Daily Psalm 32",614
"The Koren Shalem Siddur; Ashkenaz, Weekdays, The Daily Psalm 33",615
"The Koren Shalem Siddur; Ashkenaz, Weekdays, The Daily Psalm 34",616
"The Koren Shalem Siddur; Ashkenaz, Weekdays, The Daily Psalm 35",617
"The Koren Shalem Siddur; Ashkenaz, Weekdays, The Daily Psalm 36",618
"The Koren Shalem Siddur; Ashkenaz, Weekdays, The Daily Psalm 37",619
"The Koren Shalem Siddur; Ashkenaz, Weekdays, The Daily Psalm 38",620
"The Koren Shalem Siddur; Ashkenaz, Weekdays, The Daily Psalm 39",621
"The Koren Shalem Siddur; Ashkenaz, Weekdays, The Daily Psalm 40",622
"The Koren Shalem Siddur; Ashkenaz, Weekdays, The Daily Psalm 41",623
"The Koren Shalem Siddur; Ashkenaz, Weekdays, The Daily Psalm 42",624
"The Koren Shalem Siddur; Ashkenaz, Weekdays, The Daily Psalm 43",625
"The Koren Shalem Siddur; Ashkenaz, Weekdays, The Daily Psalm 44",626
"The Koren Shalem Siddur; Ashkenaz, Weekdays, The Daily Psalm 45",627
"The Koren Shalem Siddur; Ashkenaz, Weekdays, Readings after the Service 1",629
"The Koren Shalem Siddur; Ashkenaz, Weekdays, Readings after the Service 2",630
"The Koren Shalem Siddur; Ashkenaz, Weekdays, Readings after the Service 3",631
"The Koren Shalem Siddur; Ashkenaz, Weekdays, Readings after the Service 4",632
"The Koren Shalem Siddur; Ashkenaz, Weekdays, Readings after the Service 5",633
"The Koren Shalem Siddur; Ashkenaz, Weekdays, Readings after the Service 6",634
"The Koren Shalem Siddur; Ashkenaz, Weekdays, Readings after the Service 7",635
"The Koren Shalem Siddur; Ashkenaz, Weekdays, Readings after the Service 8",636
"The Koren Shalem Siddur; Ashkenaz, Weekdays, Readings after the Service 9",637
"The Koren Shalem Siddur; Ashkenaz, Weekdays, Readings after the Service 10",638
"The Koren Shalem Siddur; Ashkenaz, Weekdays, Readings after the Service 11",639
"The Koren Shalem Siddur; Ashkenaz, Weekdays, Readings after the Service 12",640
"The Koren Shalem Siddur; Ashkenaz, Weekdays, Readings after the Service 13",641
"The Koren Shalem Siddur; Ashkenaz, Weekdays, Readings after the Service 14",642
"The Koren Shalem Siddur; Ashkenaz, Weekdays, Readings after the Service 15",643
"The Koren Shalem Siddur; Ashkenaz, Weekdays, Readings after the Service 16",644
"The Koren Shalem Siddur; Ashkenaz, Weekdays, Readings after the Service 17",645
"The Koren Shalem Siddur; Ashkenaz, Weekdays, Readings after the Service 18",646
"The Koren Shalem Siddur; Ashkenaz, Weekdays, Readings after the Service 19",647
"The Koren Shalem Siddur; Ashkenaz, Weekdays, Readings after the Service 20",648
"The Koren Shalem Siddur; Ashkenaz, Weekdays, Readings after the Service 21",649
"The Koren Shalem Siddur; Ashkenaz, Weekdays, Readings after the Service 22",650
"The Koren Shalem Siddur; Ashkenaz, Weekdays, Readings after the Service 23",651
"The Koren Shalem Siddur; Ashkenaz, Weekdays, Readings after the Service 24",652
"The Koren Shalem Siddur; Ashkenaz, Weekdays, Readings after the Service 25",653
"The Koren Shalem Siddur; Ashkenaz, Weekdays, Readings after the Service 26",654
"The Koren Shalem Siddur; Ashkenaz, Weekdays, Readings after the Service 27",655
"The Koren Shalem Siddur; Ashkenaz, Weekdays, Readings after the Service 28",656
"The Koren Shalem Siddur; Ashkenaz, Weekdays, Readings after the Service 29",657
"The Koren Shalem Siddur; Ashkenaz, Weekdays, Readings after the Service 30",658
"The Koren Shalem Siddur; Ashkenaz, Weekdays, Readings after the Service 31",659
"The Koren Shalem Siddur; Ashkenaz, Weekdays, Readings after the Service 32",660
"The Koren Shalem Siddur; Ashkenaz, Weekdays, Readings after the Service 33",661
"The Koren Shalem Siddur; Ashkenaz, Weekdays, Readings after the Service 34",662
"The Koren Shalem Siddur; Ashkenaz, Weekdays, Readings after the Service 35",663
"The Koren Shalem Siddur; Ashkenaz, Weekdays, Readings after the Service 36",664
"The Koren Shalem Siddur; Ashkenaz, Weekdays, Readings after the Service 37",665
"The Koren Shalem Siddur; Ashkenaz, Weekdays, Readings after the Service 38",666
"The Koren Shalem Siddur; Ashkenaz, Weekdays, Readings after the Service 39",667
"The Koren Shalem Siddur; Ashkenaz, Weekdays, Readings after the Service 40",668
"The Koren Shalem Siddur; Ashkenaz, Weekdays, Readings after the Service 41",669
"The Koren Shalem Siddur; Ashkenaz, Weekdays, Readings after the Service 42",670
"The Koren Shalem Siddur; Ashkenaz, Weekdays, Readings after the Service 43",671
"The Koren Shalem Siddur; Ashkenaz, Weekdays, Readings after the Service 44",672
"The Koren Shalem Siddur; Ashkenaz, Weekdays, Readings after the Service 45",673
"The Koren Shalem Siddur; Ashkenaz, Weekdays, Readings after the Service 46",674
"The Koren Shalem Siddur; Ashkenaz, Weekdays, Readings after the Service 47",675
"The Koren Shalem Siddur; Ashkenaz, Weekdays, Readings after the Service 48",676
"The Koren Shalem Siddur; Ashkenaz, Weekdays, Readings after the Service 49",677
"The Koren Shalem Siddur; Ashkenaz, Weekdays, Readings after the Service 50",678
"The Koren Shalem Siddur; Ashkenaz, Weekdays, Readings after the Service 51",679
"The Koren Shalem Siddur; Ashkenaz, Weekdays, Readings after the Service 52",680
"The Koren Shalem Siddur; Ashkenaz, Weekdays, Readings after the Service 53",681
"The Koren Shalem Siddur; Ashkenaz, Weekdays, Readings after the Service 54",682
"The Koren Shalem Siddur; Ashkenaz, Weekdays, Readings after the Service 55",683
"The Koren Shalem Siddur; Ashkenaz, Weekdays, Readings after the Service 56",684
"The Koren Shalem Siddur; Ashkenaz, Weekdays, Readings after the Service 57",685
"The Koren Shalem Siddur; Ashkenaz, Weekdays, Personal Supplications 1",687
"The Koren Shalem Siddur; Ashkenaz, Weekdays, Personal Supplications 2",688
"The Koren Shalem Siddur; Ashkenaz, Weekdays, Personal Supplications 3",689
"The Koren Shalem Siddur; Ashkenaz, Weekdays, Personal Supplications 4",690
"The Koren Shalem Siddur; Ashkenaz, Weekdays, Personal Supplications 5",691
"The Koren Shalem Siddur; Ashkenaz, Weekdays, Personal Supplications 6",692
"The Koren Shalem Siddur; Ashkenaz, Weekdays, Personal Supplications 7",693
"The Koren Shalem Siddur; Ashkenaz, Weekdays, Personal Supplications 8",694
"The Koren Shalem Siddur; Ashkenaz, Weekdays, Personal Supplications 9",695
"The Koren Shalem Siddur; Ashkenaz, Weekdays, Personal Supplications 10",696
"The Koren Shalem Siddur; Ashkenaz, Weekdays, Personal Supplications 11",697
"The Koren Shalem Siddur; Ashkenaz, Weekdays, Personal Supplications 12",698
"The Koren Shalem Siddur; Ashkenaz, Weekdays, Personal Supplications 13",699
"The Koren Shalem Siddur; Ashkenaz, Weekdays, Personal Supplications 14",700
"The Koren Shalem Siddur; Ashkenaz, Weekdays, Personal Supplications 15",701
"The Koren Shalem Siddur; Ashkenaz, Weekdays, Personal Supplications 16",702
"The Koren Shalem Siddur; Ashkenaz, Weekdays, Personal Supplications 17",703
"The Koren Shalem Siddur; Ashkenaz, Weekdays, Personal Supplications 18",704
"The Koren Shalem Siddur; Ashkenaz, Weekdays, Personal Supplications 19",705
"The Koren Shalem Siddur; Ashkenaz, Weekdays, Personal Supplications 20",706
"The Koren Shalem Siddur; Ashkenaz, Weekdays, Personal Supplications 21",707
"The Koren Shalem Siddur; Ashkenaz, Weekdays, Personal Supplications 22",708
"The Koren Shalem Siddur; Ashkenaz, Weekdays, Personal Supplications 23",709
"The Koren Shalem Siddur; Ashkenaz, Weekdays, Personal Supplications 24",710
"The Koren Shalem Siddur; Ashkenaz, Weekdays, Personal Supplications 25",711
"The Koren Shalem Siddur; Ashkenaz, Weekdays, Minha for Weekdays 1",713
"The Koren Shalem Siddur; Ashkenaz, Weekdays, Minha for Weekdays 2",714
"The Koren Shalem Siddur; Ashkenaz, Weekdays, Minha for Weekdays 3",715
"The Koren Shalem Siddur; Ashkenaz, Weekdays, Minha for Weekdays 4",716
"The Koren Shalem Siddur; Ashkenaz, Weekdays, Minha for Weekdays 5",717
"The Koren Shalem Siddur; Ashkenaz, Weekdays, Minha for Weekdays 6",718
"The Koren Shalem Siddur; Ashkenaz, Weekdays, Minha for Weekdays 7",719
"The Koren Shalem Siddur; Ashkenaz, Weekdays, Minha for Weekdays 8",720
"The Koren Shalem Siddur; Ashkenaz, Weekdays, Minha for Weekdays 9",721
"The Koren Shalem Siddur; Ashkenaz, Weekdays, Minha for Weekdays 10",722
"The Koren Shalem Siddur; Ashkenaz, Weekdays, Minha for Weekdays 11",723
"The Koren Shalem Siddur; Ashkenaz, Weekdays, Minha for Weekdays 12",724
"The Koren Shalem Siddur; Ashkenaz, Weekdays, Minha for Weekdays 13",725
"The Koren Shalem Siddur; Ashkenaz, Weekdays, Minha for Weekdays 14",726
"The Koren Shalem Siddur; Ashkenaz, Weekdays, Minha for Weekdays 15",727
"The Koren Shalem Siddur; Ashkenaz, Weekdays, Minha for Weekdays 16",728
"The Koren Shalem Siddur; Ashkenaz, Weekdays, Minha for Weekdays 17",729
"The Koren Shalem Siddur; Ashkenaz, Weekdays, Minha for Weekdays 18",730
"The Koren Shalem Siddur; Ashkenaz, Weekdays, Minha for Weekdays 19",731
"The Koren Shalem Siddur; Ashkenaz, Weekdays, Minha for Weekdays 20",732
"The Koren Shalem Siddur; Ashkenaz, Weekdays, Minha for Weekdays 21",733
"The Koren Shalem Siddur; Ashkenaz, Weekdays, Minha for Weekdays 22",734
"The Koren Shalem Siddur; Ashkenaz, Weekdays, Minha for Weekdays 23",735
"The Koren Shalem Siddur; Ashkenaz, Weekdays, Minha for Weekdays 24",736
"The Koren Shalem Siddur; Ashkenaz, Weekdays, Minha for Weekdays 25",737
"The Koren Shalem Siddur; Ashkenaz, Weekdays, Minha for Weekdays 26",738
"The Koren Shalem Siddur; Ashkenaz, Weekdays, Minha for Weekdays 27",739
"The Koren Shalem Siddur; Ashkenaz, Weekdays, Minha for Weekdays 28",740
"The Koren Shalem Siddur; Ashkenaz, Weekdays, Minha for Weekdays 29",741
"The Koren Shalem Siddur; Ashkenaz, Weekdays, Minha for Weekdays 30",742
"The Koren Shalem Siddur; Ashkenaz, Weekdays, Minha for Weekdays 31",743
"The Koren Shalem Siddur; Ashkenaz, Weekdays, Minha for Weekdays 32",744
"The Koren Shalem Siddur; Ashkenaz, Weekdays, Minha for Weekdays 33",745
"The Koren Shalem Siddur; Ashkenaz, Weekdays, Minha for Weekdays 34",746
"The Koren Shalem Siddur; Ashkenaz, Weekdays, Minha for Weekdays 35",747
"The Koren Shalem Siddur; Ashkenaz, Weekdays, Minha for Weekdays 36",748
"The Koren Shalem Siddur; Ashkenaz, Weekdays, Minha for Weekdays 37",749
"The Koren Shalem Siddur; Ashkenaz, Weekdays, Minha for Weekdays 38",750
"The Koren Shalem Siddur; Ashkenaz, Weekdays, Minha for Weekdays 39",751
"The Koren Shalem Siddur; Ashkenaz, Weekdays, Minha for Weekdays 40",752
"The Koren Shalem Siddur; Ashkenaz, Weekdays, Minha for Weekdays 41",753
"The Koren Shalem Siddur; Ashkenaz, Weekdays, Minha for Weekdays 42",754
"The Koren Shalem Siddur; Ashkenaz, Weekdays, Minha for Weekdays 43",755
"The Koren Shalem Siddur; Ashkenaz, Weekdays, Minha for Weekdays 44",756
"The Koren Shalem Siddur; Ashkenaz, Weekdays, Minha for Weekdays 45",757
"The Koren Shalem Siddur; Ashkenaz, Weekdays, Minha for Weekdays 46",758
"The Koren Shalem Siddur; Ashkenaz, Weekdays, Minha for Weekdays 47",759
"The Koren Shalem Siddur; Ashkenaz, Weekdays, Minha for Weekdays 48",760
"The Koren Shalem Siddur; Ashkenaz, Weekdays, Minha for Weekdays 49",761
"The Koren Shalem Siddur; Ashkenaz, Weekdays, Minha for Weekdays 50",762
"The Koren Shalem Siddur; Ashkenaz, Weekdays, Minha for Weekdays 51",763
"The Koren Shalem Siddur; Ashkenaz, Weekdays, Minha for Weekdays 52",764
"The Koren Shalem Siddur; Ashkenaz, Weekdays, Minha for Weekdays 53",765
"The Koren Shalem Siddur; Ashkenaz, Weekdays, Minha for Weekdays 54",766
"The Koren Shalem Siddur; Ashkenaz, Weekdays, Minha for Weekdays 55",767
"The Koren Shalem Siddur; Ashkenaz, Weekdays, Minha for Weekdays 56",768
"The Koren Shalem Siddur; Ashkenaz, Weekdays, Minha for Weekdays 57",769
"The Koren Shalem Siddur; Ashkenaz, Weekdays, Minha for Weekdays 58",770
"The Koren Shalem Siddur; Ashkenaz, Weekdays, Minha for Weekdays 59",771
"The Koren Shalem Siddur; Ashkenaz, Weekdays, Minha for Weekdays 60",772
"The Koren Shalem Siddur; Ashkenaz, Weekdays, Minha for Weekdays 61",773
"The Koren Shalem Siddur; Ashkenaz, Weekdays, Minha for Weekdays 62",774
"The Koren Shalem Siddur; Ashkenaz, Weekdays, Minha for Weekdays 63",775
"The Koren Shalem Siddur; Ashkenaz, Weekdays, Minha for Weekdays 64",776
"The Koren Shalem Siddur; Ashkenaz, Weekdays, Minha for Weekdays 65",777
"The Koren Shalem Siddur; Ashkenaz, Weekdays, Minha for Weekdays 66",778
"The Koren Shalem Siddur; Ashkenaz, Weekdays, Minha for Weekdays 67",779
"The Koren Shalem Siddur; Ashkenaz, Weekdays, Minha for Weekdays 68",780
"The Koren Shalem Siddur; Ashkenaz, Weekdays, Minha for Weekdays 69",781
"The Koren Shalem Siddur; Ashkenaz, Weekdays, Minha for Weekdays 70",782
"The Koren Shalem Siddur; Ashkenaz, Weekdays, Minha for Weekdays 71",783
"The Koren Shalem Siddur; Ashkenaz, Weekdays, Minha for Weekdays 72",784
"The Koren Shalem Siddur; Ashkenaz, Weekdays, Minha for Weekdays 73",785
"The Koren Shalem Siddur; Ashkenaz, Weekdays, Minha for Weekdays 74",786
"The Koren Shalem Siddur; Ashkenaz, Weekdays, Minha for Weekdays 75",787
"The Koren Shalem Siddur; Ashkenaz, Weekdays, Minha for Weekdays 76",788
"The Koren Shalem Siddur; Ashkenaz, Weekdays, Minha for Weekdays 77",789
"The Koren Shalem Siddur; Ashkenaz, Weekdays, Minha for Weekdays 78",790
"The Koren Shalem Siddur; Ashkenaz, Weekdays, Minha for Weekdays 79",791
"The Koren Shalem Siddur; Ashkenaz, Weekdays, Minha for Weekdays 80",792
"The Koren Shalem Siddur; Ashkenaz, Weekdays, Minha for Weekdays 81",793
"The Koren Shalem Siddur; Ashkenaz, Weekdays, Minha for Weekdays 82",794
"The Koren Shalem Siddur; Ashkenaz, Weekdays, Minha for Weekdays 83",795
"The Koren Shalem Siddur; Ashkenaz, Weekdays, Minha for Weekdays 84",796
"The Koren Shalem Siddur; Ashkenaz, Weekdays, Minha for Weekdays 85",797
"The Koren Shalem Siddur; Ashkenaz, Weekdays, Minha for Weekdays 86",798
"The Koren Shalem Siddur; Ashkenaz, Weekdays, Minha for Weekdays 87",799
"The Koren Shalem Siddur; Ashkenaz, Weekdays, Minha for Weekdays 88",800
"The Koren Shalem Siddur; Ashkenaz, Weekdays, Minha for Weekdays 89",801
"The Koren Shalem Siddur; Ashkenaz, Weekdays, Minha for Weekdays 90",802
"The Koren Shalem Siddur; Ashkenaz, Weekdays, Minha for Weekdays 91",803
"The Koren Shalem Siddur; Ashkenaz, Weekdays, Minha for Weekdays 92",804
"The Koren Shalem Siddur; Ashkenaz, Weekdays, Minha for Weekdays 93",805
"The Koren Shalem Siddur; Ashkenaz, Weekdays, Minha for Weekdays 94",806
"The Koren Shalem Siddur; Ashkenaz, Weekdays, Minha for Weekdays 95",807
"The Koren Shalem Siddur; Ashkenaz, Weekdays, Minha for Weekdays 96",808
"The Koren Shalem Siddur; Ashkenaz, Weekdays, Minha for Weekdays 97",809
"The Koren Shalem Siddur; Ashkenaz, Weekdays, Minha for Weekdays 98",810
"The Koren Shalem Siddur; Ashkenaz, Weekdays, Minha for Weekdays 99",811
"The Koren Shalem Siddur; Ashkenaz, Weekdays, Minha for Weekdays 100",812
"The Koren Shalem Siddur; Ashkenaz, Weekdays, Minha for Weekdays 101",813
"The Koren Shalem Siddur; Ashkenaz, Weekdays, Minha for Weekdays 102",814
"The Koren Shalem Siddur; Ashkenaz, Weekdays, Minha for Weekdays 103",815
"The Koren Shalem Siddur; Ashkenaz, Weekdays, Minha for Weekdays 104",816
"The Koren Shalem Siddur; Ashkenaz, Weekdays, Minha for Weekdays 105",817
"The Koren Shalem Siddur; Ashkenaz, Weekdays, Minha for Weekdays 106",818
"The Koren Shalem Siddur; Ashkenaz, Weekdays, Minha for Weekdays 107",819
"The Koren Shalem Siddur; Ashkenaz, Weekdays, Minha for Weekdays 108",820
"The Koren Shalem Siddur; Ashkenaz, Weekdays, Minha for Weekdays 109",821
"The Koren Shalem Siddur; Ashkenaz, Weekdays, Minha for Weekdays 110",822
"The Koren Shalem Siddur; Ashkenaz, Weekdays, Minha for Weekdays 111",823
"The Koren Shalem Siddur; Ashkenaz, Weekdays, Minha for Weekdays 112",824
"The Koren Shalem Siddur; Ashkenaz, Weekdays, Minha for Weekdays 113",825
"The Koren Shalem Siddur; Ashkenaz, Weekdays, Minha for Weekdays 114",826
"The Koren Shalem Siddur; Ashkenaz, Weekdays, Minha for Weekdays 115",827
"The Koren Shalem Siddur; Ashkenaz, Weekdays, Minha for Weekdays 116",828
"The Koren Shalem Siddur; Ashkenaz, Weekdays, Minha for Weekdays 117",829
"The Koren Shalem Siddur; Ashkenaz, Weekdays, Minha for Weekdays 118",830
"The Koren Shalem Siddur; Ashkenaz, Weekdays, Minha for Weekdays 119",831
"The Koren Shalem Siddur; Ashkenaz, Weekdays, Minha for Weekdays 120",832
"The Koren Shalem Siddur; Ashkenaz, Weekdays, Minha for Weekdays 121",833
"The Koren Shalem Siddur; Ashkenaz, Weekdays, Minha for Weekdays 122",834
"The Koren Shalem Siddur; Ashkenaz, Weekdays, Minha for Weekdays 123",835
"The Koren Shalem Siddur; Ashkenaz, Weekdays, Minha for Weekdays 124",836
"The Koren Shalem Siddur; Ashkenaz, Weekdays, Minha for Weekdays 125",837
"The Koren Shalem Siddur; Ashkenaz, Weekdays, Minha for Weekdays 126",838
"The Koren Shalem Siddur; Ashkenaz, Weekdays, Minha for Weekdays 127",839
"The Koren Shalem Siddur; Ashkenaz, Weekdays, Minha for Weekdays 128",840
"The Koren Shalem Siddur; Ashkenaz, Weekdays, Minha for Weekdays 129",841
"The Koren Shalem Siddur; Ashkenaz, Weekdays, Minha for Weekdays 130",842
"The Koren Shalem Siddur; Ashkenaz, Weekdays, Minha for Weekdays 131",843
"The Koren Shalem Siddur; Ashkenaz, Weekdays, Ma'ariv for Weekdays 1",845
"The Koren Shalem Siddur; Ashkenaz, Weekdays, Ma'ariv for Weekdays 2",846
"The Koren Shalem Siddur; Ashkenaz, Weekdays, Ma'ariv for Weekdays 3",847
"The Koren Shalem Siddur; Ashkenaz, Weekdays, Ma'ariv for Weekdays 4",848
"The Koren Shalem Siddur; Ashkenaz, Weekdays, Ma'ariv for Weekdays 5",849
"The Koren Shalem Siddur; Ashkenaz, Weekdays, Ma'ariv for Weekdays 6",850
"The Koren Shalem Siddur; Ashkenaz, Weekdays, Ma'ariv for Weekdays 7",851
"The Koren Shalem Siddur; Ashkenaz, Weekdays, Ma'ariv for Weekdays 8",852
"The Koren Shalem Siddur; Ashkenaz, Weekdays, Ma'ariv for Weekdays 9",853
"The Koren Shalem Siddur; Ashkenaz, Weekdays, Ma'ariv for Weekdays 10",854
"The Koren Shalem Siddur; Ashkenaz, Weekdays, Ma'ariv for Weekdays 11",855
"The Koren Shalem Siddur; Ashkenaz, Weekdays, Ma'ariv for Weekdays 12",856
"The Koren Shalem Siddur; Ashkenaz, Weekdays, Ma'ariv for Weekdays 13",857
"The Koren Shalem Siddur; Ashkenaz, Weekdays, Ma'ariv for Weekdays 14",858
"The Koren Shalem Siddur; Ashkenaz, Weekdays, Ma'ariv for Weekdays 15",859
"The Koren Shalem Siddur; Ashkenaz, Weekdays, Ma'ariv for Weekdays 16",860
"The Koren Shalem Siddur; Ashkenaz, Weekdays, Ma'ariv for Weekdays 17",861
"The Koren Shalem Siddur; Ashkenaz, Weekdays, Ma'ariv for Weekdays 18",862
"The Koren Shalem Siddur; Ashkenaz, Weekdays, Ma'ariv for Weekdays 19",863
"The Koren Shalem Siddur; Ashkenaz, Weekdays, Ma'ariv for Weekdays 20",864
"The Koren Shalem Siddur; Ashkenaz, Weekdays, Ma'ariv for Weekdays 21",865
"The Koren Shalem Siddur; Ashkenaz, Weekdays, Ma'ariv for Weekdays 22",866
"The Koren Shalem Siddur; Ashkenaz, Weekdays, Ma'ariv for Weekdays 23",867
"The Koren Shalem Siddur; Ashkenaz, Weekdays, Ma'ariv for Weekdays 24",868
"The Koren Shalem Siddur; Ashkenaz, Weekdays, Ma'ariv for Weekdays 25",869
"The Koren Shalem Siddur; Ashkenaz, Weekdays, Ma'ariv for Weekdays 26",870
"The Koren Shalem Siddur; Ashkenaz, Weekdays, Ma'ariv for Weekdays 27",871
"The Koren Shalem Siddur; Ashkenaz, Weekdays, Ma'ariv for Weekdays 28",872
"The Koren Shalem Siddur; Ashkenaz, Weekdays, Ma'ariv for Weekdays 29",873
"The Koren Shalem Siddur; Ashkenaz, Weekdays, Ma'ariv for Weekdays 30",874
"The Koren Shalem Siddur; Ashkenaz, Weekdays, Ma'ariv for Weekdays 31",875
"The Koren Shalem Siddur; Ashkenaz, Weekdays, Ma'ariv for Weekdays 32",876
"The Koren Shalem Siddur; Ashkenaz, Weekdays, Ma'ariv for Weekdays 33",877
"The Koren Shalem Siddur; Ashkenaz, Weekdays, Ma'ariv for Weekdays 34",878
"The Koren Shalem Siddur; Ashkenaz, Weekdays, Ma'ariv for Weekdays 35",879
"The Koren Shalem Siddur; Ashkenaz, Weekdays, Ma'ariv for Weekdays 36",880
"The Koren Shalem Siddur; Ashkenaz, Weekdays, Ma'ariv for Weekdays 37",881
"The Koren Shalem Siddur; Ashkenaz, Weekdays, Ma'ariv for Weekdays 38",882
"The Koren Shalem Siddur; Ashkenaz, Weekdays, Ma'ariv for Weekdays 39",883
"The Koren Shalem Siddur; Ashkenaz, Weekdays, Ma'ariv for Weekdays 40",884
"The Koren Shalem Siddur; Ashkenaz, Weekdays, Ma'ariv for Weekdays 41",885
"The Koren Shalem Siddur; Ashkenaz, Weekdays, Ma'ariv for Weekdays 42",886
"The Koren Shalem Siddur; Ashkenaz, Weekdays, Ma'ariv for Weekdays 43",887
"The Koren Shalem Siddur; Ashkenaz, Weekdays, Ma'ariv for Weekdays 44",888
"The Koren Shalem Siddur; Ashkenaz, Weekdays, Ma'ariv for Weekdays 45",889
"The Koren Shalem Siddur; Ashkenaz, Weekdays, Ma'ariv for Weekdays 46",890
"The Koren Shalem Siddur; Ashkenaz, Weekdays, Ma'ariv for Weekdays 47",891
"The Koren Shalem Siddur; Ashkenaz, Weekdays, Ma'ariv for Weekdays 48",892
"The Koren Shalem Siddur; Ashkenaz, Weekdays, Ma'ariv for Weekdays 49",893
"The Koren Shalem Siddur; Ashkenaz, Weekdays, Ma'ariv for Weekdays 50",894
"The Koren Shalem Siddur; Ashkenaz, Weekdays, Ma'ariv for Weekdays 51",895
"The Koren Shalem Siddur; Ashkenaz, Weekdays, Ma'ariv for Weekdays 52",896
"The Koren Shalem Siddur; Ashkenaz, Weekdays, Ma'ariv for Weekdays 53",897
"The Koren Shalem Siddur; Ashkenaz, Weekdays, Ma'ariv for Weekdays 54",898
"The Koren Shalem Siddur; Ashkenaz, Weekdays, Ma'ariv for Weekdays 55",899
"The Koren Shalem Siddur; Ashkenaz, Weekdays, Ma'ariv for Weekdays 56",900
"The Koren Shalem Siddur; Ashkenaz, Weekdays, Ma'ariv for Weekdays 57",901
"The Koren Shalem Siddur; Ashkenaz, Weekdays, Ma'ariv for Weekdays 58",902
"The Koren Shalem Siddur; Ashkenaz, Weekdays, Ma'ariv for Weekdays 59",903
"The Koren Shalem Siddur; Ashkenaz, Weekdays, Ma'ariv for Weekdays 60",904
"The Koren Shalem Siddur; Ashkenaz, Weekdays, Ma'ariv for Weekdays 61",905
"The Koren Shalem Siddur; Ashkenaz, Weekdays, Ma'ariv for Weekdays 62",906
"The Koren Shalem Siddur; Ashkenaz, Weekdays, Ma'ariv for Weekdays 63",907
"The Koren Shalem Siddur; Ashkenaz, Weekdays, Ma'ariv for Weekdays 64",908
"The Koren Shalem Siddur; Ashkenaz, Weekdays, Ma'ariv for Weekdays 65",909
"The Koren Shalem Siddur; Ashkenaz, Weekdays, Ma'ariv for Weekdays 66",910
"The Koren Shalem Siddur; Ashkenaz, Weekdays, Ma'ariv for Weekdays 67",911
"The Koren Shalem Siddur; Ashkenaz, Weekdays, Ma'ariv for Weekdays 68",912
"The Koren Shalem Siddur; Ashkenaz, Weekdays, Ma'ariv for Weekdays 69",913
"The Koren Shalem Siddur; Ashkenaz, Weekdays, Ma'ariv for Weekdays 70",914
"The Koren Shalem Siddur; Ashkenaz, Weekdays, Ma'ariv for Weekdays 71",915
"The Koren Shalem Siddur; Ashkenaz, Weekdays, Ma'ariv for Weekdays 72",916
"The Koren Shalem Siddur; Ashkenaz, Weekdays, Ma'ariv for Weekdays 73",917
"The Koren Shalem Siddur; Ashkenaz, Weekdays, Ma'ariv for Weekdays 74",918
"The Koren Shalem Siddur; Ashkenaz, Weekdays, Ma'ariv for Weekdays 75",919
"The Koren Shalem Siddur; Ashkenaz, Weekdays, Ma'ariv for Weekdays 76",920
"The Koren Shalem Siddur; Ashkenaz, Weekdays, Ma'ariv for Weekdays 77",921
"The Koren Shalem Siddur; Ashkenaz, Weekdays, Ma'ariv for Weekdays 78",922
"The Koren Shalem Siddur; Ashkenaz, Weekdays, Ma'ariv for Weekdays 79",923
"The Koren Shalem Siddur; Ashkenaz, Weekdays, Ma'ariv for Weekdays 80",924
"The Koren Shalem Siddur; Ashkenaz, Weekdays, Ma'ariv for Weekdays 81",925
"The Koren Shalem Siddur; Ashkenaz, Weekdays, Ma'ariv for Weekdays 82",926
"The Koren Shalem Siddur; Ashkenaz, Weekdays, Ma'ariv for Weekdays 83",927
"The Koren Shalem Siddur; Ashkenaz, Weekdays, Ma'ariv for Weekdays 84",928
"The Koren Shalem Siddur; Ashkenaz, Weekdays, Ma'ariv for Weekdays 85",929
"The Koren Shalem Siddur; Ashkenaz, Weekdays, Ma'ariv for Weekdays 86",930
"The Koren Shalem Siddur; Ashkenaz, Weekdays, Ma'ariv for Weekdays 87",931
"The Koren Shalem Siddur; Ashkenaz, Weekdays, Ma'ariv for Weekdays 88",932
"The Koren Shalem Siddur; Ashkenaz, Weekdays, Ma'ariv for Weekdays 89",933
"The Koren Shalem Siddur; Ashkenaz, Weekdays, Ma'ariv for Weekdays 90",934
"The Koren Shalem Siddur; Ashkenaz, Weekdays, Ma'ariv for Weekdays 91",935
"The Koren Shalem Siddur; Ashkenaz, Weekdays, Ma'ariv for Weekdays 92",936
"The Koren Shalem Siddur; Ashkenaz, Weekdays, Ma'ariv for Weekdays 93",937
"The Koren Shalem Siddur; Ashkenaz, Weekdays, Ma'ariv for Weekdays 94",938
"The Koren Shalem Siddur; Ashkenaz, Weekdays, Ma'ariv for Weekdays 95",939
"The Koren Shalem Siddur; Ashkenaz, Weekdays, Ma'ariv for Weekdays 96",940
"The Koren Shalem Siddur; Ashkenaz, Weekdays, Ma'ariv for Weekdays 97",941
"The Koren Shalem Siddur; Ashkenaz, Weekdays, Ma'ariv for Weekdays 98",942
"The Koren Shalem Siddur; Ashkenaz, Weekdays, Ma'ariv for Weekdays 99",943
"The Koren Shalem Siddur; Ashkenaz, Weekdays, Ma'ariv for Weekdays 100",944
"The Koren Shalem Siddur; Ashkenaz, Weekdays, Ma'ariv for Weekdays 101",945
"The Koren Shalem Siddur; Ashkenaz, Weekdays, Ma'ariv for Weekdays 102",946
"The Koren Shalem Siddur; Ashkenaz, Weekdays, Ma'ariv for Weekdays 103",947
"The Koren Shalem Siddur; Ashkenaz, Weekdays, Ma'ariv for Weekdays 104",948
"The Koren Shalem Siddur; Ashkenaz, Weekdays, Ma'ariv for Weekdays 105",949
"The Koren Shalem Siddur; Ashkenaz, Weekdays, Ma'ariv for Weekdays 106",950
"The Koren Shalem Siddur; Ashkenaz, Weekdays, Ma'ariv for Weekdays 107",951
"The Koren Shalem Siddur; Ashkenaz, Weekdays, Ma'ariv for Weekdays 108",952
"The Koren Shalem Siddur; Ashkenaz, Weekdays, Ma'ariv for Weekdays 109",953
"The Koren Shalem Siddur; Ashkenaz, Weekdays, Ma'ariv for Weekdays 110",954
"The Koren Shalem Siddur; Ashkenaz, Weekdays, Ma'ariv for Weekdays 111",955
"The Koren Shalem Siddur; Ashkenaz, Weekdays, Ma'ariv for Weekdays 112",956
"The Koren Shalem Siddur; Ashkenaz, Weekdays, Ma'ariv for Weekdays 113",957
"The Koren Shalem Siddur; Ashkenaz, Weekdays, Ma'ariv for Weekdays 114",958
"The Koren Shalem Siddur; Ashkenaz, Weekdays, Ma'ariv for Weekdays 115",959
"The Koren Shalem Siddur; Ashkenaz, Weekdays, Ma'ariv for Weekdays 116",960
"The Koren Shalem Siddur; Ashkenaz, Weekdays, Ma'ariv for Weekdays 117",961
"The Koren Shalem Siddur; Ashkenaz, Weekdays, Ma'ariv for Weekdays 118",962
"The Koren Shalem Siddur; Ashkenaz, Weekdays, Ma'ariv for Weekdays 119",963
"The Koren Shalem Siddur; Ashkenaz, Weekdays, Ma'ariv for Weekdays 120",964
"The Koren Shalem Siddur; Ashkenaz, Weekdays, Ma'ariv for Weekdays 121",965
"The Koren Shalem Siddur; Ashkenaz, Weekdays, Ma'ariv for Weekdays 122",966
"The Koren Shalem Siddur; Ashkenaz, Weekdays, Ma'ariv for Weekdays 123",967
"The Koren Shalem Siddur; Ashkenaz, Weekdays, Ma'ariv for Weekdays 124",968
"The Koren Shalem Siddur; Ashkenaz, Weekdays, Ma'ariv for Weekdays 125",969
"The Koren Shalem Siddur; Ashkenaz, Weekdays, Ma'ariv for Weekdays 126",970
"The Koren Shalem Siddur; Ashkenaz, Weekdays, Ma'ariv for Weekdays 127",971
"The Koren Shalem Siddur; Ashkenaz, Weekdays, Ma'ariv for Weekdays 128",972
"The Koren Shalem Siddur; Ashkenaz, Weekdays, Ma'ariv for Weekdays 129",973
"The Koren Shalem Siddur; Ashkenaz, Weekdays, Ma'ariv for Weekdays 130",974
"The Koren Shalem Siddur; Ashkenaz, Weekdays, Ma'ariv for Weekdays 131",975
"The Koren Shalem Siddur; Ashkenaz, Weekdays, Ma'ariv for Weekdays 132",976
"The Koren Shalem Siddur; Ashkenaz, Weekdays, Counting of the Omer 1",978
"The Koren Shalem Siddur; Ashkenaz, Weekdays, Counting of the Omer 2",979
"The Koren Shalem Siddur; Ashkenaz, Weekdays, Counting of the Omer 3",980
"The Koren Shalem Siddur; Ashkenaz, Weekdays, Counting of the Omer 4",981
"The Koren Shalem Siddur; Ashkenaz, Weekdays, Counting of the Omer 5",982
"The Koren Shalem Siddur; Ashkenaz, Weekdays, Counting of the Omer 6",983
"The Koren Shalem Siddur; Ashkenaz, Weekdays, Counting of the Omer 7",984
"The Koren Shalem Siddur; Ashkenaz, Weekdays, Counting of the Omer 8",985
"The Koren Shalem Siddur; Ashkenaz, Weekdays, Counting of the Omer 9",986
"The Koren Shalem Siddur; Ashkenaz, Weekdays, Counting of the Omer 10",987
"The Koren Shalem Siddur; Ashkenaz, Weekdays, Counting of the Omer 11",988
"The Koren Shalem Siddur; Ashkenaz, Weekdays, Counting of the Omer 12",989
"The Koren Shalem Siddur; Ashkenaz, Weekdays, Counting of the Omer 13",990
"The Koren Shalem Siddur; Ashkenaz, Weekdays, Counting of the Omer 14",991
"The Koren Shalem Siddur; Ashkenaz, Weekdays, Counting of the Omer 15",992
"The Koren Shalem Siddur; Ashkenaz, Weekdays, Counting of the Omer 16",993
"The Koren Shalem Siddur; Ashkenaz, Weekdays, Counting of the Omer 17",994
"The Koren Shalem Siddur; Ashkenaz, Weekdays, Counting of the Omer 18",995
"The Koren Shalem Siddur; Ashkenaz, Weekdays, Counting of the Omer 19",996
"The Koren Shalem Siddur; Ashkenaz, Weekdays, Counting of the Omer 20",997
"The Koren Shalem Siddur; Ashkenaz, Weekdays, Counting of the Omer 21",998
"The Koren Shalem Siddur; Ashkenaz, Weekdays, Counting of the Omer 22",999
"The Koren Shalem Siddur; Ashkenaz, Weekdays, Counting of the Omer 23",1000
"The Koren Shalem Siddur; Ashkenaz, Weekdays, Counting of the Omer 24",1001
"The Koren Shalem Siddur; Ashkenaz, Weekdays, Counting of the Omer 25",1002
"The Koren Shalem Siddur; Ashkenaz, Weekdays, Counting of the Omer 26",1003
"The Koren Shalem Siddur; Ashkenaz, Weekdays, Counting of the Omer 27",1004
"The Koren Shalem Siddur; Ashkenaz, Weekdays, Counting of the Omer 28",1005
"The Koren Shalem Siddur; Ashkenaz, Weekdays, Counting of the Omer 29",1006
"The Koren Shalem Siddur; Ashkenaz, Weekdays, Counting of the Omer 30",1007
"The Koren Shalem Siddur; Ashkenaz, Weekdays, Counting of the Omer 31",1008
"The Koren Shalem Siddur; Ashkenaz, Weekdays, Counting of the Omer 32",1009
"The Koren Shalem Siddur; Ashkenaz, Weekdays, Counting of the Omer 33",1010
"The Koren Shalem Siddur; Ashkenaz, Weekdays, Counting of the Omer 34",1011
"The Koren Shalem Siddur; Ashkenaz, Weekdays, Counting of the Omer 35",1012
"The Koren Shalem Siddur; Ashkenaz, Weekdays, Counting of the Omer 36",1013
"The Koren Shalem Siddur; Ashkenaz, Weekdays, Counting of the Omer 37",1014
"The Koren Shalem Siddur; Ashkenaz, Weekdays, Counting of the Omer 38",1015
"The Koren Shalem Siddur; Ashkenaz, Weekdays, Counting of the Omer 39",1016
"The Koren Shalem Siddur; Ashkenaz, Weekdays, Counting of the Omer 40",1017
"The Koren Shalem Siddur; Ashkenaz, Weekdays, Counting of the Omer 41",1018
"The Koren Shalem Siddur; Ashkenaz, Weekdays, Counting of the Omer 42",1019
"The Koren Shalem Siddur; Ashkenaz, Weekdays, Counting of the Omer 43",1020
"The Koren Shalem Siddur; Ashkenaz, Weekdays, Counting of the Omer 44",1021
"The Koren Shalem Siddur; Ashkenaz, Weekdays, Counting of the Omer 45",1022
"The Koren Shalem Siddur; Ashkenaz, Weekdays, Counting of the Omer 46",1023
"The Koren Shalem Siddur; Ashkenaz, Weekdays, Counting of the Omer 47",1024
"The Koren Shalem Siddur; Ashkenaz, Weekdays, Counting of the Omer 48",1025
"The Koren Shalem Siddur; Ashkenaz, Weekdays, Counting of the Omer 49",1026
"The Koren Shalem Siddur; Ashkenaz, Weekdays, Counting of the Omer 50",1027
"The Koren Shalem Siddur; Ashkenaz, Weekdays, Counting of the Omer 51",1028
"The Koren Shalem Siddur; Ashkenaz, Weekdays, Counting of the Omer 52",1029
"The Koren Shalem Siddur; Ashkenaz, Weekdays, Counting of the Omer 53",1030
"The Koren Shalem Siddur; Ashkenaz, Weekdays, Counting of the Omer 54",1031
"The Koren Shalem Siddur; Ashkenaz, Weekdays, Counting of the Omer 55",1032
"The Koren Shalem Siddur; Ashkenaz, Weekdays, Counting of the Omer 56",1033
"The Koren Shalem Siddur; Ashkenaz, Weekdays, Counting of the Omer 57",1034
"The Koren Shalem Siddur; Ashkenaz, Weekdays, Counting of the Omer 58",1035
"The Koren Shalem Siddur; Ashkenaz, Weekdays, Shema before Sleep at Night 1",1037
"The Koren Shalem Siddur; Ashkenaz, Weekdays, Shema before Sleep at Night 2",1038
"The Koren Shalem Siddur; Ashkenaz, Weekdays, Shema before Sleep at Night 3",1039
"The Koren Shalem Siddur; Ashkenaz, Weekdays, Shema before Sleep at Night 4",1040
"The Koren Shalem Siddur; Ashkenaz, Weekdays, Shema before Sleep at Night 5",1041
"The Koren Shalem Siddur; Ashkenaz, Weekdays, Shema before Sleep at Night 6",1042
"The Koren Shalem Siddur; Ashkenaz, Weekdays, Shema before Sleep at Night 7",1043
"The Koren Shalem Siddur; Ashkenaz, Weekdays, Shema before Sleep at Night 8",1044
"The Koren Shalem Siddur; Ashkenaz, Weekdays, Shema before Sleep at Night 9",1045
"The Koren Shalem Siddur; Ashkenaz, Weekdays, Shema before Sleep at Night 10",1046
"The Koren Shalem Siddur; Ashkenaz, Weekdays, Shema before Sleep at Night 11",1047
"The Koren Shalem Siddur; Ashkenaz, Weekdays, Shema before Sleep at Night 12",1048
"The Koren Shalem Siddur; Ashkenaz, Weekdays, Shema before Sleep at Night 13",1049
"The Koren Shalem Siddur; Ashkenaz, Weekdays, Shema before Sleep at Night 14",1050
"The Koren Shalem Siddur; Ashkenaz, Weekdays, Shema before Sleep at Night 15",1051
"The Koren Shalem Siddur; Ashkenaz, Weekdays, Shema before Sleep at Night 16",1052
"The Koren Shalem Siddur; Ashkenaz, Weekdays, Shema before Sleep at Night 17",1053
"The Koren Shalem Siddur; Ashkenaz, Weekdays, Shema before Sleep at Night 18",1054
"The Koren Shalem Siddur; Ashkenaz, Weekdays, Shema before Sleep at Night 19",1055
"The Koren Shalem Siddur; Ashkenaz, Weekdays, Shema before Sleep at Night 20",1056
"The Koren Shalem Siddur; Ashkenaz, Weekdays, Shema before Sleep at Night 21",1057
"The Koren Shalem Siddur; Ashkenaz, Weekdays, Shema before Sleep at Night 22",1058
"The Koren Shalem Siddur; Ashkenaz, Weekdays, Shema before Sleep at Night 23",1059
"The Koren Shalem Siddur; Ashkenaz, Weekdays, Shema before Sleep at Night 24",1060
"The Koren Shalem Siddur; Ashkenaz, Weekdays, Shema before Sleep at Night 25",1061
"The Koren Shalem Siddur; Ashkenaz, Weekdays, Shema before Sleep at Night 26",1062
"The Koren Shalem Siddur; Ashkenaz, Weekdays, Shema before Sleep at Night 27",1063
"The Koren Shalem Siddur; Ashkenaz, Weekdays, Shema before Sleep at Night 28",1064
"The Koren Shalem Siddur; Ashkenaz, Shabbat, Eiruvin 1",1067
"The Koren Shalem Siddur; Ashkenaz, Shabbat, Eiruvin 2",1068
"The Koren Shalem Siddur; Ashkenaz, Shabbat, Eiruvin 3",1069
"The Koren Shalem Siddur; Ashkenaz, Shabbat, Eiruvin 4",1070
"The Koren Shalem Siddur; Ashkenaz, Shabbat, Eiruvin 5",1071
"The Koren Shalem Siddur; Ashkenaz, Shabbat, Eiruvin 6",1072
"The Koren Shalem Siddur; Ashkenaz, Shabbat, Eiruvin 7",1073
"The Koren Shalem Siddur; Ashkenaz, Shabbat, Eiruvin 8",1074
"The Koren Shalem Siddur; Ashkenaz, Shabbat, Candle Lighting 1",1076
"The Koren Shalem Siddur; Ashkenaz, Shabbat, Candle Lighting 2",1077
"The Koren Shalem Siddur; Ashkenaz, Shabbat, Candle Lighting 3",1078
"The Koren Shalem Siddur; Ashkenaz, Shabbat, Candle Lighting 4",1079
"The Koren Shalem Siddur; Ashkenaz, Shabbat, Candle Lighting 5",1080
"The Koren Shalem Siddur; Ashkenaz, Shabbat, Candle Lighting 6",1081
"The Koren Shalem Siddur; Ashkenaz, Shabbat, Candle Lighting 7",1082
"The Koren Shalem Siddur; Ashkenaz, Shabbat, Candle Lighting 8",1083
"The Koren Shalem Siddur; Ashkenaz, Shabbat, Candle Lighting 9",1084
"The Koren Shalem Siddur; Ashkenaz, Shabbat, Candle Lighting 10",1085
"The Koren Shalem Siddur; Ashkenaz, Shabbat, Candle Lighting 11",1086
"The Koren Shalem Siddur; Ashkenaz, Shabbat, Candle Lighting 12",1087
"The Koren Shalem Siddur; Ashkenaz, Shabbat, Candle Lighting 13",1088
"The Koren Shalem Siddur; Ashkenaz, Shabbat, Candle Lighting 14",1089
"The Koren Shalem Siddur; Ashkenaz, Shabbat, Candle Lighting 15",1090
"The Koren Shalem Siddur; Ashkenaz, Shabbat, Candle Lighting 16",1091
"The Koren Shalem Siddur; Ashkenaz, Shabbat, Kabbalat Shabbat 1",1093
"The Koren Shalem Siddur; Ashkenaz, Shabbat, Kabbalat Shabbat 2",1094
"The Koren Shalem Siddur; Ashkenaz, Shabbat, Kabbalat Shabbat 3",1095
"The Koren Shalem Siddur; Ashkenaz, Shabbat, Kabbalat Shabbat 4",1096
"The Koren Shalem Siddur; Ashkenaz, Shabbat, Kabbalat Shabbat 5",1097
"The Koren Shalem Siddur; Ashkenaz, Shabbat, Kabbalat Shabbat 6",1098
"The Koren Shalem Siddur; Ashkenaz, Shabbat, Kabbalat Shabbat 7",1099
"The Koren Shalem Siddur; Ashkenaz, Shabbat, Kabbalat Shabbat 8",1100
"The Koren Shalem Siddur; Ashkenaz, Shabbat, Kabbalat Shabbat 9",1101
"The Koren Shalem Siddur; Ashkenaz, Shabbat, Kabbalat Shabbat 10",1102
"The Koren Shalem Siddur; Ashkenaz, Shabbat, Kabbalat Shabbat 11",1103
"The Koren Shalem Siddur; Ashkenaz, Shabbat, Kabbalat Shabbat 12",1104
"The Koren Shalem Siddur; Ashkenaz, Shabbat, Kabbalat Shabbat 13",1105
"The Koren Shalem Siddur; Ashkenaz, Shabbat, Kabbalat Shabbat 14",1106
"The Koren Shalem Siddur; Ashkenaz, Shabbat, Kabbalat Shabbat 15",1107
"The Koren Shalem Siddur; Ashkenaz, Shabbat, Kabbalat Shabbat 16",1108
"The Koren Shalem Siddur; Ashkenaz, Shabbat, Kabbalat Shabbat 17",1109
"The Koren Shalem Siddur; Ashkenaz, Shabbat, Kabbalat Shabbat 18",1110
"The Koren Shalem Siddur; Ashkenaz, Shabbat, Kabbalat Shabbat 19",1111
"The Koren Shalem Siddur; Ashkenaz, Shabbat, Kabbalat Shabbat 20",1112
"The Koren Shalem Siddur; Ashkenaz, Shabbat, Kabbalat Shabbat 21",1113
"The Koren Shalem Siddur; Ashkenaz, Shabbat, Kabbalat Shabbat 22",1114
"The Koren Shalem Siddur; Ashkenaz, Shabbat, Kabbalat Shabbat 23",1115
"The Koren Shalem Siddur; Ashkenaz, Shabbat, Kabbalat Shabbat 24",1116
"The Koren Shalem Siddur; Ashkenaz, Shabbat, Kabbalat Shabbat 25",1117
"The Koren Shalem Siddur; Ashkenaz, Shabbat, Kabbalat Shabbat 26",1118
"The Koren Shalem Siddur; Ashkenaz, Shabbat, Kabbalat Shabbat 27",1119
"The Koren Shalem Siddur; Ashkenaz, Shabbat, Kabbalat Shabbat 28",1120
"The Koren Shalem Siddur; Ashkenaz, Shabbat, Kabbalat Shabbat 29",1121
"The Koren Shalem Siddur; Ashkenaz, Shabbat, Kabbalat Shabbat 30",1122
"The Koren Shalem Siddur; Ashkenaz, Shabbat, Kabbalat Shabbat 31",1123
"The Koren Shalem Siddur; Ashkenaz, Shabbat, Kabbalat Shabbat 32",1124
"The Koren Shalem Siddur; Ashkenaz, Shabbat, Kabbalat Shabbat 33",1125
"The Koren Shalem Siddur; Ashkenaz, Shabbat, Kabbalat Shabbat 34",1126
"The Koren Shalem Siddur; Ashkenaz, Shabbat, Kabbalat Shabbat 35",1127
"The Koren Shalem Siddur; Ashkenaz, Shabbat, Kabbalat Shabbat 36",1128
"The Koren Shalem Siddur; Ashkenaz, Shabbat, Kabbalat Shabbat 37",1129
"The Koren Shalem Siddur; Ashkenaz, Shabbat, Kabbalat Shabbat 38",1130
"The Koren Shalem Siddur; Ashkenaz, Shabbat, Kabbalat Shabbat 39",1131
"The Koren Shalem Siddur; Ashkenaz, Shabbat, Kabbalat Shabbat 40",1132
"The Koren Shalem Siddur; Ashkenaz, Shabbat, Kabbalat Shabbat 41",1133
"The Koren Shalem Siddur; Ashkenaz, Shabbat, Kabbalat Shabbat 42",1134
"The Koren Shalem Siddur; Ashkenaz, Shabbat, Kabbalat Shabbat 43",1135
"The Koren Shalem Siddur; Ashkenaz, Shabbat, Kabbalat Shabbat 44",1136
"The Koren Shalem Siddur; Ashkenaz, Shabbat, Kabbalat Shabbat 45",1137
"The Koren Shalem Siddur; Ashkenaz, Shabbat, Kabbalat Shabbat 46",1138
"The Koren Shalem Siddur; Ashkenaz, Shabbat, Kabbalat Shabbat 47",1139
"The Koren Shalem Siddur; Ashkenaz, Shabbat, Kabbalat Shabbat 48",1140
"The Koren Shalem Siddur; Ashkenaz, Shabbat, Kabbalat Shabbat 49",1141
"The Koren Shalem Siddur; Ashkenaz, Shabbat, Kabbalat Shabbat 50",1142
"The Koren Shalem Siddur; Ashkenaz, Shabbat, Kabbalat Shabbat 51",1143
"The Koren Shalem Siddur; Ashkenaz, Shabbat, Kabbalat Shabbat 52",1144
"The Koren Shalem Siddur; Ashkenaz, Shabbat, Kabbalat Shabbat 53",1145
"The Koren Shalem Siddur; Ashkenaz, Shabbat, Kabbalat Shabbat 54",1146
"The Koren Shalem Siddur; Ashkenaz, Shabbat, Kabbalat Shabbat 55",1147
"The Koren Shalem Siddur; Ashkenaz, Shabbat, Kabbalat Shabbat 56",1148
"The Koren Shalem Siddur; Ashkenaz, Shabbat, Kabbalat Shabbat 57",1149
"The Koren Shalem Siddur; Ashkenaz, Shabbat, Kabbalat Shabbat 58",1150
"The Koren Shalem Siddur; Ashkenaz, Shabbat, Kabbalat Shabbat 59",1151
"The Koren Shalem Siddur; Ashkenaz, Shabbat, Kabbalat Shabbat 60",1152
"The Koren Shalem Siddur; Ashkenaz, Shabbat, Kabbalat Shabbat 61",1153
"The Koren Shalem Siddur; Ashkenaz, Shabbat, Kabbalat Shabbat 62",1154
"The Koren Shalem Siddur; Ashkenaz, Shabbat, Kabbalat Shabbat 63",1155
"The Koren Shalem Siddur; Ashkenaz, Shabbat, Kabbalat Shabbat 64",1156
"The Koren Shalem Siddur; Ashkenaz, Shabbat, Ma'ariv for Shabbat and Yom Tov 1",1158
"The Koren Shalem Siddur; Ashkenaz, Shabbat, Ma'ariv for Shabbat and Yom Tov 2",1159
"The Koren Shalem Siddur; Ashkenaz, Shabbat, Ma'ariv for Shabbat and Yom Tov 3",1160
"The Koren Shalem Siddur; Ashkenaz, Shabbat, Ma'ariv for Shabbat and Yom Tov 4",1161
"The Koren Shalem Siddur; Ashkenaz, Shabbat, Ma'ariv for Shabbat and Yom Tov 5",1162
"The Koren Shalem Siddur; Ashkenaz, Shabbat, Ma'ariv for Shabbat and Yom Tov 6",1163
"The Koren Shalem Siddur; Ashkenaz, Shabbat, Ma'ariv for Shabbat and Yom Tov 7",1164
"The Koren Shalem Siddur; Ashkenaz, Shabbat, Ma'ariv for Shabbat and Yom Tov 8",1165
"The Koren Shalem Siddur; Ashkenaz, Shabbat, Ma'ariv for Shabbat and Yom Tov 9",1166
"The Koren Shalem Siddur; Ashkenaz, Shabbat, Ma'ariv for Shabbat and Yom Tov 10",1167
"The Koren Shalem Siddur; Ashkenaz, Shabbat, Ma'ariv for Shabbat and Yom Tov 11",1168
"The Koren Shalem Siddur; Ashkenaz, Shabbat, Ma'ariv for Shabbat and Yom Tov 12",1169
"The Koren Shalem Siddur; Ashkenaz, Shabbat, Ma'ariv for Shabbat and Yom Tov 13",1170
"The Koren Shalem Siddur; Ashkenaz, Shabbat, Ma'ariv for Shabbat and Yom Tov 14",1171
"The Koren Shalem Siddur; Ashkenaz, Shabbat, Ma'ariv for Shabbat and Yom Tov 15",1172
"The Koren Shalem Siddur; Ashkenaz, Shabbat, Ma'ariv for Shabbat and Yom Tov 16",1173
"The Koren Shalem Siddur; Ashkenaz, Shabbat, Ma'ariv for Shabbat and Yom Tov 17",1174
"The Koren Shalem Siddur; Ashkenaz, Shabbat, Ma'ariv for Shabbat and Yom Tov 18",1175
"The Koren Shalem Siddur; Ashkenaz, Shabbat, Ma'ariv for Shabbat and Yom Tov 19",1176
"The Koren Shalem Siddur; Ashkenaz, Shabbat, Ma'ariv for Shabbat and Yom Tov 20",1177
"The Koren Shalem Siddur; Ashkenaz, Shabbat, Ma'ariv for Shabbat and Yom Tov 21",1178
"The Koren Shalem Siddur; Ashkenaz, Shabbat, Ma'ariv for Shabbat and Yom Tov 22",1179
"The Koren Shalem Siddur; Ashkenaz, Shabbat, Ma'ariv for Shabbat and Yom Tov 23",1180
"The Koren Shalem Siddur; Ashkenaz, Shabbat, Ma'ariv for Shabbat and Yom Tov 24",1181
"The Koren Shalem Siddur; Ashkenaz, Shabbat, Ma'ariv for Shabbat and Yom Tov 25",1182
"The Koren Shalem Siddur; Ashkenaz, Shabbat, Ma'ariv for Shabbat and Yom Tov 26",1183
"The Koren Shalem Siddur; Ashkenaz, Shabbat, Ma'ariv for Shabbat and Yom Tov 27",1184
"The Koren Shalem Siddur; Ashkenaz, Shabbat, Ma'ariv for Shabbat and Yom Tov 28",1185
"The Koren Shalem Siddur; Ashkenaz, Shabbat, Ma'ariv for Shabbat and Yom Tov 29",1186
"The Koren Shalem Siddur; Ashkenaz, Shabbat, Ma'ariv for Shabbat and Yom Tov 30",1187
"The Koren Shalem Siddur; Ashkenaz, Shabbat, Ma'ariv for Shabbat and Yom Tov 31",1188
"The Koren Shalem Siddur; Ashkenaz, Shabbat, Ma'ariv for Shabbat and Yom Tov 32",1189
"The Koren Shalem Siddur; Ashkenaz, Shabbat, Ma'ariv for Shabbat and Yom Tov 33",1190
"The Koren Shalem Siddur; Ashkenaz, Shabbat, Ma'ariv for Shabbat and Yom Tov 34",1191
"The Koren Shalem Siddur; Ashkenaz, Shabbat, Ma'ariv for Shabbat and Yom Tov 35",1192
"The Koren Shalem Siddur; Ashkenaz, Shabbat, Ma'ariv for Shabbat and Yom Tov 36",1193
"The Koren Shalem Siddur; Ashkenaz, Shabbat, Ma'ariv for Shabbat and Yom Tov 37",1194
"The Koren Shalem Siddur; Ashkenaz, Shabbat, Ma'ariv for Shabbat and Yom Tov 38",1195
"The Koren Shalem Siddur; Ashkenaz, Shabbat, Ma'ariv for Shabbat and Yom Tov 39",1196
"The Koren Shalem Siddur; Ashkenaz, Shabbat, Ma'ariv for Shabbat and Yom Tov 40",1197
"The Koren Shalem Siddur; Ashkenaz, Shabbat, Ma'ariv for Shabbat and Yom Tov 41",1198
"The Koren Shalem Siddur; Ashkenaz, Shabbat, Ma'ariv for Shabbat and Yom Tov 42",1199
"The Koren Shalem Siddur; Ashkenaz, Shabbat, Ma'ariv for Shabbat and Yom Tov 43",1200
"The Koren Shalem Siddur; Ashkenaz, Shabbat, Ma'ariv for Shabbat and Yom Tov 44",1201
"The Koren Shalem Siddur; Ashkenaz, Shabbat, Ma'ariv for Shabbat and Yom Tov 45",1202
"The Koren Shalem Siddur; Ashkenaz, Shabbat, Ma'ariv for Shabbat and Yom Tov 46",1203
"The Koren Shalem Siddur; Ashkenaz, Shabbat, Ma'ariv for Shabbat and Yom Tov 47",1204
"The Koren Shalem Siddur; Ashkenaz, Shabbat, Ma'ariv for Shabbat and Yom Tov 48",1205
"The Koren Shalem Siddur; Ashkenaz, Shabbat, Ma'ariv for Shabbat and Yom Tov 49",1206
"The Koren Shalem Siddur; Ashkenaz, Shabbat, Ma'ariv for Shabbat and Yom Tov 50",1207
"The Koren Shalem Siddur; Ashkenaz, Shabbat, Ma'ariv for Shabbat and Yom Tov 51",1208
"The Koren Shalem Siddur; Ashkenaz, Shabbat, Ma'ariv for Shabbat and Yom Tov 52",1209
"The Koren Shalem Siddur; Ashkenaz, Shabbat, Ma'ariv for Shabbat and Yom Tov 53",1210
"The Koren Shalem Siddur; Ashkenaz, Shabbat, Ma'ariv for Shabbat and Yom Tov 54",1211
"The Koren Shalem Siddur; Ashkenaz, Shabbat, Ma'ariv for Shabbat and Yom Tov 55",1212
"The Koren Shalem Siddur; Ashkenaz, Shabbat, Ma'ariv for Shabbat and Yom Tov 56",1213
"The Koren Shalem Siddur; Ashkenaz, Shabbat, Ma'ariv for Shabbat and Yom Tov 57",1214
"The Koren Shalem Siddur; Ashkenaz, Shabbat, Ma'ariv for Shabbat and Yom Tov 58",1215
"The Koren Shalem Siddur; Ashkenaz, Shabbat, Ma'ariv for Shabbat and Yom Tov 59",1216
"The Koren Shalem Siddur; Ashkenaz, Shabbat, Ma'ariv for Shabbat and Yom Tov 60",1217
"The Koren Shalem Siddur; Ashkenaz, Shabbat, Ma'ariv for Shabbat and Yom Tov 61",1218
"The Koren Shalem Siddur; Ashkenaz, Shabbat, Ma'ariv for Shabbat and Yom Tov 62",1219
"The Koren Shalem Siddur; Ashkenaz, Shabbat, Ma'ariv for Shabbat and Yom Tov 63",1220
"The Koren Shalem Siddur; Ashkenaz, Shabbat, Ma'ariv for Shabbat and Yom Tov 64",1221
"The Koren Shalem Siddur; Ashkenaz, Shabbat, Ma'ariv for Shabbat and Yom Tov 65",1222
"The Koren Shalem Siddur; Ashkenaz, Shabbat, Ma'ariv for Shabbat and Yom Tov 66",1223
"The Koren Shalem Siddur; Ashkenaz, Shabbat, Ma'ariv for Shabbat and Yom Tov 67",1224
"The Koren Shalem Siddur; Ashkenaz, Shabbat, Ma'ariv for Shabbat and Yom Tov 68",1225
"The Koren Shalem Siddur; Ashkenaz, Shabbat, Ma'ariv for Shabbat and Yom Tov 69",1226
"The Koren Shalem Siddur; Ashkenaz, Shabbat, Ma'ariv for Shabbat and Yom Tov 70",1227
"The Koren Shalem Siddur; Ashkenaz, Shabbat, Ma'ariv for Shabbat and Yom Tov 71",1228
"The Koren Shalem Siddur; Ashkenaz, Shabbat, Ma'ariv for Shabbat and Yom Tov 72",1229
"The Koren Shalem Siddur; Ashkenaz, Shabbat, Ma'ariv for Shabbat and Yom Tov 73",1230
"The Koren Shalem Siddur; Ashkenaz, Shabbat, Ma'ariv for Shabbat and Yom Tov 74",1231
"The Koren Shalem Siddur; Ashkenaz, Shabbat, Ma'ariv for Shabbat and Yom Tov 75",1232
"The Koren Shalem Siddur; Ashkenaz, Shabbat, Ma'ariv for Shabbat and Yom Tov 76",1233
"The Koren Shalem Siddur; Ashkenaz, Shabbat, Ma'ariv for Shabbat and Yom Tov 77",1234
"The Koren Shalem Siddur; Ashkenaz, Shabbat, Ma'ariv for Shabbat and Yom Tov 78",1235
"The Koren Shalem Siddur; Ashkenaz, Shabbat, Ma'ariv for Shabbat and Yom Tov 79",1236
"The Koren Shalem Siddur; Ashkenaz, Shabbat, Ma'ariv for Shabbat and Yom Tov 80",1237
"The Koren Shalem Siddur; Ashkenaz, Shabbat, Ma'ariv for Shabbat and Yom Tov 81",1238
"The Koren Shalem Siddur; Ashkenaz, Shabbat, Ma'ariv for Shabbat and Yom Tov 82",1239
"The Koren Shalem Siddur; Ashkenaz, Shabbat, Ma'ariv for Shabbat and Yom Tov 83",1240
"The Koren Shalem Siddur; Ashkenaz, Shabbat, Ma'ariv for Shabbat and Yom Tov 84",1241
"The Koren Shalem Siddur; Ashkenaz, Shabbat, Ma'ariv for Shabbat and Yom Tov 85",1242
"The Koren Shalem Siddur; Ashkenaz, Shabbat, Ma'ariv for Shabbat and Yom Tov 86",1243
"The Koren Shalem Siddur; Ashkenaz, Shabbat, Ma'ariv for Shabbat and Yom Tov 87",1244
"The Koren Shalem Siddur; Ashkenaz, Shabbat, Ma'ariv for Shabbat and Yom Tov 88",1245
"The Koren Shalem Siddur; Ashkenaz, Shabbat, Ma'ariv for Shabbat and Yom Tov 89",1246
"The Koren Shalem Siddur; Ashkenaz, Shabbat, Ma'ariv for Shabbat and Yom Tov 90",1247
"The Koren Shalem Siddur; Ashkenaz, Shabbat, Ma'ariv for Shabbat and Yom Tov 91",1248
"The Koren Shalem Siddur; Ashkenaz, Shabbat, Ma'ariv for Shabbat and Yom Tov 92",1249
"The Koren Shalem Siddur; Ashkenaz, Shabbat, Ma'ariv for Shabbat and Yom Tov 93",1250
"The Koren Shalem Siddur; Ashkenaz, Shabbat, Ma'ariv for Shabbat and Yom Tov 94",1251
"The Koren Shalem Siddur; Ashkenaz, Shabbat, Ma'ariv for Shabbat and Yom Tov 95",1252
"The Koren Shalem Siddur; Ashkenaz, Shabbat, Ma'ariv for Shabbat and Yom Tov 96",1253
"The Koren Shalem Siddur; Ashkenaz, Shabbat, Ma'ariv for Shabbat and Yom Tov 97",1254
"The Koren Shalem Siddur; Ashkenaz, Shabbat, Ma'ariv for Shabbat and Yom Tov 98",1255
"The Koren Shalem Siddur; Ashkenaz, Shabbat, Ma'ariv for Shabbat and Yom Tov 99",1256
"The Koren Shalem Siddur; Ashkenaz, Shabbat, Ma'ariv for Shabbat and Yom Tov 100",1257
"The Koren Shalem Siddur; Ashkenaz, Shabbat, Ma'ariv for Shabbat and Yom Tov 101",1258
"The Koren Shalem Siddur; Ashkenaz, Shabbat, Ma'ariv for Shabbat and Yom Tov 102",1259
"The Koren Shalem Siddur; Ashkenaz, Shabbat, Ma'ariv for Shabbat and Yom Tov 103",1260
"The Koren Shalem Siddur; Ashkenaz, Shabbat, Ma'ariv for Shabbat and Yom Tov 104",1261
"The Koren Shalem Siddur; Ashkenaz, Shabbat, Ma'ariv for Shabbat and Yom Tov 105",1262
"The Koren Shalem Siddur; Ashkenaz, Shabbat, Ma'ariv for Shabbat and Yom Tov 106",1263
"The Koren Shalem Siddur; Ashkenaz, Shabbat, Ma'ariv for Shabbat and Yom Tov 107",1264
"The Koren Shalem Siddur; Ashkenaz, Shabbat, Ma'ariv for Shabbat and Yom Tov 108",1265
"The Koren Shalem Siddur; Ashkenaz, Shabbat, Ma'ariv for Shabbat and Yom Tov 109",1266
"The Koren Shalem Siddur; Ashkenaz, Shabbat, Ma'ariv for Shabbat and Yom Tov 110",1267
"The Koren Shalem Siddur; Ashkenaz, Shabbat, Ma'ariv for Shabbat and Yom Tov 111",1268
"The Koren Shalem Siddur; Ashkenaz, Shabbat, Ma'ariv for Shabbat and Yom Tov 112",1269
"The Koren Shalem Siddur; Ashkenaz, Shabbat, Ma'ariv for Shabbat and Yom Tov 113",1270
"The Koren Shalem Siddur; Ashkenaz, Shabbat, Ma'ariv for Shabbat and Yom Tov 114",1271
"The Koren Shalem Siddur; Ashkenaz, Shabbat, Ma'ariv for Shabbat and Yom Tov 115",1272
"The Koren Shalem Siddur; Ashkenaz, Shabbat, Ma'ariv for Shabbat and Yom Tov 116",1273
"The Koren Shalem Siddur; Ashkenaz, Shabbat, Ma'ariv for Shabbat and Yom Tov 117",1274
"The Koren Shalem Siddur; Ashkenaz, Shabbat, Ma'ariv for Shabbat and Yom Tov 118",1275
"The Koren Shalem Siddur; Ashkenaz, Shabbat, Ma'ariv for Shabbat and Yom Tov 119",1276
"The Koren Shalem Siddur; Ashkenaz, Shabbat, Ma'ariv for Shabbat and Yom Tov 120",1277
"The Koren Shalem Siddur; Ashkenaz, Shabbat, Ma'ariv for Shabbat and Yom Tov 121",1278
"The Koren Shalem Siddur; Ashkenaz, Shabbat, Ma'ariv for Shabbat and Yom Tov 122",1279
"The Koren Shalem Siddur; Ashkenaz, Shabbat, Ma'ariv for Shabbat and Yom Tov 123",1280
"The Koren Shalem Siddur; Ashkenaz, Shabbat, Ma'ariv for Shabbat and Yom Tov 124",1281
"The Koren Shalem Siddur; Ashkenaz, Shabbat, Ma'ariv for Shabbat and Yom Tov 125",1282
"The Koren Shalem Siddur; Ashkenaz, Shabbat, Ma'ariv for Shabbat and Yom Tov 126",1283
"The Koren Shalem Siddur; Ashkenaz, Shabbat, Ma'ariv for Shabbat and Yom Tov 127",1284
"The Koren Shalem Siddur; Ashkenaz, Shabbat, Ma'ariv for Shabbat and Yom Tov 128",1285
"The Koren Shalem Siddur; Ashkenaz, Shabbat, Ma'ariv for Shabbat and Yom Tov 129",1286
"The Koren Shalem Siddur; Ashkenaz, Shabbat, Ma'ariv for Shabbat and Yom Tov 130",1287
"The Koren Shalem Siddur; Ashkenaz, Shabbat, Ma'ariv for Shabbat and Yom Tov 131",1288
"The Koren Shalem Siddur; Ashkenaz, Shabbat, Ma'ariv for Shabbat and Yom Tov 132",1289
"The Koren Shalem Siddur; Ashkenaz, Shabbat, Ma'ariv for Shabbat and Yom Tov 133",1290
"The Koren Shalem Siddur; Ashkenaz, Shabbat, Ma'ariv for Shabbat and Yom Tov 134",1291
"The Koren Shalem Siddur; Ashkenaz, Shabbat, Ma'ariv for Shabbat and Yom Tov 135",1292
"The Koren Shalem Siddur; Ashkenaz, Shabbat, Ma'ariv for Shabbat and Yom Tov 136",1293
"The Koren Shalem Siddur; Ashkenaz, Shabbat, Ma'ariv for Shabbat and Yom Tov 137",1294
"The Koren Shalem Siddur; Ashkenaz, Shabbat, Ma'ariv for Shabbat and Yom Tov 138",1295
"The Koren Shalem Siddur; Ashkenaz, Shabbat, Kiddush and Zemirot for Shabbat Evening 1",1297
"The Koren Shalem Siddur; Ashkenaz, Shabbat, Kiddush and Zemirot for Shabbat Evening 2",1298
"The Koren Shalem Siddur; Ashkenaz, Shabbat, Kiddush and Zemirot for Shabbat Evening 3",1299
"The Koren Shalem Siddur; Ashkenaz, Shabbat, Kiddush and Zemirot for Shabbat Evening 4",1300
"The Koren Shalem Siddur; Ashkenaz, Shabbat, Kiddush and Zemirot for Shabbat Evening 5",1301
"The Koren Shalem Siddur; Ashkenaz, Shabbat, Kiddush and Zemirot for Shabbat Evening 6",1302
"The Koren Shalem Siddur; Ashkenaz, Shabbat, Kiddush and Zemirot for Shabbat Evening 7",1303
"The Koren Shalem Siddur; Ashkenaz, Shabbat, Kiddush and Zemirot for Shabbat Evening 8",1304
"The Koren Shalem Siddur; Ashkenaz, Shabbat, Kiddush and Zemirot for Shabbat Evening 9",1305
"The Koren Shalem Siddur; Ashkenaz, Shabbat, Kiddush and Zemirot for Shabbat Evening 10",1306
"The Koren Shalem Siddur; Ashkenaz, Shabbat, Kiddush and Zemirot for Shabbat Evening 11",1307
"The Koren Shalem Siddur; Ashkenaz, Shabbat, Kiddush and Zemirot for Shabbat Evening 12",1308
"The Koren Shalem Siddur; Ashkenaz, Shabbat, Kiddush and Zemirot for Shabbat Evening 13",1309
"The Koren Shalem Siddur; Ashkenaz, Shabbat, Kiddush and Zemirot for Shabbat Evening 14",1310
"The Koren Shalem Siddur; Ashkenaz, Shabbat, Kiddush and Zemirot for Shabbat Evening 15",1311
"The Koren Shalem Siddur; Ashkenaz, Shabbat, Kiddush and Zemirot for Shabbat Evening 16",1312
"The Koren Shalem Siddur; Ashkenaz, Shabbat, Kiddush and Zemirot for Shabbat Evening 17",1313
"The Koren Shalem Siddur; Ashkenaz, Shabbat, Kiddush and Zemirot for Shabbat Evening 18",1314
"The Koren Shalem Siddur; Ashkenaz, Shabbat, Kiddush and Zemirot for Shabbat Evening 19",1315
"The Koren Shalem Siddur; Ashkenaz, Shabbat, Kiddush and Zemirot for Shabbat Evening 20",1316
"The Koren Shalem Siddur; Ashkenaz, Shabbat, Kiddush and Zemirot for Shabbat Evening 21",1317
"The Koren Shalem Siddur; Ashkenaz, Shabbat, Kiddush and Zemirot for Shabbat Evening 22",1318
"The Koren Shalem Siddur; Ashkenaz, Shabbat, Kiddush and Zemirot for Shabbat Evening 23",1319
"The Koren Shalem Siddur; Ashkenaz, Shabbat, Kiddush and Zemirot for Shabbat Evening 24",1320
"The Koren Shalem Siddur; Ashkenaz, Shabbat, Kiddush and Zemirot for Shabbat Evening 25",1321
"The Koren Shalem Siddur; Ashkenaz, Shabbat, Kiddush and Zemirot for Shabbat Evening 26",1322
"The Koren Shalem Siddur; Ashkenaz, Shabbat, Kiddush and Zemirot for Shabbat Evening 27",1323
"The Koren Shalem Siddur; Ashkenaz, Shabbat, Kiddush and Zemirot for Shabbat Evening 28",1324
"The Koren Shalem Siddur; Ashkenaz, Shabbat, Kiddush and Zemirot for Shabbat Evening 29",1325
"The Koren Shalem Siddur; Ashkenaz, Shabbat, Kiddush and Zemirot for Shabbat Evening 30",1326
"The Koren Shalem Siddur; Ashkenaz, Shabbat, Kiddush and Zemirot for Shabbat Evening 31",1327
"The Koren Shalem Siddur; Ashkenaz, Shabbat, Kiddush and Zemirot for Shabbat Evening 32",1328
"The Koren Shalem Siddur; Ashkenaz, Shabbat, Kiddush and Zemirot for Shabbat Evening 33",1329
"The Koren Shalem Siddur; Ashkenaz, Shabbat, Kiddush and Zemirot for Shabbat Evening 34",1330
"The Koren Shalem Siddur; Ashkenaz, Shabbat, Kiddush and Zemirot for Shabbat Evening 35",1331
"The Koren Shalem Siddur; Ashkenaz, Shabbat, Kiddush and Zemirot for Shabbat Evening 36",1332
"The Koren Shalem Siddur; Ashkenaz, Shabbat, Kiddush and Zemirot for Shabbat Evening 37",1333
"The Koren Shalem Siddur; Ashkenaz, Shabbat, Kiddush and Zemirot for Shabbat Evening 38",1334
"The Koren Shalem Siddur; Ashkenaz, Shabbat, Kiddush and Zemirot for Shabbat Evening 39",1335
"The Koren Shalem Siddur; Ashkenaz, Shabbat, Kiddush and Zemirot for Shabbat Evening 40",1336
"The Koren Shalem Siddur; Ashkenaz, Shabbat, Kiddush and Zemirot for Shabbat Evening 41",1337
"The Koren Shalem Siddur; Ashkenaz, Shabbat, Kiddush and Zemirot for Shabbat Evening 42",1338
"The Koren Shalem Siddur; Ashkenaz, Shabbat, Kiddush and Zemirot for Shabbat Evening 43",1339
"The Koren Shalem Siddur; Ashkenaz, Shabbat, Kiddush and Zemirot for Shabbat Evening 44",1340
"The Koren Shalem Siddur; Ashkenaz, Shabbat, Kiddush and Zemirot for Shabbat Evening 45",1341
"The Koren Shalem Siddur; Ashkenaz, Shabbat, Kiddush and Zemirot for Shabbat Evening 46",1342
"The Koren Shalem Siddur; Ashkenaz, Shabbat, Kiddush and Zemirot for Shabbat Evening 47",1343
"The Koren Shalem Siddur; Ashkenaz, Shabbat, Kiddush and Zemirot for Shabbat Evening 48",1344
"The Koren Shalem Siddur; Ashkenaz, Shabbat, Kiddush and Zemirot for Shabbat Evening 49",1345
"The Koren Shalem Siddur; Ashkenaz, Shabbat, Kiddush and Zemirot for Shabbat Evening 50",1346
"The Koren Shalem Siddur; Ashkenaz, Shabbat, Kiddush and Zemirot for Shabbat Evening 51",1347
"The Koren Shalem Siddur; Ashkenaz, Shabbat, Kiddush and Zemirot for Shabbat Evening 52",1348
"The Koren Shalem Siddur; Ashkenaz, Shabbat, Kiddush and Zemirot for Shabbat Evening 53",1349
"The Koren Shalem Siddur; Ashkenaz, Shabbat, Kiddush and Zemirot for Shabbat Evening 54",1350
"The Koren Shalem Siddur; Ashkenaz, Shabbat, Kiddush and Zemirot for Shabbat Evening 55",1351
"The Koren Shalem Siddur; Ashkenaz, Shabbat, Kiddush and Zemirot for Shabbat Evening 56",1352
"The Koren Shalem Siddur; Ashkenaz, Shabbat, Kiddush and Zemirot for Shabbat Evening 57",1353
"The Koren Shalem Siddur; Ashkenaz, Shabbat, Kiddush and Zemirot for Shabbat Evening 58",1354
"The Koren Shalem Siddur; Ashkenaz, Shabbat, Kiddush and Zemirot for Shabbat Evening 59",1355
"The Koren Shalem Siddur; Ashkenaz, Shabbat, Kiddush and Zemirot for Shabbat Evening 60",1356
"The Koren Shalem Siddur; Ashkenaz, Shabbat, Kiddush and Zemirot for Shabbat Evening 61",1357
"The Koren Shalem Siddur; Ashkenaz, Shabbat, Kiddush and Zemirot for Shabbat Evening 62",1358
"The Koren Shalem Siddur; Ashkenaz, Shabbat, Kiddush and Zemirot for Shabbat Evening 63",1359
"The Koren Shalem Siddur; Ashkenaz, Shabbat, Kiddush and Zemirot for Shabbat Evening 64",1360
"The Koren Shalem Siddur; Ashkenaz, Shabbat, Kiddush and Zemirot for Shabbat Evening 65",1361
"The Koren Shalem Siddur; Ashkenaz, Shabbat, Kiddush and Zemirot for Shabbat Evening 66",1362
"The Koren Shalem Siddur; Ashkenaz, Shabbat, Kiddush and Zemirot for Shabbat Evening 67",1363
"The Koren Shalem Siddur; Ashkenaz, Shabbat, Kiddush and Zemirot for Shabbat Evening 68",1364
"The Koren Shalem Siddur; Ashkenaz, Shabbat, Kiddush and Zemirot for Shabbat Evening 69",1365
"The Koren Shalem Siddur; Ashkenaz, Shabbat, Kiddush and Zemirot for Shabbat Evening 70",1366
"The Koren Shalem Siddur; Ashkenaz, Shabbat, Kiddush and Zemirot for Shabbat Evening 71",1367
"The Koren Shalem Siddur; Ashkenaz, Shabbat, Kiddush and Zemirot for Shabbat Evening 72",1368
"The Koren Shalem Siddur; Ashkenaz, Shabbat, Kiddush and Zemirot for Shabbat Evening 73",1369
"The Koren Shalem Siddur; Ashkenaz, Shabbat, Kiddush and Zemirot for Shabbat Evening 74",1370
"The Koren Shalem Siddur; Ashkenaz, Shabbat, Kiddush and Zemirot for Shabbat Evening 75",1371
"The Koren Shalem Siddur; Ashkenaz, Shabbat, Kiddush and Zemirot for Shabbat Evening 76",1372
"The Koren Shalem Siddur; Ashkenaz, Shabbat, Kiddush and Zemirot for Shabbat Evening 77",1373
"The Koren Shalem Siddur; Ashkenaz, Shabbat, Kiddush and Zemirot for Shabbat Evening 78",1374
"The Koren Shalem Siddur; Ashkenaz, Shabbat, Kiddush and Zemirot for Shabbat Evening 79",1375
"The Koren Shalem Siddur; Ashkenaz, Shabbat, Kiddush and Zemirot for Shabbat Evening 80",1376
"The Koren Shalem Siddur; Ashkenaz, Shabbat, Kiddush and Zemirot for Shabbat Evening 81",1377
"The Koren Shalem Siddur; Ashkenaz, Shabbat, Kiddush and Zemirot for Shabbat Evening 82",1378
"The Koren Shalem Siddur; Ashkenaz, Shabbat, Kiddush and Zemirot for Shabbat Evening 83",1379
"The Koren Shalem Siddur; Ashkenaz, Shabbat, Kiddush and Zemirot for Shabbat Evening 84",1380
"The Koren Shalem Siddur; Ashkenaz, Shabbat, Kiddush and Zemirot for Shabbat Evening 85",1381
"The Koren Shalem Siddur; Ashkenaz, Shabbat, Kiddush and Zemirot for Shabbat Evening 86",1382
"The Koren Shalem Siddur; Ashkenaz, Shabbat, Kiddush and Zemirot for Shabbat Evening 87",1383
"The Koren Shalem Siddur; Ashkenaz, Shabbat, Kiddush and Zemirot for Shabbat Evening 88",1384
"The Koren Shalem Siddur; Ashkenaz, Shabbat, Kiddush and Zemirot for Shabbat Evening 89",1385
"The Koren Shalem Siddur; Ashkenaz, Shabbat, Kiddush and Zemirot for Shabbat Evening 90",1386
"The Koren Shalem Siddur; Ashkenaz, Shabbat, Kiddush and Zemirot for Shabbat Evening 91",1387
"The Koren Shalem Siddur; Ashkenaz, Shabbat, Kiddush and Zemirot for Shabbat Evening 92",1388
"The Koren Shalem Siddur; Ashkenaz, Shabbat, Kiddush and Zemirot for Shabbat Evening 93",1389
"The Koren Shalem Siddur; Ashkenaz, Shabbat, Kiddush and Zemirot for Shabbat Evening 94",1390
"The Koren Shalem Siddur; Ashkenaz, Shabbat, Kiddush and Zemirot for Shabbat Evening 95",1391
"The Koren Shalem Siddur; Ashkenaz, Shabbat, Kiddush and Zemirot for Shabbat Evening 96",1392
"The Koren Shalem Siddur; Ashkenaz, Shabbat, Shaharit for Shabbat and Yom Tov 1",1394
"The Koren Shalem Siddur; Ashkenaz, Shabbat, Shaharit for Shabbat and Yom Tov 2",1395
"The Koren Shalem Siddur; Ashkenaz, Shabbat, Shaharit for Shabbat and Yom Tov 3",1396
"The Koren Shalem Siddur; Ashkenaz, Shabbat, Shaharit for Shabbat and Yom Tov 4",1397
"The Koren Shalem Siddur; Ashkenaz, Shabbat, Shaharit for Shabbat and Yom Tov 5",1398
"The Koren Shalem Siddur; Ashkenaz, Shabbat, Shaharit for Shabbat and Yom Tov 6",1399
"The Koren Shalem Siddur; Ashkenaz, Shabbat, Shaharit for Shabbat and Yom Tov 7",1400
"The Koren Shalem Siddur; Ashkenaz, Shabbat, Shaharit for Shabbat and Yom Tov 8",1401
"The Koren Shalem Siddur; Ashkenaz, Shabbat, Shaharit for Shabbat and Yom Tov 9",1402
"The Koren Shalem Siddur; Ashkenaz, Shabbat, Shaharit for Shabbat and Yom Tov 10",1403
"The Koren Shalem Siddur; Ashkenaz, Shabbat, Shaharit for Shabbat and Yom Tov 11",1404
"The Koren Shalem Siddur; Ashkenaz, Shabbat, Pesukei DeZimra 1",1406
"The Koren Shalem Siddur; Ashkenaz, Shabbat, Pesukei DeZimra 2",1407
"The Koren Shalem Siddur; Ashkenaz, Shabbat, Pesukei DeZimra 3",1408
"The Koren Shalem Siddur; Ashkenaz, Shabbat, Pesukei DeZimra 4",1409
"The Koren Shalem Siddur; Ashkenaz, Shabbat, Pesukei DeZimra 5",1410
"The Koren Shalem Siddur; Ashkenaz, Shabbat, Pesukei DeZimra 6",1411
"The Koren Shalem Siddur; Ashkenaz, Shabbat, Pesukei DeZimra 7",1412
"The Koren Shalem Siddur; Ashkenaz, Shabbat, Pesukei DeZimra 8",1413
"The Koren Shalem Siddur; Ashkenaz, Shabbat, Pesukei DeZimra 9",1414
"The Koren Shalem Siddur; Ashkenaz, Shabbat, Pesukei DeZimra 10",1415
"The Koren Shalem Siddur; Ashkenaz, Shabbat, Pesukei DeZimra 11",1416
"The Koren Shalem Siddur; Ashkenaz, Shabbat, Pesukei DeZimra 12",1417
"The Koren Shalem Siddur; Ashkenaz, Shabbat, Pesukei DeZimra 13",1418
"The Koren Shalem Siddur; Ashkenaz, Shabbat, Pesukei DeZimra 14",1419
"The Koren Shalem Siddur; Ashkenaz, Shabbat, Pesukei DeZimra 15",1420
"The Koren Shalem Siddur; Ashkenaz, Shabbat, Pesukei DeZimra 16",1421
"The Koren Shalem Siddur; Ashkenaz, Shabbat, Pesukei DeZimra 17",1422
"The Koren Shalem Siddur; Ashkenaz, Shabbat, Pesukei DeZimra 18",1423
"The Koren Shalem Siddur; Ashkenaz, Shabbat, Pesukei DeZimra 19",1424
"The Koren Shalem Siddur; Ashkenaz, Shabbat, Pesukei DeZimra 20",1425
"The Koren Shalem Siddur; Ashkenaz, Shabbat, Pesukei DeZimra 21",1426
"The Koren Shalem Siddur; Ashkenaz, Shabbat, Pesukei DeZimra 22",1427
"The Koren Shalem Siddur; Ashkenaz, Shabbat, Pesukei DeZimra 23",1428
"The Koren Shalem Siddur; Ashkenaz, Shabbat, Pesukei DeZimra 24",1429
"The Koren Shalem Siddur; Ashkenaz, Shabbat, Pesukei DeZimra 25",1430
"The Koren Shalem Siddur; Ashkenaz, Shabbat, Pesukei DeZimra 26",1431
"The Koren Shalem Siddur; Ashkenaz, Shabbat, Pesukei DeZimra 27",1432
"The Koren Shalem Siddur; Ashkenaz, Shabbat, Pesukei DeZimra 28",1433
"The Koren Shalem Siddur; Ashkenaz, Shabbat, Pesukei DeZimra 29",1434
"The Koren Shalem Siddur; Ashkenaz, Shabbat, Pesukei DeZimra 30",1435
"The Koren Shalem Siddur; Ashkenaz, Shabbat, Pesukei DeZimra 31",1436
"The Koren Shalem Siddur; Ashkenaz, Shabbat, Pesukei DeZimra 32",1437
"The Koren Shalem Siddur; Ashkenaz, Shabbat, Pesukei DeZimra 33",1438
"The Koren Shalem Siddur; Ashkenaz, Shabbat, Pesukei DeZimra 34",1439
"The Koren Shalem Siddur; Ashkenaz, Shabbat, Pesukei DeZimra 35",1440
"The Koren Shalem Siddur; Ashkenaz, Shabbat, Pesukei DeZimra 36",1441
"The Koren Shalem Siddur; Ashkenaz, Shabbat, Pesukei DeZimra 37",1442
"The Koren Shalem Siddur; Ashkenaz, Shabbat, Pesukei DeZimra 38",1443
"The Koren Shalem Siddur; Ashkenaz, Shabbat, Pesukei DeZimra 39",1444
"The Koren Shalem Siddur; Ashkenaz, Shabbat, Pesukei DeZimra 40",1445
"The Koren Shalem Siddur; Ashkenaz, Shabbat, Pesukei DeZimra 41",1446
"The Koren Shalem Siddur; Ashkenaz, Shabbat, Nishmat 1",1448
"The Koren Shalem Siddur; Ashkenaz, Shabbat, Nishmat 2",1449
"The Koren Shalem Siddur; Ashkenaz, Shabbat, Nishmat 3",1450
"The Koren Shalem Siddur; Ashkenaz, Shabbat, Nishmat 4",1451
"The Koren Shalem Siddur; Ashkenaz, Shabbat, Nishmat 5",1452
"The Koren Shalem Siddur; Ashkenaz, Shabbat, Nishmat 6",1453
"The Koren Shalem Siddur; Ashkenaz, Shabbat, Nishmat 7",1454
"The Koren Shalem Siddur; Ashkenaz, Shabbat, Nishmat 8",1455
"The Koren Shalem Siddur; Ashkenaz, Shabbat, Nishmat 9",1456
"The Koren Shalem Siddur; Ashkenaz, Shabbat, Nishmat 10",1457
"The Koren Shalem Siddur; Ashkenaz, Shabbat, Nishmat 11",1458
"The Koren Shalem Siddur; Ashkenaz, Shabbat, Nishmat 12",1459
"The Koren Shalem Siddur; Ashkenaz, Shabbat, Nishmat 13",1460
"The Koren Shalem Siddur; Ashkenaz, Shabbat, Nishmat 14",1461
"The Koren Shalem Siddur; Ashkenaz, Shabbat, Nishmat 15",1462
"The Koren Shalem Siddur; Ashkenaz, Shabbat, Nishmat 16",1463
"The Koren Shalem Siddur; Ashkenaz, Shabbat, Blessings of the Shema 1",1465
"The Koren Shalem Siddur; Ashkenaz, Shabbat, Blessings of the Shema 2",1466
"The Koren Shalem Siddur; Ashkenaz, Shabbat, Blessings of the Shema 3",1467
"The Koren Shalem Siddur; Ashkenaz, Shabbat, Blessings of the Shema 4",1468
"The Koren Shalem Siddur; Ashkenaz, Shabbat, Blessings of the Shema 5",1469
"The Koren Shalem Siddur; Ashkenaz, Shabbat, Blessings of the Shema 6",1470
"The Koren Shalem Siddur; Ashkenaz, Shabbat, Blessings of the Shema 7",1471
"The Koren Shalem Siddur; Ashkenaz, Shabbat, Blessings of the Shema 8",1472
"The Koren Shalem Siddur; Ashkenaz, Shabbat, Blessings of the Shema 9",1473
"The Koren Shalem Siddur; Ashkenaz, Shabbat, Blessings of the Shema 10",1474
"The Koren Shalem Siddur; Ashkenaz, Shabbat, Blessings of the Shema 11",1475
"The Koren Shalem Siddur; Ashkenaz, Shabbat, Blessings of the Shema 12",1476
"The Koren Shalem Siddur; Ashkenaz, Shabbat, Blessings of the Shema 13",1477
"The Koren Shalem Siddur; Ashkenaz, Shabbat, Blessings of the Shema 14",1478
"The Koren Shalem Siddur; Ashkenaz, Shabbat, Blessings of the Shema 15",1479
"The Koren Shalem Siddur; Ashkenaz, Shabbat, Blessings of the Shema 16",1480
"The Koren Shalem Siddur; Ashkenaz, Shabbat, Blessings of the Shema 17",1481
"The Koren Shalem Siddur; Ashkenaz, Shabbat, Blessings of the Shema 18",1482
"The Koren Shalem Siddur; Ashkenaz, Shabbat, Blessings of the Shema 19",1483
"The Koren Shalem Siddur; Ashkenaz, Shabbat, Blessings of the Shema 20",1484
"The Koren Shalem Siddur; Ashkenaz, Shabbat, Blessings of the Shema 21",1485
"The Koren Shalem Siddur; Ashkenaz, Shabbat, Blessings of the Shema 22",1486
"The Koren Shalem Siddur; Ashkenaz, Shabbat, Blessings of the Shema 23",1487
"The Koren Shalem Siddur; Ashkenaz, Shabbat, Blessings of the Shema 24",1488
"The Koren Shalem Siddur; Ashkenaz, Shabbat, Blessings of the Shema 25",1489
"The Koren Shalem Siddur; Ashkenaz, Shabbat, Blessings of the Shema 26",1490
"The Koren Shalem Siddur; Ashkenaz, Shabbat, Blessings of the Shema 27",1491
"The Koren Shalem Siddur; Ashkenaz, Shabbat, Blessings of the Shema 28",1492
"The Koren Shalem Siddur; Ashkenaz, Shabbat, Blessings of the Shema 29",1493
"The Koren Shalem Siddur; Ashkenaz, Shabbat, Blessings of the Shema 30",1494
"The Koren Shalem Siddur; Ashkenaz, Shabbat, Blessings of the Shema 31",1495
"The Koren Shalem Siddur; Ashkenaz, Shabbat, Blessings of the Shema 32",1496
"The Koren Shalem Siddur; Ashkenaz, Shabbat, Blessings of the Shema 33",1497
"The Koren Shalem Siddur; Ashkenaz, Shabbat, Blessings of the Shema 34",1498
"The Koren Shalem Siddur; Ashkenaz, Shabbat, Blessings of the Shema 35",1499
"The Koren Shalem Siddur; Ashkenaz, Shabbat, Blessings of the Shema 36",1500
"The Koren Shalem Siddur; Ashkenaz, Shabbat, Blessings of the Shema 37",1501
"The Koren Shalem Siddur; Ashkenaz, Shabbat, Blessings of the Shema 38",1502
"The Koren Shalem Siddur; Ashkenaz, Shabbat, Blessings of the Shema 39",1503
"The Koren Shalem Siddur; Ashkenaz, Shabbat, Blessings of the Shema 40",1504
"The Koren Shalem Siddur; Ashkenaz, Shabbat, Blessings of the Shema 41",1505
"The Koren Shalem Siddur; Ashkenaz, Shabbat, Blessings of the Shema 42",1506
"The Koren Shalem Siddur; Ashkenaz, Shabbat, Blessings of the Shema 43",1507
"The Koren Shalem Siddur; Ashkenaz, Shabbat, Blessings of the Shema 44",1508
"The Koren Shalem Siddur; Ashkenaz, Shabbat, Blessings of the Shema 45",1509
"The Koren Shalem Siddur; Ashkenaz, Shabbat, Blessings of the Shema 46",1510
"The Koren Shalem Siddur; Ashkenaz, Shabbat, Blessings of the Shema 47",1511
"The Koren Shalem Siddur; Ashkenaz, Shabbat, Blessings of the Shema 48",1512
"The Koren Shalem Siddur; Ashkenaz, Shabbat, Blessings of the Shema 49",1513
"The Koren Shalem Siddur; Ashkenaz, Shabbat, Blessings of the Shema 50",1514
"The Koren Shalem Siddur; Ashkenaz, Shabbat, Blessings of the Shema 51",1515
"The Koren Shalem Siddur; Ashkenaz, Shabbat, Blessings of the Shema 52",1516
"The Koren Shalem Siddur; Ashkenaz, Shabbat, Blessings of the Shema 53",1517
"The Koren Shalem Siddur; Ashkenaz, Shabbat, Blessings of the Shema 54",1518
"The Koren Shalem Siddur; Ashkenaz, Shabbat, Blessings of the Shema 55",1519
"The Koren Shalem Siddur; Ashkenaz, Shabbat, Blessings of the Shema 56",1520
"The Koren Shalem Siddur; Ashkenaz, Shabbat, Blessings of the Shema 57",1521
"The Koren Shalem Siddur; Ashkenaz, Shabbat, Blessings of the Shema 58",1522
"The Koren Shalem Siddur; Ashkenaz, Shabbat, Blessings of the Shema 59",1523
"The Koren Shalem Siddur; Ashkenaz, Shabbat, Blessings of the Shema 60",1524
"The Koren Shalem Siddur; Ashkenaz, Shabbat, Blessings of the Shema 61",1525
"The Koren Shalem Siddur; Ashkenaz, Shabbat, Blessings of the Shema 62",1526
"The Koren Shalem Siddur; Ashkenaz, Shabbat, Blessings of the Shema 63",1527
"The Koren Shalem Siddur; Ashkenaz, Shabbat, Blessings of the Shema 64",1528
"The Koren Shalem Siddur; Ashkenaz, Shabbat, Blessings of the Shema 65",1529
"The Koren Shalem Siddur; Ashkenaz, Shabbat, Blessings of the Shema 66",1530
"The Koren Shalem Siddur; Ashkenaz, Shabbat, Blessings of the Shema 67",1531
"The Koren Shalem Siddur; Ashkenaz, Shabbat, The Amida for Shabbat 1",1533
"The Koren Shalem Siddur; Ashkenaz, Shabbat, The Amida for Shabbat 2",1534
"The Koren Shalem Siddur; Ashkenaz, Shabbat, The Amida for Shabbat 3",1535
"The Koren Shalem Siddur; Ashkenaz, Shabbat, The Amida for Shabbat 4",1536
"The Koren Shalem Siddur; Ashkenaz, Shabbat, The Amida for Shabbat 5",1537
"The Koren Shalem Siddur; Ashkenaz, Shabbat, The Amida for Shabbat 6",1538
"The Koren Shalem Siddur; Ashkenaz, Shabbat, The Amida for Shabbat 7",1539
"The Koren Shalem Siddur; Ashkenaz, Shabbat, The Amida for Shabbat 8",1540
"The Koren Shalem Siddur; Ashkenaz, Shabbat, The Amida for Shabbat 9",1541
"The Koren Shalem Siddur; Ashkenaz, Shabbat, The Amida for Shabbat 10",1542
"The Koren Shalem Siddur; Ashkenaz, Shabbat, The Amida for Shabbat 11",1543
"The Koren Shalem Siddur; Ashkenaz, Shabbat, The Amida for Shabbat 12",1544
"The Koren Shalem Siddur; Ashkenaz, Shabbat, The Amida for Shabbat 13",1545
"The Koren Shalem Siddur; Ashkenaz, Shabbat, The Amida for Shabbat 14",1546
"The Koren Shalem Siddur; Ashkenaz, Shabbat, The Amida for Shabbat 15",1547
"The Koren Shalem Siddur; Ashkenaz, Shabbat, The Amida for Shabbat 16",1548
"The Koren Shalem Siddur; Ashkenaz, Shabbat, The Amida for Shabbat 17",1549
"The Koren Shalem Siddur; Ashkenaz, Shabbat, The Amida for Shabbat 18",1550
"The Koren Shalem Siddur; Ashkenaz, Shabbat, The Amida for Shabbat 19",1551
"The Koren Shalem Siddur; Ashkenaz, Shabbat, The Amida for Shabbat 20",1552
"The Koren Shalem Siddur; Ashkenaz, Shabbat, The Amida for Shabbat 21",1553
"The Koren Shalem Siddur; Ashkenaz, Shabbat, The Amida for Shabbat 22",1554
"The Koren Shalem Siddur; Ashkenaz, Shabbat, The Amida for Shabbat 23",1555
"The Koren Shalem Siddur; Ashkenaz, Shabbat, The Amida for Shabbat 24",1556
"The Koren Shalem Siddur; Ashkenaz, Shabbat, The Amida for Shabbat 25",1557
"The Koren Shalem Siddur; Ashkenaz, Shabbat, The Amida for Shabbat 26",1558
"The Koren Shalem Siddur; Ashkenaz, Shabbat, The Amida for Shabbat 27",1559
"The Koren Shalem Siddur; Ashkenaz, Shabbat, The Amida for Shabbat 28",1560
"The Koren Shalem Siddur; Ashkenaz, Shabbat, The Amida for Shabbat 29",1561
"The Koren Shalem Siddur; Ashkenaz, Shabbat, The Amida for Shabbat 30",1562
"The Koren Shalem Siddur; Ashkenaz, Shabbat, The Amida for Shabbat 31",1563
"The Koren Shalem Siddur; Ashkenaz, Shabbat, The Amida for Shabbat 32",1564
"The Koren Shalem Siddur; Ashkenaz, Shabbat, The Amida for Shabbat 33",1565
"The Koren Shalem Siddur; Ashkenaz, Shabbat, The Amida for Shabbat 34",1566
"The Koren Shalem Siddur; Ashkenaz, Shabbat, The Amida for Shabbat 35",1567
"The Koren Shalem Siddur; Ashkenaz, Shabbat, The Amida for Shabbat 36",1568
"The Koren Shalem Siddur; Ashkenaz, Shabbat, The Amida for Shabbat 37",1569
"The Koren Shalem Siddur; Ashkenaz, Shabbat, The Amida for Shabbat 38",1570
"The Koren Shalem Siddur; Ashkenaz, Shabbat, The Amida for Shabbat 39",1571
"The Koren Shalem Siddur; Ashkenaz, Shabbat, The Amida for Shabbat 40",1572
"The Koren Shalem Siddur; Ashkenaz, Shabbat, The Amida for Shabbat 41",1573
"The Koren Shalem Siddur; Ashkenaz, Shabbat, The Amida for Shabbat 42",1574
"The Koren Shalem Siddur; Ashkenaz, Shabbat, The Amida for Shabbat 43",1575
"The Koren Shalem Siddur; Ashkenaz, Shabbat, The Amida for Shabbat 44",1576
"The Koren Shalem Siddur; Ashkenaz, Shabbat, The Amida for Shabbat 45",1577
"The Koren Shalem Siddur; Ashkenaz, Shabbat, The Amida for Shabbat 46",1578
"The Koren Shalem Siddur; Ashkenaz, Shabbat, The Amida for Shabbat 47",1579
"The Koren Shalem Siddur; Ashkenaz, Shabbat, The Amida for Shabbat 48",1580
"The Koren Shalem Siddur; Ashkenaz, Shabbat, The Amida for Shabbat 49",1581
"The Koren Shalem Siddur; Ashkenaz, Shabbat, The Amida for Shabbat 50",1582
"The Koren Shalem Siddur; Ashkenaz, Shabbat, The Amida for Shabbat 51",1583
"The Koren Shalem Siddur; Ashkenaz, Shabbat, The Amida for Shabbat 52",1584
"The Koren Shalem Siddur; Ashkenaz, Shabbat, The Amida for Shabbat 53",1585
"The Koren Shalem Siddur; Ashkenaz, Shabbat, The Amida for Shabbat 54",1586
"The Koren Shalem Siddur; Ashkenaz, Shabbat, The Amida for Shabbat 55",1587
"The Koren Shalem Siddur; Ashkenaz, Shabbat, The Amida for Shabbat 56",1588
"The Koren Shalem Siddur; Ashkenaz, Shabbat, The Amida for Shabbat 57",1589
"The Koren Shalem Siddur; Ashkenaz, Shabbat, The Amida for Shabbat 58",1590
"The Koren Shalem Siddur; Ashkenaz, Shabbat, The Amida for Shabbat 59",1591
"The Koren Shalem Siddur; Ashkenaz, Shabbat, The Amida for Shabbat 60",1592
"The Koren Shalem Siddur; Ashkenaz, Shabbat, The Amida for Shabbat 61",1593
"The Koren Shalem Siddur; Ashkenaz, Shabbat, The Amida for Shabbat 62",1594
"The Koren Shalem Siddur; Ashkenaz, Shabbat, The Amida for Shabbat 63",1595
"The Koren Shalem Siddur; Ashkenaz, Shabbat, The Amida for Shabbat 64",1596
"The Koren Shalem Siddur; Ashkenaz, Shabbat, The Amida for Shabbat 65",1597
"The Koren Shalem Siddur; Ashkenaz, Shabbat, The Amida for Shabbat 66",1598
"The Koren Shalem Siddur; Ashkenaz, Shabbat, Reading of the Torah 1",1600
"The Koren Shalem Siddur; Ashkenaz, Shabbat, Reading of the Torah 2",1601
"The Koren Shalem Siddur; Ashkenaz, Shabbat, Reading of the Torah 3",1602
"The Koren Shalem Siddur; Ashkenaz, Shabbat, Reading of the Torah 4",1603
"The Koren Shalem Siddur; Ashkenaz, Shabbat, Reading of the Torah 5",1604
"The Koren Shalem Siddur; Ashkenaz, Shabbat, Reading of the Torah 6",1605
"The Koren Shalem Siddur; Ashkenaz, Shabbat, Reading of the Torah 7",1606
"The Koren Shalem Siddur; Ashkenaz, Shabbat, Reading of the Torah 8",1607
"The Koren Shalem Siddur; Ashkenaz, Shabbat, Reading of the Torah 9",1608
"The Koren Shalem Siddur; Ashkenaz, Shabbat, Reading of the Torah 10",1609
"The Koren Shalem Siddur; Ashkenaz, Shabbat, Reading of the Torah 11",1610
"The Koren Shalem Siddur; Ashkenaz, Shabbat, Reading of the Torah 12",1611
"The Koren Shalem Siddur; Ashkenaz, Shabbat, Reading of the Torah 13",1612
"The Koren Shalem Siddur; Ashkenaz, Shabbat, Reading of the Torah 14",1613
"The Koren Shalem Siddur; Ashkenaz, Shabbat, Reading of the Torah 15",1614
"The Koren Shalem Siddur; Ashkenaz, Shabbat, Reading of the Torah 16",1615
"The Koren Shalem Siddur; Ashkenaz, Shabbat, Reading of the Torah 17",1616
"The Koren Shalem Siddur; Ashkenaz, Shabbat, Reading of the Torah 18",1617
"The Koren Shalem Siddur; Ashkenaz, Shabbat, Reading of the Torah 19",1618
"The Koren Shalem Siddur; Ashkenaz, Shabbat, Reading of the Torah 20",1619
"The Koren Shalem Siddur; Ashkenaz, Shabbat, Reading of the Torah 21",1620
"The Koren Shalem Siddur; Ashkenaz, Shabbat, Reading of the Torah 22",1621
"The Koren Shalem Siddur; Ashkenaz, Shabbat, Reading of the Torah 23",1622
"The Koren Shalem Siddur; Ashkenaz, Shabbat, Reading of the Torah 24",1623
"The Koren Shalem Siddur; Ashkenaz, Shabbat, Reading of the Torah 25",1624
"The Koren Shalem Siddur; Ashkenaz, Shabbat, Reading of the Torah 26",1625
"The Koren Shalem Siddur; Ashkenaz, Shabbat, Reading of the Torah 27",1626
"The Koren Shalem Siddur; Ashkenaz, Shabbat, Reading of the Torah 28",1627
"The Koren Shalem Siddur; Ashkenaz, Shabbat, Reading of the Torah 29",1628
"The Koren Shalem Siddur; Ashkenaz, Shabbat, Reading of the Torah 30",1629
"The Koren Shalem Siddur; Ashkenaz, Shabbat, Reading of the Torah 31",1630
"The Koren Shalem Siddur; Ashkenaz, Shabbat, Reading of the Torah 32",1631
"The Koren Shalem Siddur; Ashkenaz, Shabbat, Reading of the Torah 33",1632
"The Koren Shalem Siddur; Ashkenaz, Shabbat, Reading of the Torah 34",1633
"The Koren Shalem Siddur; Ashkenaz, Shabbat, Reading of the Torah 35",1634
"The Koren Shalem Siddur; Ashkenaz, Shabbat, Reading of the Torah 36",1635
"The Koren Shalem Siddur; Ashkenaz, Shabbat, Reading of the Torah 37",1636
"The Koren Shalem Siddur; Ashkenaz, Shabbat, Reading of the Torah 38",1637
"The Koren Shalem Siddur; Ashkenaz, Shabbat, Reading of the Torah 39",1638
"The Koren Shalem Siddur; Ashkenaz, Shabbat, Reading of the Torah 40",1639
"The Koren Shalem Siddur; Ashkenaz, Shabbat, Reading of the Torah 41",1640
"The Koren Shalem Siddur; Ashkenaz, Shabbat, Reading of the Torah 42",1641
"The Koren Shalem Siddur; Ashkenaz, Shabbat, Reading of the Torah 43",1642
"The Koren Shalem Siddur; Ashkenaz, Shabbat, Reading of the Torah 44",1643
"The Koren Shalem Siddur; Ashkenaz, Shabbat, Reading of the Torah 45",1644
"The Koren Shalem Siddur; Ashkenaz, Shabbat, Reading of the Torah 46",1645
"The Koren Shalem Siddur; Ashkenaz, Shabbat, Reading of the Torah 47",1646
"The Koren Shalem Siddur; Ashkenaz, Shabbat, Reading of the Torah 48",1647
"The Koren Shalem Siddur; Ashkenaz, Shabbat, Reading of the Torah 49",1648
"The Koren Shalem Siddur; Ashkenaz, Shabbat, Reading of the Torah 50",1649
"The Koren Shalem Siddur; Ashkenaz, Shabbat, Reading of the Torah 51",1650
"The Koren Shalem Siddur; Ashkenaz, Shabbat, Reading of the Torah 52",1651
"The Koren Shalem Siddur; Ashkenaz, Shabbat, Reading of the Torah 53",1652
"The Koren Shalem Siddur; Ashkenaz, Shabbat, Reading of the Torah 54",1653
"The Koren Shalem Siddur; Ashkenaz, Shabbat, Reading of the Torah 55",1654
"The Koren Shalem Siddur; Ashkenaz, Shabbat, Reading of the Torah 56",1655
"The Koren Shalem Siddur; Ashkenaz, Shabbat, Reading of the Torah 57",1656
"The Koren Shalem Siddur; Ashkenaz, Shabbat, Reading of the Torah 58",1657
"The Koren Shalem Siddur; Ashkenaz, Shabbat, Reading of the Torah 59",1658
"The Koren Shalem Siddur; Ashkenaz, Shabbat, Reading of the Torah 60",1659
"The Koren Shalem Siddur; Ashkenaz, Shabbat, Reading of the Torah 61",1660
"The Koren Shalem Siddur; Ashkenaz, Shabbat, Reading of the Torah 62",1661
"The Koren Shalem Siddur; Ashkenaz, Shabbat, Reading of the Torah 63",1662
"The Koren Shalem Siddur; Ashkenaz, Shabbat, Reading of the Torah 64",1663
"The Koren Shalem Siddur; Ashkenaz, Shabbat, Reading of the Torah 65",1664
"The Koren Shalem Siddur; Ashkenaz, Shabbat, Reading of the Torah 66",1665
"The Koren Shalem Siddur; Ashkenaz, Shabbat, Reading of the Torah 67",1666
"The Koren Shalem Siddur; Ashkenaz, Shabbat, Reading of the Torah 68",1667
"The Koren Shalem Siddur; Ashkenaz, Shabbat, Reading of the Torah 69",1668
"The Koren Shalem Siddur; Ashkenaz, Shabbat, Reading of the Torah 70",1669
"The Koren Shalem Siddur; Ashkenaz, Shabbat, Reading of the Torah 71",1670
"The Koren Shalem Siddur; Ashkenaz, Shabbat, Reading of the Torah 72",1671
"The Koren Shalem Siddur; Ashkenaz, Shabbat, Reading of the Torah 73",1672
"The Koren Shalem Siddur; Ashkenaz, Shabbat, Reading of the Torah 74",1673
"The Koren Shalem Siddur; Ashkenaz, Shabbat, Reading of the Torah 75",1674
"The Koren Shalem Siddur; Ashkenaz, Shabbat, Reading of the Torah 76",1675
"The Koren Shalem Siddur; Ashkenaz, Shabbat, Reading of the Torah 77",1676
"The Koren Shalem Siddur; Ashkenaz, Shabbat, Reading of the Torah 78",1677
"The Koren Shalem Siddur; Ashkenaz, Shabbat, Reading of the Torah 79",1678
"The Koren Shalem Siddur; Ashkenaz, Shabbat, Reading of the Torah 80",1679
"The Koren Shalem Siddur; Ashkenaz, Shabbat, Reading of the Torah 81",1680
"The Koren Shalem Siddur; Ashkenaz, Shabbat, Reading of the Torah 82",1681
"The Koren Shalem Siddur; Ashkenaz, Shabbat, Reading of the Torah 83",1682
"The Koren Shalem Siddur; Ashkenaz, Shabbat, Reading of the Torah 84",1683
"The Koren Shalem Siddur; Ashkenaz, Shabbat, Reading of the Torah 85",1684
"The Koren Shalem Siddur; Ashkenaz, Shabbat, Reading of the Torah 86",1685
"The Koren Shalem Siddur; Ashkenaz, Shabbat, Reading of the Torah 87",1686
"The Koren Shalem Siddur; Ashkenaz, Shabbat, Reading of the Torah 88",1687
"The Koren Shalem Siddur; Ashkenaz, Shabbat, Reading of the Torah 89",1688
"The Koren Shalem Siddur; Ashkenaz, Shabbat, Reading of the Torah 90",1689
"The Koren Shalem Siddur; Ashkenaz, Shabbat, Reading of the Torah 91",1690
"The Koren Shalem Siddur; Ashkenaz, Shabbat, Reading of the Torah 92",1691
"The Koren Shalem Siddur; Ashkenaz, Shabbat, Reading of the Torah 93",1692
"The Koren Shalem Siddur; Ashkenaz, Shabbat, Prayer for the Welfare of the Government 1",1694
"The Koren Shalem Siddur; Ashkenaz, Shabbat, Prayer for the Welfare of the Government 2",1695
"The Koren Shalem Siddur; Ashkenaz, Shabbat, Prayer for the Welfare of the Government 3",1696
"The Koren Shalem Siddur; Ashkenaz, Shabbat, Prayer for the Welfare of the Government 4",1697
"The Koren Shalem Siddur; Ashkenaz, Shabbat, Prayer for the Welfare of the Government 5",1698
"The Koren Shalem Siddur; Ashkenaz, Shabbat, Prayer for the Welfare of the Government 6",1699
"The Koren Shalem Siddur; Ashkenaz, Shabbat, Prayer for the Welfare of the Government 7",1700
"The Koren Shalem Siddur; Ashkenaz, Shabbat, Prayer for the Welfare of the Government 8",1701
"The Koren Shalem Siddur; Ashkenaz, Shabbat, Prayer for the Welfare of the Government 9",1702
"The Koren Shalem Siddur; Ashkenaz, Shabbat, Prayer for the Welfare of the Government 10",1703
"The Koren Shalem Siddur; Ashkenaz, Shabbat, Prayer for the Welfare of the Government 11",1704
"The Koren Shalem Siddur; Ashkenaz, Shabbat, Prayer for the Welfare of the Government 12",1705
"The Koren Shalem Siddur; Ashkenaz, Shabbat, Prayer for the State of Israel 1",1707
"The Koren Shalem Siddur; Ashkenaz, Shabbat, Prayer for the State of Israel 2",1708
"The Koren Shalem Siddur; Ashkenaz, Shabbat, Prayer for the State of Israel 3",1709
"The Koren Shalem Siddur; Ashkenaz, Shabbat, Prayer for the State of Israel 4",1710
"The Koren Shalem Siddur; Ashkenaz, Shabbat, Prayer for the State of Israel 5",1711
"The Koren Shalem Siddur; Ashkenaz, Shabbat, Prayer for Israel's Defense Forces 1",1713
"The Koren Shalem Siddur; Ashkenaz, Shabbat, Prayer for Israel's Defense Forces 2",1714
"The Koren Shalem Siddur; Ashkenaz, Shabbat, Prayer for Israel's Defense Forces 3",1715
"The Koren Shalem Siddur; Ashkenaz, Shabbat, Prayer for Israel's Defense Forces 4",1716
"The Koren Shalem Siddur; Ashkenaz, Shabbat, Prayer for Israel's Defense Forces 5",1717
"The Koren Shalem Siddur; Ashkenaz, Shabbat, Blessing the New Month 1",1719
"The Koren Shalem Siddur; Ashkenaz, Shabbat, Blessing the New Month 2",1720
"The Koren Shalem Siddur; Ashkenaz, Shabbat, Blessing the New Month 3",1721
"The Koren Shalem Siddur; Ashkenaz, Shabbat, Blessing the New Month 4",1722
"The Koren Shalem Siddur; Ashkenaz, Shabbat, Blessing the New Month 5",1723
"The Koren Shalem Siddur; Ashkenaz, Shabbat, Blessing the New Month 6",1724
"The Koren Shalem Siddur; Ashkenaz, Shabbat, Blessing the New Month 7",1725
"The Koren Shalem Siddur; Ashkenaz, Shabbat, Blessing the New Month 8",1726
"The Koren Shalem Siddur; Ashkenaz, Shabbat, Blessing the New Month 9",1727
"The Koren Shalem Siddur; Ashkenaz, Shabbat, Blessing the New Month 10",1728
"The Koren Shalem Siddur; Ashkenaz, Shabbat, Blessing the New Month 11",1729
"The Koren Shalem Siddur; Ashkenaz, Shabbat, Musaf for Shabbat 1",1731
"The Koren Shalem Siddur; Ashkenaz, Shabbat, Musaf for Shabbat 2",1732
"The Koren Shalem Siddur; Ashkenaz, Shabbat, Musaf for Shabbat 3",1733
"The Koren Shalem Siddur; Ashkenaz, Shabbat, Musaf for Shabbat 4",1734
"The Koren Shalem Siddur; Ashkenaz, Shabbat, Musaf for Shabbat 5",1735
"The Koren Shalem Siddur; Ashkenaz, Shabbat, Musaf for Shabbat 6",1736
"The Koren Shalem Siddur; Ashkenaz, Shabbat, Musaf for Shabbat 7",1737
"The Koren Shalem Siddur; Ashkenaz, Shabbat, Musaf for Shabbat 8",1738
"The Koren Shalem Siddur; Ashkenaz, Shabbat, Musaf for Shabbat 9",1739
"The Koren Shalem Siddur; Ashkenaz, Shabbat, Musaf for Shabbat 10",1740
"The Koren Shalem Siddur; Ashkenaz, Shabbat, Musaf for Shabbat 11",1741
"The Koren Shalem Siddur; Ashkenaz, Shabbat, Musaf for Shabbat 12",1742
"The Koren Shalem Siddur; Ashkenaz, Shabbat, Musaf for Shabbat 13",1743
"The Koren Shalem Siddur; Ashkenaz, Shabbat, Musaf for Shabbat 14",1744
"The Koren Shalem Siddur; Ashkenaz, Shabbat, Musaf for Shabbat 15",1745
"The Koren Shalem Siddur; Ashkenaz, Shabbat, Musaf for Shabbat 16",1746
"The Koren Shalem Siddur; Ashkenaz, Shabbat, Musaf for Shabbat 17",1747
"The Koren Shalem Siddur; Ashkenaz, Shabbat, Musaf for Shabbat 18",1748
"The Koren Shalem Siddur; Ashkenaz, Shabbat, Musaf for Shabbat 19",1749
"The Koren Shalem Siddur; Ashkenaz, Shabbat, Musaf for Shabbat 20",1750
"The Koren Shalem Siddur; Ashkenaz, Shabbat, Musaf for Shabbat 21",1751
"The Koren Shalem Siddur; Ashkenaz, Shabbat, Musaf for Shabbat 22",1752
"The Koren Shalem Siddur; Ashkenaz, Shabbat, Musaf for Shabbat 23",1753
"The Koren Shalem Siddur; Ashkenaz, Shabbat, Musaf for Shabbat 24",1754
"The Koren Shalem Siddur; Ashkenaz, Shabbat, Musaf for Shabbat 25",1755
"The Koren Shalem Siddur; Ashkenaz, Shabbat, Musaf for Shabbat 26",1756
"The Koren Shalem Siddur; Ashkenaz, Shabbat, Musaf for Shabbat 27",1757
"The Koren Shalem Siddur; Ashkenaz, Shabbat, Musaf for Shabbat 28",1758
"The Koren Shalem Siddur; Ashkenaz, Shabbat, Musaf for Shabbat 29",1759
"The Koren Shalem Siddur; Ashkenaz, Shabbat, Musaf for Shabbat 30",1760
"The Koren Shalem Siddur; Ashkenaz, Shabbat, Musaf for Shabbat 31",1761
"The Koren Shalem Siddur; Ashkenaz, Shabbat, Musaf for Shabbat 32",1762
"The Koren Shalem Siddur; Ashkenaz, Shabbat, Musaf for Shabbat 33",1763
"The Koren Shalem Siddur; Ashkenaz, Shabbat, Musaf for Shabbat 34",1764
"The Koren Shalem Siddur; Ashkenaz, Shabbat, Musaf for Shabbat 35",1765
"The Koren Shalem Siddur; Ashkenaz, Shabbat, Musaf for Shabbat 36",1766
"The Koren Shalem Siddur; Ashkenaz, Shabbat, Musaf for Shabbat 37",1767
"The Koren Shalem Siddur; Ashkenaz, Shabbat, Musaf for Shabbat 38",1768
"The Koren Shalem Siddur; Ashkenaz, Shabbat, Musaf for Shabbat 39",1769
"The Koren Shalem Siddur; Ashkenaz, Shabbat, Musaf for Shabbat 40",1770
"The Koren Shalem Siddur; Ashkenaz, Shabbat, Musaf for Shabbat 41",1771
"The Koren Shalem Siddur; Ashkenaz, Shabbat, Musaf for Shabbat 42",1772
"The Koren Shalem Siddur; Ashkenaz, Shabbat, Musaf for Shabbat 43",1773
"The Koren Shalem Siddur; Ashkenaz, Shabbat, Musaf for Shabbat 44",1774
"The Koren Shalem Siddur; Ashkenaz, Shabbat, Musaf for Shabbat 45",1775
"The Koren Shalem Siddur; Ashkenaz, Shabbat, Musaf for Shabbat 46",1776
"The Koren Shalem Siddur; Ashkenaz, Shabbat, Musaf for Shabbat 47",1777
"The Koren Shalem Siddur; Ashkenaz, Shabbat, Musaf for Shabbat 48",1778
"The Koren Shalem Siddur; Ashkenaz, Shabbat, Musaf for Shabbat 49",1779
"The Koren Shalem Siddur; Ashkenaz, Shabbat, Musaf for Shabbat 50",1780
"The Koren Shalem Siddur; Ashkenaz, Shabbat, Musaf for Shabbat 51",1781
"The Koren Shalem Siddur; Ashkenaz, Shabbat, Musaf for Shabbat 52",1782
"The Koren Shalem Siddur; Ashkenaz, Shabbat, Musaf for Shabbat 53",1783
"The Koren Shalem Siddur; Ashkenaz, Shabbat, Musaf for Shabbat 54",1784
"The Koren Shalem Siddur; Ashkenaz, Shabbat, Musaf for Shabbat 55",1785
"The Koren Shalem Siddur; Ashkenaz, Shabbat, Musaf for Shabbat 56",1786
"The Koren Shalem Siddur; Ashkenaz, Shabbat, Musaf for Shabbat 57",1787
"The Koren Shalem Siddur; Ashkenaz, Shabbat, Musaf for Shabbat 58",1788
"The Koren Shalem Siddur; Ashkenaz, Shabbat, Musaf for Shabbat 59",1789
"The Koren Shalem Siddur; Ashkenaz, Shabbat, Musaf for Shabbat 60",1790
"The Koren Shalem Siddur; Ashkenaz, Shabbat, Musaf for Shabbat 61",1791
"The Koren Shalem Siddur; Ashkenaz, Shabbat, Musaf for Shabbat 62",1792
"The Koren Shalem Siddur; Ashkenaz, Shabbat, Musaf for Shabbat 63",1793
"The Koren Shalem Siddur; Ashkenaz, Shabbat, Musaf for Shabbat 64",1794
"The Koren Shalem Siddur; Ashkenaz, Shabbat, Musaf for Shabbat 65",1795
"The Koren Shalem Siddur; Ashkenaz, Shabbat, Musaf for Shabbat 66",1796
"The Koren Shalem Siddur; Ashkenaz, Shabbat, Musaf for Shabbat 67",1797
"The Koren Shalem Siddur; Ashkenaz, Shabbat, Musaf for Shabbat 68",1798
"The Koren Shalem Siddur; Ashkenaz, Shabbat, Musaf for Shabbat 69",1799
"The Koren Shalem Siddur; Ashkenaz, Shabbat, Musaf for Shabbat 70",1800
"The Koren Shalem Siddur; Ashkenaz, Shabbat, Musaf for Shabbat 71",1801
"The Koren Shalem Siddur; Ashkenaz, Shabbat, Musaf for Shabbat 72",1802
"The Koren Shalem Siddur; Ashkenaz, Shabbat, Musaf for Shabbat 73",1803
"The Koren Shalem Siddur; Ashkenaz, Shabbat, Musaf for Shabbat 74",1804
"The Koren Shalem Siddur; Ashkenaz, Shabbat, Musaf for Shabbat 75",1805
"The Koren Shalem Siddur; Ashkenaz, Shabbat, Musaf for Shabbat 76",1806
"The Koren Shalem Siddur; Ashkenaz, Shabbat, Musaf for Shabbat 77",1807
"The Koren Shalem Siddur; Ashkenaz, Shabbat, Musaf for Shabbat 78",1808
"The Koren Shalem Siddur; Ashkenaz, Shabbat, Musaf for Shabbat 79",1809
"The Koren Shalem Siddur; Ashkenaz, Shabbat, Musaf for Shabbat 80",1810
"The Koren Shalem Siddur; Ashkenaz, Shabbat, Musaf for Shabbat 81",1811
"The Koren Shalem Siddur; Ashkenaz, Shabbat, Musaf for Shabbat 82",1812
"The Koren Shalem Siddur; Ashkenaz, Shabbat, Musaf for Shabbat 83",1813
"The Koren Shalem Siddur; Ashkenaz, Shabbat, Musaf for Shabbat 84",1814
"The Koren Shalem Siddur; Ashkenaz, Shabbat, Musaf for Shabbat 85",1815
"The Koren Shalem Siddur; Ashkenaz, Shabbat, Musaf for Shabbat 86",1816
"The Koren Shalem Siddur; Ashkenaz, Shabbat, Musaf for Shabbat 87",1817
"The Koren Shalem Siddur; Ashkenaz, Shabbat, Musaf for Shabbat 88",1818
"The Koren Shalem Siddur; Ashkenaz, Shabbat, Musaf for Shabbat 89",1819
"The Koren Shalem Siddur; Ashkenaz, Shabbat, Musaf for Shabbat 90",1820
"The Koren Shalem Siddur; Ashkenaz, Shabbat, Musaf for Shabbat 91",1821
"The Koren Shalem Siddur; Ashkenaz, Shabbat, Musaf for Shabbat 92",1822
"The Koren Shalem Siddur; Ashkenaz, Shabbat, Musaf for Shabbat 93",1823
"The Koren Shalem Siddur; Ashkenaz, Shabbat, Musaf for Shabbat 94",1824
"The Koren Shalem Siddur; Ashkenaz, Shabbat, Musaf for Shabbat 95",1825
"The Koren Shalem Siddur; Ashkenaz, Shabbat, Musaf for Shabbat 96",1826
"The Koren Shalem Siddur; Ashkenaz, Shabbat, Musaf for Shabbat 97",1827
"The Koren Shalem Siddur; Ashkenaz, Shabbat, Musaf for Shabbat 98",1828
"The Koren Shalem Siddur; Ashkenaz, Shabbat, Musaf for Shabbat 99",1829
"The Koren Shalem Siddur; Ashkenaz, Shabbat, Musaf for Shabbat 100",1830
"The Koren Shalem Siddur; Ashkenaz, Shabbat, Musaf for Shabbat 101",1831
"The Koren Shalem Siddur; Ashkenaz, Shabbat, Musaf for Shabbat 102",1832
"The Koren Shalem Siddur; Ashkenaz, Shabbat, Musaf for Shabbat 103",1833
"The Koren Shalem Siddur; Ashkenaz, Shabbat, Musaf for Shabbat 104",1834
"The Koren Shalem Siddur; Ashkenaz, Shabbat, Musaf for Shabbat 105",1835
"The Koren Shalem Siddur; Ashkenaz, Shabbat, Musaf for Shabbat 106",1836
"The Koren Shalem Siddur; Ashkenaz, Shabbat, Musaf for Shabbat 107",1837
"The Koren Shalem Siddur; Ashkenaz, Shabbat, Musaf for Shabbat 108",1838
"The Koren Shalem Siddur; Ashkenaz, Shabbat, Musaf for Shabbat 109",1839
"The Koren Shalem Siddur; Ashkenaz, Shabbat, Musaf for Shabbat 110",1840
"The Koren Shalem Siddur; Ashkenaz, Shabbat, Musaf for Shabbat 111",1841
"The Koren Shalem Siddur; Ashkenaz, Shabbat, Musaf for Shabbat 112",1842
"The Koren Shalem Siddur; Ashkenaz, Shabbat, Musaf for Shabbat 113",1843
"The Koren Shalem Siddur; Ashkenaz, Shabbat, Musaf for Shabbat 114",1844
"The Koren Shalem Siddur; Ashkenaz, Shabbat, Musaf for Shabbat 115",1845
"The Koren Shalem Siddur; Ashkenaz, Shabbat, Musaf for Shabbat 116",1846
"The Koren Shalem Siddur; Ashkenaz, Shabbat, Musaf for Shabbat 117",1847
"The Koren Shalem Siddur; Ashkenaz, Shabbat, Musaf for Shabbat 118",1848
"The Koren Shalem Siddur; Ashkenaz, Shabbat, Musaf for Shabbat 119",1849
"The Koren Shalem Siddur; Ashkenaz, Shabbat, Musaf for Shabbat 120",1850
"The Koren Shalem Siddur; Ashkenaz, Shabbat, Musaf for Shabbat 121",1851
"The Koren Shalem Siddur; Ashkenaz, Shabbat, Musaf for Shabbat 122",1852
"The Koren Shalem Siddur; Ashkenaz, Shabbat, Musaf for Shabbat 123",1853
"The Koren Shalem Siddur; Ashkenaz, Shabbat, Musaf for Shabbat 124",1854
"The Koren Shalem Siddur; Ashkenaz, Shabbat, Musaf for Shabbat 125",1855
"The Koren Shalem Siddur; Ashkenaz, Shabbat, Musaf for Shabbat 126",1856
"The Koren Shalem Siddur; Ashkenaz, Shabbat, Musaf for Shabbat 127",1857
"The Koren Shalem Siddur; Ashkenaz, Shabbat, Musaf for Shabbat 128",1858
"The Koren Shalem Siddur; Ashkenaz, Shabbat, Musaf for Shabbat 129",1859
"The Koren Shalem Siddur; Ashkenaz, Shabbat, Musaf for Shabbat 130",1860
"The Koren Shalem Siddur; Ashkenaz, Shabbat, Musaf for Shabbat 131",1861
"The Koren Shalem Siddur; Ashkenaz, Shabbat, Musaf for Shabbat 132",1862
"The Koren Shalem Siddur; Ashkenaz, Shabbat, Musaf for Shabbat 133",1863
"The Koren Shalem Siddur; Ashkenaz, Shabbat, Musaf for Shabbat 134",1864
"The Koren Shalem Siddur; Ashkenaz, Shabbat, Musaf for Shabbat 135",1865
"The Koren Shalem Siddur; Ashkenaz, Shabbat, Musaf for Shabbat 136",1866
"The Koren Shalem Siddur; Ashkenaz, Shabbat, Musaf for Shabbat 137",1867
"The Koren Shalem Siddur; Ashkenaz, Shabbat, Musaf for Shabbat 138",1868
"The Koren Shalem Siddur; Ashkenaz, Shabbat, Musaf for Shabbat 139",1869
"The Koren Shalem Siddur; Ashkenaz, Shabbat, Musaf for Shabbat 140",1870
"The Koren Shalem Siddur; Ashkenaz, Shabbat, Musaf for Shabbat 141",1871
"The Koren Shalem Siddur; Ashkenaz, Shabbat, Musaf for Shabbat 142",1872
"The Koren Shalem Siddur; Ashkenaz, Shabbat, Musaf for Shabbat 143",1873
"The Koren Shalem Siddur; Ashkenaz, Shabbat, Musaf for Shabbat 144",1874
"The Koren Shalem Siddur; Ashkenaz, Shabbat, Musaf for Shabbat 145",1875
"The Koren Shalem Siddur; Ashkenaz, Shabbat, Musaf for Shabbat 146",1876
"The Koren Shalem Siddur; Ashkenaz, Shabbat, Musaf for Shabbat 147",1877
"The Koren Shalem Siddur; Ashkenaz, Shabbat, Musaf for Shabbat 148",1878
"The Koren Shalem Siddur; Ashkenaz, Shabbat, Musaf for Shabbat 149",1879
"The Koren Shalem Siddur; Ashkenaz, Shabbat, Musaf for Shabbat 150",1880
"The Koren Shalem Siddur; Ashkenaz, Shabbat, Musaf for Shabbat 151",1881
"The Koren Shalem Siddur; Ashkenaz, Shabbat, Musaf for Shabbat 152",1882
"The Koren Shalem Siddur; Ashkenaz, Shabbat, Musaf for Shabbat 153",1883
"The Koren Shalem Siddur; Ashkenaz, Shabbat, Musaf for Shabbat 154",1884
"The Koren Shalem Siddur; Ashkenaz, Shabbat, Musaf for Shabbat 155",1885
"The Koren Shalem Siddur; Ashkenaz, Shabbat, Musaf for Shabbat 156",1886
"The Koren Shalem Siddur; Ashkenaz, Shabbat, Musaf for Shabbat 157",1887
"The Koren Shalem Siddur; Ashkenaz, Shabbat, Musaf for Shabbat 158",1888
"The Koren Shalem Siddur; Ashkenaz, Shabbat, Musaf for Shabbat 159",1889
"The Koren Shalem Siddur; Ashkenaz, Shabbat, Musaf for Shabbat 160",1890
"The Koren Shalem Siddur; Ashkenaz, Shabbat, Musaf for Shabbat 161",1891
"The Koren Shalem Siddur; Ashkenaz, Shabbat, Musaf for Shabbat 162",1892
"The Koren Shalem Siddur; Ashkenaz, Shabbat, Musaf for Shabbat 163",1893
"The Koren Shalem Siddur; Ashkenaz, Shabbat, Musaf for Shabbat 164",1894
"The Koren Shalem Siddur; Ashkenaz, Shabbat, Musaf for Shabbat 165",1895
"The Koren Shalem Siddur; Ashkenaz, Shabbat, Musaf for Shabbat 166",1896
"The Koren Shalem Siddur; Ashkenaz, Shabbat, Musaf for Shabbat 167",1897
"The Koren Shalem Siddur; Ashkenaz, Shabbat, Musaf for Shabbat 168",1898
"The Koren Shalem Siddur; Ashkenaz, Shabbat, Musaf for Shabbat 169",1899
"The Koren Shalem Siddur; Ashkenaz, Shabbat, Musaf for Shabbat 170",1900
"The Koren Shalem Siddur; Ashkenaz, Shabbat, Musaf for Shabbat 171",1901
"The Koren Shalem Siddur; Ashkenaz, Shabbat, Musaf for Shabbat 172",1902
"The Koren Shalem Siddur; Ashkenaz, Shabbat, Musaf for Shabbat 173",1903
"The Koren Shalem Siddur; Ashkenaz, Shabbat, Musaf for Shabbat 174",1904
"The Koren Shalem Siddur; Ashkenaz, Shabbat, Musaf for Shabbat 175",1905
"The Koren Shalem Siddur; Ashkenaz, Shabbat, Musaf for Shabbat 176",1906
"The Koren Shalem Siddur; Ashkenaz, Shabbat, Musaf for Shabbat 177",1907
"The Koren Shalem Siddur; Ashkenaz, Shabbat, Musaf for Shabbat 178",1908
"The Koren Shalem Siddur; Ashkenaz, Shabbat, Musaf for Shabbat 179",1909
"The Koren Shalem Siddur; Ashkenaz, Shabbat, Musaf for Shabbat 180",1910
"The Koren Shalem Siddur; Ashkenaz, Shabbat, Musaf for Shabbat 181",1911
"The Koren Shalem Siddur; Ashkenaz, Shabbat, Musaf for Shabbat 182",1912
"The Koren Shalem Siddur; Ashkenaz, Shabbat, Musaf for Shabbat 183",1913
"The Koren Shalem Siddur; Ashkenaz, Shabbat, Musaf for Shabbat 184",1914
"The Koren Shalem Siddur; Ashkenaz, Shabbat, Musaf for Shabbat 185",1915
"The Koren Shalem Siddur; Ashkenaz, Shabbat, Musaf for Shabbat 186",1916
"The Koren Shalem Siddur; Ashkenaz, Shabbat, Musaf for Shabbat 187",1917
"The Koren Shalem Siddur; Ashkenaz, Shabbat, Musaf for Shabbat 188",1918
"The Koren Shalem Siddur; Ashkenaz, Shabbat, Musaf for Shabbat 189",1919
"The Koren Shalem Siddur; Ashkenaz, Shabbat, Musaf for Shabbat 190",1920
"The Koren Shalem Siddur; Ashkenaz, Shabbat, Musaf for Shabbat 191",1921
"The Koren Shalem Siddur; Ashkenaz, Shabbat, Musaf for Shabbat 192",1922
"The Koren Shalem Siddur; Ashkenaz, Shabbat, Musaf for Shabbat 193",1923
"The Koren Shalem Siddur; Ashkenaz, Shabbat, Musaf for Shabbat 194",1924
"The Koren Shalem Siddur; Ashkenaz, Shabbat, Musaf for Shabbat 195",1925
"The Koren Shalem Siddur; Ashkenaz, Shabbat, Musaf for Shabbat 196",1926
"The Koren Shalem Siddur; Ashkenaz, Shabbat, Musaf for Shabbat 197",1927
"The Koren Shalem Siddur; Ashkenaz, Shabbat, Musaf for Shabbat 198",1928
"The Koren Shalem Siddur; Ashkenaz, Shabbat, Kiddush and Zemirot for Shabbat Morning 1",1930
"The Koren Shalem Siddur; Ashkenaz, Shabbat, Kiddush and Zemirot for Shabbat Morning 2",1931
"The Koren Shalem Siddur; Ashkenaz, Shabbat, Kiddush and Zemirot for Shabbat Morning 3",1932
"The Koren Shalem Siddur; Ashkenaz, Shabbat, Kiddush and Zemirot for Shabbat Morning 4",1933
"The Koren Shalem Siddur; Ashkenaz, Shabbat, Kiddush and Zemirot for Shabbat Morning 5",1934
"The Koren Shalem Siddur; Ashkenaz, Shabbat, Kiddush and Zemirot for Shabbat Morning 6",1935
"The Koren Shalem Siddur; Ashkenaz, Shabbat, Kiddush and Zemirot for Shabbat Morning 7",1936
"The Koren Shalem Siddur; Ashkenaz, Shabbat, Kiddush and Zemirot for Shabbat Morning 8",1937
"The Koren Shalem Siddur; Ashkenaz, Shabbat, Kiddush and Zemirot for Shabbat Morning 9",1938
"The Koren Shalem Siddur; Ashkenaz, Shabbat, Kiddush and Zemirot for Shabbat Morning 10",1939
"The Koren Shalem Siddur; Ashkenaz, Shabbat, Kiddush and Zemirot for Shabbat Morning 11",1940
"The Koren Shalem Siddur; Ashkenaz, Shabbat, Kiddush and Zemirot for Shabbat Morning 12",1941
"The Koren Shalem Siddur; Ashkenaz, Shabbat, Kiddush and Zemirot for Shabbat Morning 13",1942
"The Koren Shalem Siddur; Ashkenaz, Shabbat, Kiddush and Zemirot for Shabbat Morning 14",1943
"The Koren Shalem Siddur; Ashkenaz, Shabbat, Kiddush and Zemirot for Shabbat Morning 15",1944
"The Koren Shalem Siddur; Ashkenaz, Shabbat, Kiddush and Zemirot for Shabbat Morning 16",1945
"The Koren Shalem Siddur; Ashkenaz, Shabbat, Kiddush and Zemirot for Shabbat Morning 17",1946
"The Koren Shalem Siddur; Ashkenaz, Shabbat, Kiddush and Zemirot for Shabbat Morning 18",1947
"The Koren Shalem Siddur; Ashkenaz, Shabbat, Kiddush and Zemirot for Shabbat Morning 19",1948
"The Koren Shalem Siddur; Ashkenaz, Shabbat, Kiddush and Zemirot for Shabbat Morning 20",1949
"The Koren Shalem Siddur; Ashkenaz, Shabbat, Kiddush and Zemirot for Shabbat Morning 21",1950
"The Koren Shalem Siddur; Ashkenaz, Shabbat, Kiddush and Zemirot for Shabbat Morning 22",1951
"The Koren Shalem Siddur; Ashkenaz, Shabbat, Kiddush and Zemirot for Shabbat Morning 23",1952
"The Koren Shalem Siddur; Ashkenaz, Shabbat, Kiddush and Zemirot for Shabbat Morning 24",1953
"The Koren Shalem Siddur; Ashkenaz, Shabbat, Kiddush and Zemirot for Shabbat Morning 25",1954
"The Koren Shalem Siddur; Ashkenaz, Shabbat, Kiddush and Zemirot for Shabbat Morning 26",1955
"The Koren Shalem Siddur; Ashkenaz, Shabbat, Kiddush and Zemirot for Shabbat Morning 27",1956
"The Koren Shalem Siddur; Ashkenaz, Shabbat, Kiddush and Zemirot for Shabbat Morning 28",1957
"The Koren Shalem Siddur; Ashkenaz, Shabbat, Kiddush and Zemirot for Shabbat Morning 29",1958
"The Koren Shalem Siddur; Ashkenaz, Shabbat, Kiddush and Zemirot for Shabbat Morning 30",1959
"The Koren Shalem Siddur; Ashkenaz, Shabbat, Kiddush and Zemirot for Shabbat Morning 31",1960
"The Koren Shalem Siddur; Ashkenaz, Shabbat, Kiddush and Zemirot for Shabbat Morning 32",1961
"The Koren Shalem Siddur; Ashkenaz, Shabbat, Kiddush and Zemirot for Shabbat Morning 33",1962
"The Koren Shalem Siddur; Ashkenaz, Shabbat, Kiddush and Zemirot for Shabbat Morning 34",1963
"The Koren Shalem Siddur; Ashkenaz, Shabbat, Kiddush and Zemirot for Shabbat Morning 35",1964
"The Koren Shalem Siddur; Ashkenaz, Shabbat, Kiddush and Zemirot for Shabbat Morning 36",1965
"The Koren Shalem Siddur; Ashkenaz, Shabbat, Kiddush and Zemirot for Shabbat Morning 37",1966
"The Koren Shalem Siddur; Ashkenaz, Shabbat, Kiddush and Zemirot for Shabbat Morning 38",1967
"The Koren Shalem Siddur; Ashkenaz, Shabbat, Kiddush and Zemirot for Shabbat Morning 39",1968
"The Koren Shalem Siddur; Ashkenaz, Shabbat, Kiddush and Zemirot for Shabbat Morning 40",1969
"The Koren Shalem Siddur; Ashkenaz, Shabbat, Kiddush and Zemirot for Shabbat Morning 41",1970
"The Koren Shalem Siddur; Ashkenaz, Shabbat, Kiddush and Zemirot for Shabbat Morning 42",1971
"The Koren Shalem Siddur; Ashkenaz, Shabbat, Kiddush and Zemirot for Shabbat Morning 43",1972
"The Koren Shalem Siddur; Ashkenaz, Shabbat, Kiddush and Zemirot for Shabbat Morning 44",1973
"The Koren Shalem Siddur; Ashkenaz, Shabbat, Kiddush and Zemirot for Shabbat Morning 45",1974
"The Koren Shalem Siddur; Ashkenaz, Shabbat, Kiddush and Zemirot for Shabbat Morning 46",1975
"The Koren Shalem Siddur; Ashkenaz, Shabbat, Kiddush and Zemirot for Shabbat Morning 47",1976
"The Koren Shalem Siddur; Ashkenaz, Shabbat, Kiddush and Zemirot for Shabbat Morning 48",1977
"The Koren Shalem Siddur; Ashkenaz, Shabbat, Kiddush and Zemirot for Shabbat Morning 49",1978
"The Koren Shalem Siddur; Ashkenaz, Shabbat, Kiddush and Zemirot for Shabbat Morning 50",1979
"The Koren Shalem Siddur; Ashkenaz, Shabbat, Kiddush and Zemirot for Shabbat Morning 51",1980
"The Koren Shalem Siddur; Ashkenaz, Shabbat, Kiddush and Zemirot for Shabbat Morning 52",1981
"The Koren Shalem Siddur; Ashkenaz, Shabbat, Kiddush and Zemirot for Shabbat Morning 53",1982
"The Koren Shalem Siddur; Ashkenaz, Shabbat, Kiddush and Zemirot for Shabbat Morning 54",1983
"The Koren Shalem Siddur; Ashkenaz, Shabbat, Kiddush and Zemirot for Shabbat Morning 55",1984
"The Koren Shalem Siddur; Ashkenaz, Shabbat, Kiddush and Zemirot for Shabbat Morning 56",1985
"The Koren Shalem Siddur; Ashkenaz, Shabbat, Kiddush and Zemirot for Shabbat Morning 57",1986
"The Koren Shalem Siddur; Ashkenaz, Shabbat, Kiddush and Zemirot for Shabbat Morning 58",1987
"The Koren Shalem Siddur; Ashkenaz, Shabbat, Kiddush and Zemirot for Shabbat Morning 59",1988
"The Koren Shalem Siddur; Ashkenaz, Shabbat, Kiddush and Zemirot for Shabbat Morning 60",1989
"The Koren Shalem Siddur; Ashkenaz, Shabbat, Kiddush and Zemirot for Shabbat Morning 61",1990
"The Koren Shalem Siddur; Ashkenaz, Shabbat, Kiddush and Zemirot for Shabbat Morning 62",1991
"The Koren Shalem Siddur; Ashkenaz, Shabbat, Kiddush and Zemirot for Shabbat Morning 63",1992
"The Koren Shalem Siddur; Ashkenaz, Shabbat, Kiddush and Zemirot for Shabbat Morning 64",1993
"The Koren Shalem Siddur; Ashkenaz, Shabbat, Kiddush and Zemirot for Shabbat Morning 65",1994
"The Koren Shalem Siddur; Ashkenaz, Shabbat, Kiddush and Zemirot for Shabbat Morning 66",1995
"The Koren Shalem Siddur; Ashkenaz, Shabbat, Kiddush and Zemirot for Shabbat Morning 67",1996
"The Koren Shalem Siddur; Ashkenaz, Shabbat, Kiddush and Zemirot for Shabbat Morning 68",1997
"The Koren Shalem Siddur; Ashkenaz, Shabbat, Kiddush and Zemirot for Shabbat Morning 69",1998
"The Koren Shalem Siddur; Ashkenaz, Shabbat, Kiddush and Zemirot for Shabbat Morning 70",1999
"The Koren Shalem Siddur; Ashkenaz, Shabbat, Kiddush and Zemirot for Shabbat Morning 71",2000
"The Koren Shalem Siddur; Ashkenaz, Shabbat, Kiddush and Zemirot for Shabbat Morning 72",2001
"The Koren Shalem Siddur; Ashkenaz, Shabbat, Kiddush and Zemirot for Shabbat Morning 73",2002
"The Koren Shalem Siddur; Ashkenaz, Shabbat, Kiddush and Zemirot for Shabbat Morning 74",2003
"The Koren Shalem Siddur; Ashkenaz, Shabbat, Kiddush and Zemirot for Shabbat Morning 75",2004
"The Koren Shalem Siddur; Ashkenaz, Shabbat, Kiddush and Zemirot for Shabbat Morning 76",2005
"The Koren Shalem Siddur; Ashkenaz, Shabbat, Kiddush and Zemirot for Shabbat Morning 77",2006
"The Koren Shalem Siddur; Ashkenaz, Shabbat, Kiddush and Zemirot for Shabbat Morning 78",2007
"The Koren Shalem Siddur; Ashkenaz, Shabbat, Kiddush and Zemirot for Shabbat Morning 79",2008
"The Koren Shalem Siddur; Ashkenaz, Shabbat, Kiddush and Zemirot for Shabbat Morning 80",2009
"The Koren Shalem Siddur; Ashkenaz, Shabbat, Kiddush and Zemirot for Shabbat Morning 81",2010
"The Koren Shalem Siddur; Ashkenaz, Shabbat, Kiddush and Zemirot for Shabbat Morning 82",2011
"The Koren Shalem Siddur; Ashkenaz, Shabbat, Kiddush and Zemirot for Shabbat Morning 83",2012
"The Koren Shalem Siddur; Ashkenaz, Shabbat, Kiddush and Zemirot for Shabbat Morning 84",2013
"The Koren Shalem Siddur; Ashkenaz, Shabbat, Kiddush and Zemirot for Shabbat Morning 85",2014
"The Koren Shalem Siddur; Ashkenaz, Shabbat, Kiddush and Zemirot for Shabbat Morning 86",2015
"The Koren Shalem Siddur; Ashkenaz, Shabbat, Kiddush and Zemirot for Shabbat Morning 87",2016
"The Koren Shalem Siddur; Ashkenaz, Shabbat, Kiddush and Zemirot for Shabbat Morning 88",2017
"The Koren Shalem Siddur; Ashkenaz, Shabbat, Kiddush and Zemirot for Shabbat Morning 89",2018
"The Koren Shalem Siddur; Ashkenaz, Shabbat, Kiddush and Zemirot for Shabbat Morning 90",2019
"The Koren Shalem Siddur; Ashkenaz, Shabbat, Kiddush and Zemirot for Shabbat Morning 91",2020
"The Koren Shalem Siddur; Ashkenaz, Shabbat, Kiddush and Zemirot for Shabbat Morning 92",2021
"The Koren Shalem Siddur; Ashkenaz, Shabbat, Kiddush and Zemirot for Shabbat Morning 93",2022
"The Koren Shalem Siddur; Ashkenaz, Shabbat, Kiddush and Zemirot for Shabbat Morning 94",2023
"The Koren Shalem Siddur; Ashkenaz, Shabbat, Kiddush and Zemirot for Shabbat Morning 95",2024
"The Koren Shalem Siddur; Ashkenaz, Shabbat, Minha for Shabbat and Yom Tov 1",2026
"The Koren Shalem Siddur; Ashkenaz, Shabbat, Minha for Shabbat and Yom Tov 2",2027
"The Koren Shalem Siddur; Ashkenaz, Shabbat, Minha for Shabbat and Yom Tov 3",2028
"The Koren Shalem Siddur; Ashkenaz, Shabbat, Minha for Shabbat and Yom Tov 4",2029
"The Koren Shalem Siddur; Ashkenaz, Shabbat, Minha for Shabbat and Yom Tov 5",2030
"The Koren Shalem Siddur; Ashkenaz, Shabbat, Minha for Shabbat and Yom Tov 6",2031
"The Koren Shalem Siddur; Ashkenaz, Shabbat, Minha for Shabbat and Yom Tov 7",2032
"The Koren Shalem Siddur; Ashkenaz, Shabbat, Minha for Shabbat and Yom Tov 8",2033
"The Koren Shalem Siddur; Ashkenaz, Shabbat, Minha for Shabbat and Yom Tov 9",2034
"The Koren Shalem Siddur; Ashkenaz, Shabbat, Minha for Shabbat and Yom Tov 10",2035
"The Koren Shalem Siddur; Ashkenaz, Shabbat, Minha for Shabbat and Yom Tov 11",2036
"The Koren Shalem Siddur; Ashkenaz, Shabbat, Minha for Shabbat and Yom Tov 12",2037
"The Koren Shalem Siddur; Ashkenaz, Shabbat, Minha for Shabbat and Yom Tov 13",2038
"The Koren Shalem Siddur; Ashkenaz, Shabbat, Minha for Shabbat and Yom Tov 14",2039
"The Koren Shalem Siddur; Ashkenaz, Shabbat, Minha for Shabbat and Yom Tov 15",2040
"The Koren Shalem Siddur; Ashkenaz, Shabbat, Minha for Shabbat and Yom Tov 16",2041
"The Koren Shalem Siddur; Ashkenaz, Shabbat, Minha for Shabbat and Yom Tov 17",2042
"The Koren Shalem Siddur; Ashkenaz, Shabbat, Minha for Shabbat and Yom Tov 18",2043
"The Koren Shalem Siddur; Ashkenaz, Shabbat, Minha for Shabbat and Yom Tov 19",2044
"The Koren Shalem Siddur; Ashkenaz, Shabbat, Minha for Shabbat and Yom Tov 20",2045
"The Koren Shalem Siddur; Ashkenaz, Shabbat, Minha for Shabbat and Yom Tov 21",2046
"The Koren Shalem Siddur; Ashkenaz, Shabbat, Minha for Shabbat and Yom Tov 22",2047
"The Koren Shalem Siddur; Ashkenaz, Shabbat, Minha for Shabbat and Yom Tov 23",2048
"The Koren Shalem Siddur; Ashkenaz, Shabbat, Minha for Shabbat and Yom Tov 24",2049
"The Koren Shalem Siddur; Ashkenaz, Shabbat, Minha for Shabbat and Yom Tov 25",2050
"The Koren Shalem Siddur; Ashkenaz, Shabbat, Minha for Shabbat and Yom Tov 26",2051
"The Koren Shalem Siddur; Ashkenaz, Shabbat, Minha for Shabbat and Yom Tov 27",2052
"The Koren Shalem Siddur; Ashkenaz, Shabbat, Minha for Shabbat and Yom Tov 28",2053
"The Koren Shalem Siddur; Ashkenaz, Shabbat, Minha for Shabbat and Yom Tov 29",2054
"The Koren Shalem Siddur; Ashkenaz, Shabbat, Minha for Shabbat and Yom Tov 30",2055
"The Koren Shalem Siddur; Ashkenaz, Shabbat, Minha for Shabbat and Yom Tov 31",2056
"The Koren Shalem Siddur; Ashkenaz, Shabbat, Minha for Shabbat and Yom Tov 32",2057
"The Koren Shalem Siddur; Ashkenaz, Shabbat, Minha for Shabbat and Yom Tov 33",2058
"The Koren Shalem Siddur; Ashkenaz, Shabbat, Minha for Shabbat and Yom Tov 34",2059
"The Koren Shalem Siddur; Ashkenaz, Shabbat, Minha for Shabbat and Yom Tov 35",2060
"The Koren Shalem Siddur; Ashkenaz, Shabbat, Minha for Shabbat and Yom Tov 36",2061
"The Koren Shalem Siddur; Ashkenaz, Shabbat, Minha for Shabbat and Yom Tov 37",2062
"The Koren Shalem Siddur; Ashkenaz, Shabbat, Minha for Shabbat and Yom Tov 38",2063
"The Koren Shalem Siddur; Ashkenaz, Shabbat, Minha for Shabbat and Yom Tov 39",2064
"The Koren Shalem Siddur; Ashkenaz, Shabbat, Minha for Shabbat and Yom Tov 40",2065
"The Koren Shalem Siddur; Ashkenaz, Shabbat, Minha for Shabbat and Yom Tov 41",2066
"The Koren Shalem Siddur; Ashkenaz, Shabbat, Minha for Shabbat and Yom Tov 42",2067
"The Koren Shalem Siddur; Ashkenaz, Shabbat, Minha for Shabbat and Yom Tov 43",2068
"The Koren Shalem Siddur; Ashkenaz, Shabbat, Minha for Shabbat and Yom Tov 44",2069
"The Koren Shalem Siddur; Ashkenaz, Shabbat, Minha for Shabbat and Yom Tov 45",2070
"The Koren Shalem Siddur; Ashkenaz, Shabbat, Minha for Shabbat and Yom Tov 46",2071
"The Koren Shalem Siddur; Ashkenaz, Shabbat, Minha for Shabbat and Yom Tov 47",2072
"The Koren Shalem Siddur; Ashkenaz, Shabbat, Minha for Shabbat and Yom Tov 48",2073
"The Koren Shalem Siddur; Ashkenaz, Shabbat, Minha for Shabbat and Yom Tov 49",2074
"The Koren Shalem Siddur; Ashkenaz, Shabbat, Minha for Shabbat and Yom Tov 50",2075
"The Koren Shalem Siddur; Ashkenaz, Shabbat, Minha for Shabbat and Yom Tov 51",2076
"The Koren Shalem Siddur; Ashkenaz, Shabbat, Minha for Shabbat and Yom Tov 52",2077
"The Koren Shalem Siddur; Ashkenaz, Shabbat, Minha for Shabbat and Yom Tov 53",2078
"The Koren Shalem Siddur; Ashkenaz, Shabbat, Minha for Shabbat and Yom Tov 54",2079
"The Koren Shalem Siddur; Ashkenaz, Shabbat, Minha for Shabbat and Yom Tov 55",2080
"The Koren Shalem Siddur; Ashkenaz, Shabbat, Minha for Shabbat and Yom Tov 56",2081
"The Koren Shalem Siddur; Ashkenaz, Shabbat, Minha for Shabbat and Yom Tov 57",2082
"The Koren Shalem Siddur; Ashkenaz, Shabbat, Minha for Shabbat and Yom Tov 58",2083
"The Koren Shalem Siddur; Ashkenaz, Shabbat, Minha for Shabbat and Yom Tov 59",2084
"The Koren Shalem Siddur; Ashkenaz, Shabbat, Minha for Shabbat and Yom Tov 60",2085
"The Koren Shalem Siddur; Ashkenaz, Shabbat, Minha for Shabbat and Yom Tov 61",2086
"The Koren Shalem Siddur; Ashkenaz, Shabbat, Minha for Shabbat and Yom Tov 62",2087
"The Koren Shalem Siddur; Ashkenaz, Shabbat, Minha for Shabbat and Yom Tov 63",2088
"The Koren Shalem Siddur; Ashkenaz, Shabbat, Minha for Shabbat and Yom Tov 64",2089
"The Koren Shalem Siddur; Ashkenaz, Shabbat, Minha for Shabbat and Yom Tov 65",2090
"The Koren Shalem Siddur; Ashkenaz, Shabbat, Minha for Shabbat and Yom Tov 66",2091
"The Koren Shalem Siddur; Ashkenaz, Shabbat, Minha for Shabbat and Yom Tov 67",2092
"The Koren Shalem Siddur; Ashkenaz, Shabbat, Minha for Shabbat and Yom Tov 68",2093
"The Koren Shalem Siddur; Ashkenaz, Shabbat, Minha for Shabbat and Yom Tov 69",2094
"The Koren Shalem Siddur; Ashkenaz, Shabbat, Minha for Shabbat and Yom Tov 70",2095
"The Koren Shalem Siddur; Ashkenaz, Shabbat, Minha for Shabbat and Yom Tov 71",2096
"The Koren Shalem Siddur; Ashkenaz, Shabbat, Minha for Shabbat and Yom Tov 72",2097
"The Koren Shalem Siddur; Ashkenaz, Shabbat, Minha for Shabbat and Yom Tov 73",2098
"The Koren Shalem Siddur; Ashkenaz, Shabbat, Minha for Shabbat and Yom Tov 74",2099
"The Koren Shalem Siddur; Ashkenaz, Shabbat, Minha for Shabbat and Yom Tov 75",2100
"The Koren Shalem Siddur; Ashkenaz, Shabbat, Minha for Shabbat and Yom Tov 76",2101
"The Koren Shalem Siddur; Ashkenaz, Shabbat, Minha for Shabbat and Yom Tov 77",2102
"The Koren Shalem Siddur; Ashkenaz, Shabbat, Minha for Shabbat and Yom Tov 78",2103
"The Koren Shalem Siddur; Ashkenaz, Shabbat, Minha for Shabbat and Yom Tov 79",2104
"The Koren Shalem Siddur; Ashkenaz, Shabbat, Minha for Shabbat and Yom Tov 80",2105
"The Koren Shalem Siddur; Ashkenaz, Shabbat, Minha for Shabbat and Yom Tov 81",2106
"The Koren Shalem Siddur; Ashkenaz, Shabbat, Minha for Shabbat and Yom Tov 82",2107
"The Koren Shalem Siddur; Ashkenaz, Shabbat, Minha for Shabbat and Yom Tov 83",2108
"The Koren Shalem Siddur; Ashkenaz, Shabbat, Minha for Shabbat and Yom Tov 84",2109
"The Koren Shalem Siddur; Ashkenaz, Shabbat, Minha for Shabbat and Yom Tov 85",2110
"The Koren Shalem Siddur; Ashkenaz, Shabbat, Minha for Shabbat and Yom Tov 86",2111
"The Koren Shalem Siddur; Ashkenaz, Shabbat, Minha for Shabbat and Yom Tov 87",2112
"The Koren Shalem Siddur; Ashkenaz, Shabbat, Minha for Shabbat and Yom Tov 88",2113
"The Koren Shalem Siddur; Ashkenaz, Shabbat, Minha for Shabbat and Yom Tov 89",2114
"The Koren Shalem Siddur; Ashkenaz, Shabbat, Minha for Shabbat and Yom Tov 90",2115
"The Koren Shalem Siddur; Ashkenaz, Shabbat, Minha for Shabbat and Yom Tov 91",2116
"The Koren Shalem Siddur; Ashkenaz, Shabbat, Minha for Shabbat and Yom Tov 92",2117
"The Koren Shalem Siddur; Ashkenaz, Shabbat, Minha for Shabbat and Yom Tov 93",2118
"The Koren Shalem Siddur; Ashkenaz, Shabbat, Minha for Shabbat and Yom Tov 94",2119
"The Koren Shalem Siddur; Ashkenaz, Shabbat, Minha for Shabbat and Yom Tov 95",2120
"The Koren Shalem Siddur; Ashkenaz, Shabbat, Minha for Shabbat and Yom Tov 96",2121
"The Koren Shalem Siddur; Ashkenaz, Shabbat, Minha for Shabbat and Yom Tov 97",2122
"The Koren Shalem Siddur; Ashkenaz, Shabbat, Minha for Shabbat and Yom Tov 98",2123
"The Koren Shalem Siddur; Ashkenaz, Shabbat, Minha for Shabbat and Yom Tov 99",2124
"The Koren Shalem Siddur; Ashkenaz, Shabbat, Minha for Shabbat and Yom Tov 100",2125
"The Koren Shalem Siddur; Ashkenaz, Shabbat, Minha for Shabbat and Yom Tov 101",2126
"The Koren Shalem Siddur; Ashkenaz, Shabbat, Minha for Shabbat and Yom Tov 102",2127
"The Koren Shalem Siddur; Ashkenaz, Shabbat, Minha for Shabbat and Yom Tov 103",2128
"The Koren Shalem Siddur; Ashkenaz, Shabbat, Minha for Shabbat and Yom Tov 104",2129
"The Koren Shalem Siddur; Ashkenaz, Shabbat, Minha for Shabbat and Yom Tov 105",2130
"The Koren Shalem Siddur; Ashkenaz, Shabbat, Minha for Shabbat and Yom Tov 106",2131
"The Koren Shalem Siddur; Ashkenaz, Shabbat, Minha for Shabbat and Yom Tov 107",2132
"The Koren Shalem Siddur; Ashkenaz, Shabbat, Minha for Shabbat and Yom Tov 108",2133
"The Koren Shalem Siddur; Ashkenaz, Shabbat, Minha for Shabbat and Yom Tov 109",2134
"The Koren Shalem Siddur; Ashkenaz, Shabbat, Minha for Shabbat and Yom Tov 110",2135
"The Koren Shalem Siddur; Ashkenaz, Shabbat, Minha for Shabbat and Yom Tov 111",2136
"The Koren Shalem Siddur; Ashkenaz, Shabbat, Minha for Shabbat and Yom Tov 112",2137
"The Koren Shalem Siddur; Ashkenaz, Shabbat, Minha for Shabbat and Yom Tov 113",2138
"The Koren Shalem Siddur; Ashkenaz, Shabbat, Minha for Shabbat and Yom Tov 114",2139
"The Koren Shalem Siddur; Ashkenaz, Shabbat, Minha for Shabbat and Yom Tov 115",2140
"The Koren Shalem Siddur; Ashkenaz, Shabbat, Minha for Shabbat and Yom Tov 116",2141
"The Koren Shalem Siddur; Ashkenaz, Shabbat, Minha for Shabbat and Yom Tov 117",2142
"The Koren Shalem Siddur; Ashkenaz, Shabbat, Minha for Shabbat and Yom Tov 118",2143
"The Koren Shalem Siddur; Ashkenaz, Shabbat, Minha for Shabbat and Yom Tov 119",2144
"The Koren Shalem Siddur; Ashkenaz, Shabbat, Minha for Shabbat and Yom Tov 120",2145
"The Koren Shalem Siddur; Ashkenaz, Shabbat, Minha for Shabbat and Yom Tov 121",2146
"The Koren Shalem Siddur; Ashkenaz, Shabbat, Minha for Shabbat and Yom Tov 122",2147
"The Koren Shalem Siddur; Ashkenaz, Shabbat, Minha for Shabbat and Yom Tov 123",2148
"The Koren Shalem Siddur; Ashkenaz, Shabbat, Minha for Shabbat and Yom Tov 124",2149
"The Koren Shalem Siddur; Ashkenaz, Shabbat, Minha for Shabbat and Yom Tov 125",2150
"The Koren Shalem Siddur; Ashkenaz, Shabbat, Minha for Shabbat and Yom Tov 126",2151
"The Koren Shalem Siddur; Ashkenaz, Shabbat, Minha for Shabbat and Yom Tov 127",2152
"The Koren Shalem Siddur; Ashkenaz, Shabbat, Minha for Shabbat and Yom Tov 128",2153
"The Koren Shalem Siddur; Ashkenaz, Shabbat, Minha for Shabbat and Yom Tov 129",2154
"The Koren Shalem Siddur; Ashkenaz, Shabbat, Minha for Shabbat and Yom Tov 130",2155
"The Koren Shalem Siddur; Ashkenaz, Shabbat, Minha for Shabbat and Yom Tov 131",2156
"The Koren Shalem Siddur; Ashkenaz, Shabbat, Minha for Shabbat and Yom Tov 132",2157
"The Koren Shalem Siddur; Ashkenaz, Shabbat, Minha for Shabbat and Yom Tov 133",2158
"The Koren Shalem Siddur; Ashkenaz, Shabbat, Minha for Shabbat and Yom Tov 134",2159
"The Koren Shalem Siddur; Ashkenaz, Shabbat, Minha for Shabbat and Yom Tov 135",2160
"The Koren Shalem Siddur; Ashkenaz, Shabbat, Minha for Shabbat and Yom Tov 136",2161
"The Koren Shalem Siddur; Ashkenaz, Shabbat, Minha for Shabbat and Yom Tov 137",2162
"The Koren Shalem Siddur; Ashkenaz, Shabbat, Minha for Shabbat and Yom Tov 138",2163
"The Koren Shalem Siddur; Ashkenaz, Shabbat, Minha for Shabbat and Yom Tov 139",2164
"The Koren Shalem Siddur; Ashkenaz, Shabbat, Minha for Shabbat and Yom Tov 140",2165
"The Koren Shalem Siddur; Ashkenaz, Shabbat, Barekhi Nafshi 1",2167
"The Koren Shalem Siddur; Ashkenaz, Shabbat, Barekhi Nafshi 2",2168
"The Koren Shalem Siddur; Ashkenaz, Shabbat, Barekhi Nafshi 3",2169
"The Koren Shalem Siddur; Ashkenaz, Shabbat, Barekhi Nafshi 4",2170
"The Koren Shalem Siddur; Ashkenaz, Shabbat, Barekhi Nafshi 5",2171
"The Koren Shalem Siddur; Ashkenaz, Shabbat, Barekhi Nafshi 6",2172
"The Koren Shalem Siddur; Ashkenaz, Shabbat, Barekhi Nafshi 7",2173
"The Koren Shalem Siddur; Ashkenaz, Shabbat, Barekhi Nafshi 8",2174
"The Koren Shalem Siddur; Ashkenaz, Shabbat, Barekhi Nafshi 9",2175
"The Koren Shalem Siddur; Ashkenaz, Shabbat, Barekhi Nafshi 10",2176
"The Koren Shalem Siddur; Ashkenaz, Shabbat, Barekhi Nafshi 11",2177
"The Koren Shalem Siddur; Ashkenaz, Shabbat, Barekhi Nafshi 12",2178
"The Koren Shalem Siddur; Ashkenaz, Shabbat, Barekhi Nafshi 13",2179
"The Koren Shalem Siddur; Ashkenaz, Shabbat, Barekhi Nafshi 14",2180
"The Koren Shalem Siddur; Ashkenaz, Shabbat, Barekhi Nafshi 15",2181
"The Koren Shalem Siddur; Ashkenaz, Shabbat, Barekhi Nafshi 16",2182
"The Koren Shalem Siddur; Ashkenaz, Shabbat, Barekhi Nafshi 17",2183
"The Koren Shalem Siddur; Ashkenaz, Shabbat, Ethics of the Fathers 1:1",2186
"The Koren Shalem Siddur; Ashkenaz, Shabbat, Ethics of the Fathers 1:2",2187
"The Koren Shalem Siddur; Ashkenaz, Shabbat, Ethics of the Fathers 1:3",2188
"The Koren Shalem Siddur; Ashkenaz, Shabbat, Ethics of the Fathers 1:4",2189
"The Koren Shalem Siddur; Ashkenaz, Shabbat, Ethics of the Fathers 1:5",2190
"The Koren Shalem Siddur; Ashkenaz, Shabbat, Ethics of the Fathers 1:6",2191
"The Koren Shalem Siddur; Ashkenaz, Shabbat, Ethics of the Fathers 1:7",2192
"The Koren Shalem Siddur; Ashkenaz, Shabbat, Ethics of the Fathers 1:8",2193
"The Koren Shalem Siddur; Ashkenaz, Shabbat, Ethics of the Fathers 1:9",2194
"The Koren Shalem Siddur; Ashkenaz, Shabbat, Ethics of the Fathers 1:10",2195
"The Koren Shalem Siddur; Ashkenaz, Shabbat, Ethics of the Fathers 1:11",2196
"The Koren Shalem Siddur; Ashkenaz, Shabbat, Ethics of the Fathers 1:12",2197
"The Koren Shalem Siddur; Ashkenaz, Shabbat, Ethics of the Fathers 1:13",2198
"The Koren Shalem Siddur; Ashkenaz, Shabbat, Ethics of the Fathers 1:14",2199
"The Koren Shalem Siddur; Ashkenaz, Shabbat, Ethics of the Fathers 1:15",2200
"The Koren Shalem Siddur; Ashkenaz, Shabbat, Ethics of the Fathers 1:16",2201
"The Koren Shalem Siddur; Ashkenaz, Shabbat, Ethics of the Fathers 1:17",2202
"The Koren Shalem Siddur; Ashkenaz, Shabbat, Ethics of the Fathers 1:18",2203
"The Koren Shalem Siddur; Ashkenaz, Shabbat, Ethics of the Fathers 1:19",2204
"The Koren Shalem Siddur; Ashkenaz, Shabbat, Ethics of the Fathers 2:1",2206
"The Koren Shalem Siddur; Ashkenaz, Shabbat, Ethics of the Fathers 2:2",2207
"The Koren Shalem Siddur; Ashkenaz, Shabbat, Ethics of the Fathers 2:3",2208
"The Koren Shalem Siddur; Ashkenaz, Shabbat, Ethics of the Fathers 2:4",2209
"The Koren Shalem Siddur; Ashkenaz, Shabbat, Ethics of the Fathers 2:5",2210
"The Koren Shalem Siddur; Ashkenaz, Shabbat, Ethics of the Fathers 2:6",2211
"The Koren Shalem Siddur; Ashkenaz, Shabbat, Ethics of the Fathers 2:7",2212
"The Koren Shalem Siddur; Ashkenaz, Shabbat, Ethics of the Fathers 2:8",2213
"The Koren Shalem Siddur; Ashkenaz, Shabbat, Ethics of the Fathers 2:9",2214
"The Koren Shalem Siddur; Ashkenaz, Shabbat, Ethics of the Fathers 2:10",2215
"The Koren Shalem Siddur; Ashkenaz, Shabbat, Ethics of the Fathers 2:11",2216
"The Koren Shalem Siddur; Ashkenaz, Shabbat, Ethics of the Fathers 2:12",2217
"The Koren Shalem Siddur; Ashkenaz, Shabbat, Ethics of the Fathers 2:13",2218
"The Koren Shalem Siddur; Ashkenaz, Shabbat, Ethics of the Fathers 2:14",2219
"The Koren Shalem Siddur; Ashkenaz, Shabbat, Ethics of the Fathers 2:15",2220
"The Koren Shalem Siddur; Ashkenaz, Shabbat, Ethics of the Fathers 2:16",2221
"The Koren Shalem Siddur; Ashkenaz, Shabbat, Ethics of the Fathers 2:17",2222
"The Koren Shalem Siddur; Ashkenaz, Shabbat, Ethics of the Fathers 2:18",2223
"The Koren Shalem Siddur; Ashkenaz, Shabbat, Ethics of the Fathers 2:19",2224
"The Koren Shalem Siddur; Ashkenaz, Shabbat, Ethics of the Fathers 2:20",2225
"The Koren Shalem Siddur; Ashkenaz, Shabbat, Ethics of the Fathers 2:21",2226
"The Koren Shalem Siddur; Ashkenaz, Shabbat, Ethics of the Fathers 2:22",2227
"The Koren Shalem Siddur; Ashkenaz, Shabbat, Ethics of the Fathers 3:1",2229
"The Koren Shalem Siddur; Ashkenaz, Shabbat, Ethics of the Fathers 3:2",2230
"The Koren Shalem Siddur; Ashkenaz, Shabbat, Ethics of the Fathers 3:3",2231
"The Koren Shalem Siddur; Ashkenaz, Shabbat, Ethics of the Fathers 3:4",2232
"The Koren Shalem Siddur; Ashkenaz, Shabbat, Ethics of the Fathers 3:5",2233
"The Koren Shalem Siddur; Ashkenaz, Shabbat, Ethics of the Fathers 3:6",2234
"The Koren Shalem Siddur; Ashkenaz, Shabbat, Ethics of the Fathers 3:7",2235
"The Koren Shalem Siddur; Ashkenaz, Shabbat, Ethics of the Fathers 3:8",2236
"The Koren Shalem Siddur; Ashkenaz, Shabbat, Ethics of the Fathers 3:9",2237
"The Koren Shalem Siddur; Ashkenaz, Shabbat, Ethics of the Fathers 3:10",2238
"The Koren Shalem Siddur; Ashkenaz, Shabbat, Ethics of the Fathers 3:11",2239
"The Koren Shalem Siddur; Ashkenaz, Shabbat, Ethics of the Fathers 3:12",2240
"The Koren Shalem Siddur; Ashkenaz, Shabbat, Ethics of the Fathers 3:13",2241
"The Koren Shalem Siddur; Ashkenaz, Shabbat, Ethics of the Fathers 3:14",2242
"The Koren Shalem Siddur; Ashkenaz, Shabbat, Ethics of the Fathers 3:15",2243
"The Koren Shalem Siddur; Ashkenaz, Shabbat, Ethics of the Fathers 3:16",2244
"The Koren Shalem Siddur; Ashkenaz, Shabbat, Ethics of the Fathers 3:17",2245
"The Koren Shalem Siddur; Ashkenaz, Shabbat, Ethics of the Fathers 3:18",2246
"The Koren Shalem Siddur; Ashkenaz, Shabbat, Ethics of the Fathers 3:19",2247
"The Koren Shalem Siddur; Ashkenaz, Shabbat, Ethics of the Fathers 3:20",2248
"The Koren Shalem Siddur; Ashkenaz, Shabbat, Ethics of the Fathers 3:21",2249
"The Koren Shalem Siddur; Ashkenaz, Shabbat, Ethics of the Fathers 3:22",2250
"The Koren Shalem Siddur; Ashkenaz, Shabbat, Ethics of the Fathers 3:23",2251
"The Koren Shalem Siddur; Ashkenaz, Shabbat, Ethics of the Fathers 3:24",2252
"The Koren Shalem Siddur; Ashkenaz, Shabbat, Ethics of the Fathers 4:1",2254
"The Koren Shalem Siddur; Ashkenaz, Shabbat, Ethics of the Fathers 4:2",2255
"The Koren Shalem Siddur; Ashkenaz, Shabbat, Ethics of the Fathers 4:3",2256
"The Koren Shalem Siddur; Ashkenaz, Shabbat, Ethics of the Fathers 4:4",2257
"The Koren Shalem Siddur; Ashkenaz, Shabbat, Ethics of the Fathers 4:5",2258
"The Koren Shalem Siddur; Ashkenaz, Shabbat, Ethics of the Fathers 4:6",2259
"The Koren Shalem Siddur; Ashkenaz, Shabbat, Ethics of the Fathers 4:7",2260
"The Koren Shalem Siddur; Ashkenaz, Shabbat, Ethics of the Fathers 4:8",2261
"The Koren Shalem Siddur; Ashkenaz, Shabbat, Ethics of the Fathers 4:9",2262
"The Koren Shalem Siddur; Ashkenaz, Shabbat, Ethics of the Fathers 4:10",2263
"The Koren Shalem Siddur; Ashkenaz, Shabbat, Ethics of the Fathers 4:11",2264
"The Koren Shalem Siddur; Ashkenaz, Shabbat, Ethics of the Fathers 4:12",2265
"The Koren Shalem Siddur; Ashkenaz, Shabbat, Ethics of the Fathers 4:13",2266
"The Koren Shalem Siddur; Ashkenaz, Shabbat, Ethics of the Fathers 4:14",2267
"The Koren Shalem Siddur; Ashkenaz, Shabbat, Ethics of the Fathers 4:15",2268
"The Koren Shalem Siddur; Ashkenaz, Shabbat, Ethics of the Fathers 4:16",2269
"The Koren Shalem Siddur; Ashkenaz, Shabbat, Ethics of the Fathers 4:17",2270
"The Koren Shalem Siddur; Ashkenaz, Shabbat, Ethics of the Fathers 4:18",2271
"The Koren Shalem Siddur; Ashkenaz, Shabbat, Ethics of the Fathers 4:19",2272
"The Koren Shalem Siddur; Ashkenaz, Shabbat, Ethics of the Fathers 4:20",2273
"The Koren Shalem Siddur; Ashkenaz, Shabbat, Ethics of the Fathers 4:21",2274
"The Koren Shalem Siddur; Ashkenaz, Shabbat, Ethics of the Fathers 4:22",2275
"The Koren Shalem Siddur; Ashkenaz, Shabbat, Ethics of the Fathers 4:23",2276
"The Koren Shalem Siddur; Ashkenaz, Shabbat, Ethics of the Fathers 4:24",2277
"The Koren Shalem Siddur; Ashkenaz, Shabbat, Ethics of the Fathers 4:25",2278
"The Koren Shalem Siddur; Ashkenaz, Shabbat, Ethics of the Fathers 4:26",2279
"The Koren Shalem Siddur; Ashkenaz, Shabbat, Ethics of the Fathers 4:27",2280
"The Koren Shalem Siddur; Ashkenaz, Shabbat, Ethics of the Fathers 4:28",2281
"The Koren Shalem Siddur; Ashkenaz, Shabbat, Ethics of the Fathers 4:29",2282
"The Koren Shalem Siddur; Ashkenaz, Shabbat, Ethics of the Fathers 4:30",2283
"The Koren Shalem Siddur; Ashkenaz, Shabbat, Ethics of the Fathers 5:1",2285
"The Koren Shalem Siddur; Ashkenaz, Shabbat, Ethics of the Fathers 5:2",2286
"The Koren Shalem Siddur; Ashkenaz, Shabbat, Ethics of the Fathers 5:3",2287
"The Koren Shalem Siddur; Ashkenaz, Shabbat, Ethics of the Fathers 5:4",2288
"The Koren Shalem Siddur; Ashkenaz, Shabbat, Ethics of the Fathers 5:5",2289
"The Koren Shalem Siddur; Ashkenaz, Shabbat, Ethics of the Fathers 5:6",2290
"The Koren Shalem Siddur; Ashkenaz, Shabbat, Ethics of the Fathers 5:7",2291
"The Koren Shalem Siddur; Ashkenaz, Shabbat, Ethics of the Fathers 5:8",2292
"The Koren Shalem Siddur; Ashkenaz, Shabbat, Ethics of the Fathers 5:9",2293
"The Koren Shalem Siddur; Ashkenaz, Shabbat, Ethics of the Fathers 5:10",2294
"The Koren Shalem Siddur; Ashkenaz, Shabbat, Ethics of the Fathers 5:11",2295
"The Koren Shalem Siddur; Ashkenaz, Shabbat, Ethics of the Fathers 5:12",2296
"The Koren Shalem Siddur; Ashkenaz, Shabbat, Ethics of the Fathers 5:13",2297
"The Koren Shalem Siddur; Ashkenaz, Shabbat, Ethics of the Fathers 5:14",2298
"The Koren Shalem Siddur; Ashkenaz, Shabbat, Ethics of the Fathers 5:15",2299
"The Koren Shalem Siddur; Ashkenaz, Shabbat, Ethics of the Fathers 5:16",2300
"The Koren Shalem Siddur; Ashkenaz, Shabbat, Ethics of the Fathers 5:17",2301
"The Koren Shalem Siddur; Ashkenaz, Shabbat, Ethics of the Fathers 5:18",2302
"The Koren Shalem Siddur; Ashkenaz, Shabbat, Ethics of the Fathers 5:19",2303
"The Koren Shalem Siddur; Ashkenaz, Shabbat, Ethics of the Fathers 5:20",2304
"The Koren Shalem Siddur; Ashkenaz, Shabbat, Ethics of the Fathers 5:21",2305
"The Koren Shalem Siddur; Ashkenaz, Shabbat, Ethics of the Fathers 5:22",2306
"The Koren Shalem Siddur; Ashkenaz, Shabbat, Ethics of the Fathers 5:23",2307
"The Koren Shalem Siddur; Ashkenaz, Shabbat, Ethics of the Fathers 5:24",2308
"The Koren Shalem Siddur; Ashkenaz, Shabbat, Ethics of the Fathers 5:25",2309
"The Koren Shalem Siddur; Ashkenaz, Shabbat, Ethics of the Fathers 5:26",2310
"The Koren Shalem Siddur; Ashkenaz, Shabbat, Ethics of the Fathers 5:27",2311
"The Koren Shalem Siddur; Ashkenaz, Shabbat, Ethics of the Fathers 6:1",2313
"The Koren Shalem Siddur; Ashkenaz, Shabbat, Ethics of the Fathers 6:2",2314
"The Koren Shalem Siddur; Ashkenaz, Shabbat, Ethics of the Fathers 6:3",2315
"The Koren Shalem Siddur; Ashkenaz, Shabbat, Ethics of the Fathers 6:4",2316
"The Koren Shalem Siddur; Ashkenaz, Shabbat, Ethics of the Fathers 6:5",2317
"The Koren Shalem Siddur; Ashkenaz, Shabbat, Ethics of the Fathers 6:6",2318
"The Koren Shalem Siddur; Ashkenaz, Shabbat, Ethics of the Fathers 6:7",2319
"The Koren Shalem Siddur; Ashkenaz, Shabbat, Ethics of the Fathers 6:8",2320
"The Koren Shalem Siddur; Ashkenaz, Shabbat, Ethics of the Fathers 6:9",2321
"The Koren Shalem Siddur; Ashkenaz, Shabbat, Ethics of the Fathers 6:10",2322
"The Koren Shalem Siddur; Ashkenaz, Shabbat, Ethics of the Fathers 6:11",2323
"The Koren Shalem Siddur; Ashkenaz, Shabbat, Ethics of the Fathers 6:12",2324
"The Koren Shalem Siddur; Ashkenaz, Shabbat, Se'uda Shelishit for Shabbat 1",2326
"The Koren Shalem Siddur; Ashkenaz, Shabbat, Se'uda Shelishit for Shabbat 2",2327
"The Koren Shalem Siddur; Ashkenaz, Shabbat, Se'uda Shelishit for Shabbat 3",2328
"The Koren Shalem Siddur; Ashkenaz, Shabbat, Se'uda Shelishit for Shabbat 4",2329
"The Koren Shalem Siddur; Ashkenaz, Shabbat, Se'uda Shelishit for Shabbat 5",2330
"The Koren Shalem Siddur; Ashkenaz, Shabbat, Se'uda Shelishit for Shabbat 6",2331
"The Koren Shalem Siddur; Ashkenaz, Shabbat, Se'uda Shelishit for Shabbat 7",2332
"The Koren Shalem Siddur; Ashkenaz, Shabbat, Se'uda Shelishit for Shabbat 8",2333
"The Koren Shalem Siddur; Ashkenaz, Shabbat, Se'uda Shelishit for Shabbat 9",2334
"The Koren Shalem Siddur; Ashkenaz, Shabbat, Se'uda Shelishit for Shabbat 10",2335
"The Koren Shalem Siddur; Ashkenaz, Shabbat, Se'uda Shelishit for Shabbat 11",2336
"The Koren Shalem Siddur; Ashkenaz, Shabbat, Se'uda Shelishit for Shabbat 12",2337
"The Koren Shalem Siddur; Ashkenaz, Shabbat, Se'uda Shelishit for Shabbat 13",2338
"The Koren Shalem Siddur; Ashkenaz, Shabbat, Se'uda Shelishit for Shabbat 14",2339
"The Koren Shalem Siddur; Ashkenaz, Shabbat, Se'uda Shelishit for Shabbat 15",2340
"The Koren Shalem Siddur; Ashkenaz, Shabbat, Se'uda Shelishit for Shabbat 16",2341
"The Koren Shalem Siddur; Ashkenaz, Shabbat, Se'uda Shelishit for Shabbat 17",2342
"The Koren Shalem Siddur; Ashkenaz, Shabbat, Se'uda Shelishit for Shabbat 18",2343
"The Koren Shalem Siddur; Ashkenaz, Shabbat, Ma'ariv for Motza'ei Shabbat 1",2345
"The Koren Shalem Siddur; Ashkenaz, Shabbat, Ma'ariv for Motza'ei Shabbat 2",2346
"The Koren Shalem Siddur; Ashkenaz, Shabbat, Ma'ariv for Motza'ei Shabbat 3",2347
"The Koren Shalem Siddur; Ashkenaz, Shabbat, Ma'ariv for Motza'ei Shabbat 4",2348
"The Koren Shalem Siddur; Ashkenaz, Shabbat, Ma'ariv for Motza'ei Shabbat 5",2349
"The Koren Shalem Siddur; Ashkenaz, Shabbat, Ma'ariv for Motza'ei Shabbat 6",2350
"The Koren Shalem Siddur; Ashkenaz, Shabbat, Ma'ariv for Motza'ei Shabbat 7",2351
"The Koren Shalem Siddur; Ashkenaz, Shabbat, Ma'ariv for Motza'ei Shabbat 8",2352
"The Koren Shalem Siddur; Ashkenaz, Shabbat, Ma'ariv for Motza'ei Shabbat 9",2353
"The Koren Shalem Siddur; Ashkenaz, Shabbat, Ma'ariv for Motza'ei Shabbat 10",2354
"The Koren Shalem Siddur; Ashkenaz, Shabbat, Ma'ariv for Motza'ei Shabbat 11",2355
"The Koren Shalem Siddur; Ashkenaz, Shabbat, Ma'ariv for Motza'ei Shabbat 12",2356
"The Koren Shalem Siddur; Ashkenaz, Shabbat, Ma'ariv for Motza'ei Shabbat 13",2357
"The Koren Shalem Siddur; Ashkenaz, Shabbat, Ma'ariv for Motza'ei Shabbat 14",2358
"The Koren Shalem Siddur; Ashkenaz, Shabbat, Ma'ariv for Motza'ei Shabbat 15",2359
"The Koren Shalem Siddur; Ashkenaz, Shabbat, Ma'ariv for Motza'ei Shabbat 16",2360
"The Koren Shalem Siddur; Ashkenaz, Shabbat, Ma'ariv for Motza'ei Shabbat 17",2361
"The Koren Shalem Siddur; Ashkenaz, Shabbat, Ma'ariv for Motza'ei Shabbat 18",2362
"The Koren Shalem Siddur; Ashkenaz, Shabbat, Ma'ariv for Motza'ei Shabbat 19",2363
"The Koren Shalem Siddur; Ashkenaz, Shabbat, Ma'ariv for Motza'ei Shabbat 20",2364
"The Koren Shalem Siddur; Ashkenaz, Shabbat, Ma'ariv for Motza'ei Shabbat 21",2365
"The Koren Shalem Siddur; Ashkenaz, Shabbat, Ma'ariv for Motza'ei Shabbat 22",2366
"The Koren Shalem Siddur; Ashkenaz, Shabbat, Ma'ariv for Motza'ei Shabbat 23",2367
"The Koren Shalem Siddur; Ashkenaz, Shabbat, Ma'ariv for Motza'ei Shabbat 24",2368
"The Koren Shalem Siddur; Ashkenaz, Shabbat, Ma'ariv for Motza'ei Shabbat 25",2369
"The Koren Shalem Siddur; Ashkenaz, Shabbat, Ma'ariv for Motza'ei Shabbat 26",2370
"The Koren Shalem Siddur; Ashkenaz, Shabbat, Ma'ariv for Motza'ei Shabbat 27",2371
"The Koren Shalem Siddur; Ashkenaz, Shabbat, Ma'ariv for Motza'ei Shabbat 28",2372
"The Koren Shalem Siddur; Ashkenaz, Shabbat, Ma'ariv for Motza'ei Shabbat 29",2373
"The Koren Shalem Siddur; Ashkenaz, Shabbat, Ma'ariv for Motza'ei Shabbat 30",2374
"The Koren Shalem Siddur; Ashkenaz, Shabbat, Ma'ariv for Motza'ei Shabbat 31",2375
"The Koren Shalem Siddur; Ashkenaz, Shabbat, Ma'ariv for Motza'ei Shabbat 32",2376
"The Koren Shalem Siddur; Ashkenaz, Shabbat, Ma'ariv for Motza'ei Shabbat 33",2377
"The Koren Shalem Siddur; Ashkenaz, Shabbat, Ma'ariv for Motza'ei Shabbat 34",2378
"The Koren Shalem Siddur; Ashkenaz, Shabbat, Ma'ariv for Motza'ei Shabbat 35",2379
"The Koren Shalem Siddur; Ashkenaz, Shabbat, Ma'ariv for Motza'ei Shabbat 36",2380
"The Koren Shalem Siddur; Ashkenaz, Shabbat, Ma'ariv for Motza'ei Shabbat 37",2381
"The Koren Shalem Siddur; Ashkenaz, Shabbat, Ma'ariv for Motza'ei Shabbat 38",2382
"The Koren Shalem Siddur; Ashkenaz, Shabbat, Ma'ariv for Motza'ei Shabbat 39",2383
"The Koren Shalem Siddur; Ashkenaz, Shabbat, Ma'ariv for Motza'ei Shabbat 40",2384
"The Koren Shalem Siddur; Ashkenaz, Shabbat, Ma'ariv for Motza'ei Shabbat 41",2385
"The Koren Shalem Siddur; Ashkenaz, Shabbat, Ma'ariv for Motza'ei Shabbat 42",2386
"The Koren Shalem Siddur; Ashkenaz, Shabbat, Ma'ariv for Motza'ei Shabbat 43",2387
"The Koren Shalem Siddur; Ashkenaz, Shabbat, Ma'ariv for Motza'ei Shabbat 44",2388
"The Koren Shalem Siddur; Ashkenaz, Shabbat, Ma'ariv for Motza'ei Shabbat 45",2389
"The Koren Shalem Siddur; Ashkenaz, Shabbat, Ma'ariv for Motza'ei Shabbat 46",2390
"The Koren Shalem Siddur; Ashkenaz, Shabbat, Ma'ariv for Motza'ei Shabbat 47",2391
"The Koren Shalem Siddur; Ashkenaz, Shabbat, Ma'ariv for Motza'ei Shabbat 48",2392
"The Koren Shalem Siddur; Ashkenaz, Shabbat, Ma'ariv for Motza'ei Shabbat 49",2393
"The Koren Shalem Siddur; Ashkenaz, Shabbat, Ma'ariv for Motza'ei Shabbat 50",2394
"The Koren Shalem Siddur; Ashkenaz, Shabbat, Ma'ariv for Motza'ei Shabbat 51",2395
"The Koren Shalem Siddur; Ashkenaz, Shabbat, Ma'ariv for Motza'ei Shabbat 52",2396
"The Koren Shalem Siddur; Ashkenaz, Shabbat, Ma'ariv for Motza'ei Shabbat 53",2397
"The Koren Shalem Siddur; Ashkenaz, Shabbat, Ma'ariv for Motza'ei Shabbat 54",2398
"The Koren Shalem Siddur; Ashkenaz, Shabbat, Ma'ariv for Motza'ei Shabbat 55",2399
"The Koren Shalem Siddur; Ashkenaz, Shabbat, Ma'ariv for Motza'ei Shabbat 56",2400
"The Koren Shalem Siddur; Ashkenaz, Shabbat, Ma'ariv for Motza'ei Shabbat 57",2401
"The Koren Shalem Siddur; Ashkenaz, Shabbat, Ma'ariv for Motza'ei Shabbat 58",2402
"The Koren Shalem Siddur; Ashkenaz, Shabbat, Ma'ariv for Motza'ei Shabbat 59",2403
"The Koren Shalem Siddur; Ashkenaz, Shabbat, Ma'ariv for Motza'ei Shabbat 60",2404
"The Koren Shalem Siddur; Ashkenaz, Shabbat, Ma'ariv for Motza'ei Shabbat 61",2405
"The Koren Shalem Siddur; Ashkenaz, Shabbat, Ma'ariv for Motza'ei Shabbat 62",2406
"The Koren Shalem Siddur; Ashkenaz, Shabbat, Ma'ariv for Motza'ei Shabbat 63",2407
"The Koren Shalem Siddur; Ashkenaz, Shabbat, Ma'ariv for Motza'ei Shabbat 64",2408
"The Koren Shalem Siddur; Ashkenaz, Shabbat, Blessing of the New Moon 1",2410
"The Koren Shalem Siddur; Ashkenaz, Shabbat, Blessing of the New Moon 2",2411
"The Koren Shalem Siddur; Ashkenaz, Shabbat, Blessing of the New Moon 3",2412
"The Koren Shalem Siddur; Ashkenaz, Shabbat, Blessing of the New Moon 4",2413
"The Koren Shalem Siddur; Ashkenaz, Shabbat, Blessing of the New Moon 5",2414
"The Koren Shalem Siddur; Ashkenaz, Shabbat, Blessing of the New Moon 6",2415
"The Koren Shalem Siddur; Ashkenaz, Shabbat, Blessing of the New Moon 7",2416
"The Koren Shalem Siddur; Ashkenaz, Shabbat, Blessing of the New Moon 8",2417
"The Koren Shalem Siddur; Ashkenaz, Shabbat, Blessing of the New Moon 9",2418
"The Koren Shalem Siddur; Ashkenaz, Shabbat, Blessing of the New Moon 10",2419
"The Koren Shalem Siddur; Ashkenaz, Shabbat, Blessing of the New Moon 11",2420
"The Koren Shalem Siddur; Ashkenaz, Shabbat, Blessing of the New Moon 12",2421
"The Koren Shalem Siddur; Ashkenaz, Shabbat, Blessing of the New Moon 13",2422
"The Koren Shalem Siddur; Ashkenaz, Shabbat, Blessing of the New Moon 14",2423
"The Koren Shalem Siddur; Ashkenaz, Shabbat, Blessing of the New Moon 15",2424
"The Koren Shalem Siddur; Ashkenaz, Shabbat, Blessing of the New Moon 16",2425
"The Koren Shalem Siddur; Ashkenaz, Shabbat, Blessing of the New Moon 17",2426
"The Koren Shalem Siddur; Ashkenaz, Shabbat, Blessing of the New Moon 18",2427
"The Koren Shalem Siddur; Ashkenaz, Shabbat, Blessing of the New Moon 19",2428
"The Koren Shalem Siddur; Ashkenaz, Shabbat, Blessing of the New Moon 20",2429
"The Koren Shalem Siddur; Ashkenaz, Shabbat, Blessing of the New Moon 21",2430
"The Koren Shalem Siddur; Ashkenaz, Shabbat, Blessing of the New Moon 22",2431
"The Koren Shalem Siddur; Ashkenaz, Shabbat, Blessing of the New Moon 23",2432
"The Koren Shalem Siddur; Ashkenaz, Shabbat, Blessing of the New Moon 24",2433
"The Koren Shalem Siddur; Ashkenaz, Shabbat, Blessing of the New Moon 25",2434
"The Koren Shalem Siddur; Ashkenaz, Shabbat, Blessing of the New Moon 26",2435
"The Koren Shalem Siddur; Ashkenaz, Shabbat, Blessing of the New Moon 27",2436
"The Koren Shalem Siddur; Ashkenaz, Shabbat, Blessing of the New Moon 28",2437
"The Koren Shalem Siddur; Ashkenaz, Shabbat, Blessing of the New Moon 29",2438
"The Koren Shalem Siddur; Ashkenaz, Shabbat, Blessing of the New Moon 30",2439
"The Koren Shalem Siddur; Ashkenaz, Shabbat, Blessing of the New Moon 31",2440
"The Koren Shalem Siddur; Ashkenaz, Shabbat, Blessing of the New Moon 32",2441
"The Koren Shalem Siddur; Ashkenaz, Shabbat, Blessing of the New Moon 33",2442
"The Koren Shalem Siddur; Ashkenaz, Shabbat, Blessing of the New Moon 34",2443
"The Koren Shalem Siddur; Ashkenaz, Shabbat, Blessing of the New Moon 35",2444
"The Koren Shalem Siddur; Ashkenaz, Shabbat, Blessing of the New Moon 36",2445
"The Koren Shalem Siddur; Ashkenaz, Shabbat, Blessing of the New Moon 37",2446
"The Koren Shalem Siddur; Ashkenaz, Shabbat, Blessing of the New Moon 38",2447
"The Koren Shalem Siddur; Ashkenaz, Shabbat, Blessing of the New Moon 39",2448
"The Koren Shalem Siddur; Ashkenaz, Shabbat, Blessing of the New Moon 40",2449
"The Koren Shalem Siddur; Ashkenaz, Shabbat, Blessing of the New Moon 41",2450
"The Koren Shalem Siddur; Ashkenaz, Shabbat, Havdala at Home 1",2452
"The Koren Shalem Siddur; Ashkenaz, Shabbat, Havdala at Home 2",2453
"The Koren Shalem Siddur; Ashkenaz, Shabbat, Havdala at Home 3",2454
"The Koren Shalem Siddur; Ashkenaz, Shabbat, Havdala at Home 4",2455
"The Koren Shalem Siddur; Ashkenaz, Shabbat, Havdala at Home 5",2456
"The Koren Shalem Siddur; Ashkenaz, Shabbat, Havdala at Home 6",2457
"The Koren Shalem Siddur; Ashkenaz, Shabbat, Havdala at Home 7",2458
"The Koren Shalem Siddur; Ashkenaz, Shabbat, Havdala at Home 8",2459
"The Koren Shalem Siddur; Ashkenaz, Shabbat, Havdala at Home 9",2460
"The Koren Shalem Siddur; Ashkenaz, Shabbat, Havdala at Home 10",2461
"The Koren Shalem Siddur; Ashkenaz, Shabbat, Havdala at Home 11",2462
"The Koren Shalem Siddur; Ashkenaz, Shabbat, Havdala at Home 12",2463
"The Koren Shalem Siddur; Ashkenaz, Shabbat, Havdala at Home 13",2464
"The Koren Shalem Siddur; Ashkenaz, Shabbat, Havdala at Home 14",2465
"The Koren Shalem Siddur; Ashkenaz, Shabbat, Havdala at Home 15",2466
"The Koren Shalem Siddur; Ashkenaz, Shabbat, Havdala at Home 16",2467
"The Koren Shalem Siddur; Ashkenaz, Shabbat, Havdala at Home 17",2468
"The Koren Shalem Siddur; Ashkenaz, Shabbat, Havdala at Home 18",2469
"The Koren Shalem Siddur; Ashkenaz, Shabbat, Havdala at Home 19",2470
"The Koren Shalem Siddur; Ashkenaz, Shabbat, Havdala at Home 20",2471
"The Koren Shalem Siddur; Ashkenaz, Shabbat, Havdala at Home 21",2472
"The Koren Shalem Siddur; Ashkenaz, Shabbat, Havdala at Home 22",2473
"The Koren Shalem Siddur; Ashkenaz, Festivals, Blessing on Taking the Lulav 1",2476
"The Koren Shalem Siddur; Ashkenaz, Festivals, Blessing on Taking the Lulav 2",2477
"The Koren Shalem Siddur; Ashkenaz, Festivals, Blessing on Taking the Lulav 3",2478
"The Koren Shalem Siddur; Ashkenaz, Festivals, Blessing on Taking the Lulav 4",2479
"The Koren Shalem Siddur; Ashkenaz, Festivals, Blessing on Taking the Lulav 5",2480
"The Koren Shalem Siddur; Ashkenaz, Festivals, Blessing on Taking the Lulav 6",2481
"The Koren Shalem Siddur; Ashkenaz, Festivals, Blessing on Taking the Lulav 7",2482
"The Koren Shalem Siddur; Ashkenaz, Festivals, Hallel 1",2484
"The Koren Shalem Siddur; Ashkenaz, Festivals, Hallel 2",2485
"The Koren Shalem Siddur; Ashkenaz, Festivals, Hallel 3",2486
"The Koren Shalem Siddur; Ashkenaz, Festivals, Hallel 4",2487
"The Koren Shalem Siddur; Ashkenaz, Festivals, Hallel 5",2488
"The Koren Shalem Siddur; Ashkenaz, Festivals, Hallel 6",2489
"The Koren Shalem Siddur; Ashkenaz, Festivals, Hallel 7",2490
"The Koren Shalem Siddur; Ashkenaz, Festivals, Hallel 8",2491
"The Koren Shalem Siddur; Ashkenaz, Festivals, Hallel 9",2492
"The Koren Shalem Siddur; Ashkenaz, Festivals, Hallel 10",2493
"The Koren Shalem Siddur; Ashkenaz, Festivals, Hallel 11",2494
"The Koren Shalem Siddur; Ashkenaz, Festivals, Hallel 12",2495
"The Koren Shalem Siddur; Ashkenaz, Festivals, Hallel 13",2496
"The Koren Shalem Siddur; Ashkenaz, Festivals, Hallel 14",2497
"The Koren Shalem Siddur; Ashkenaz, Festivals, Hallel 15",2498
"The Koren Shalem Siddur; Ashkenaz, Festivals, Hallel 16",2499
"The Koren Shalem Siddur; Ashkenaz, Festivals, Hallel 17",2500
"The Koren Shalem Siddur; Ashkenaz, Festivals, Hallel 18",2501
"The Koren Shalem Siddur; Ashkenaz, Festivals, Hallel 19",2502
"The Koren Shalem Siddur; Ashkenaz, Festivals, Hallel 20",2503
"The Koren Shalem Siddur; Ashkenaz, Festivals, Hallel 21",2504
"The Koren Shalem Siddur; Ashkenaz, Festivals, Hallel 22",2505
"The Koren Shalem Siddur; Ashkenaz, Festivals, Hallel 23",2506
"The Koren Shalem Siddur; Ashkenaz, Festivals, Hallel 24",2507
"The Koren Shalem Siddur; Ashkenaz, Festivals, Hallel 25",2508
"The Koren Shalem Siddur; Ashkenaz, Festivals, Hallel 26",2509
"The Koren Shalem Siddur; Ashkenaz, Festivals, Hallel 27",2510
"The Koren Shalem Siddur; Ashkenaz, Festivals, Hallel 28",2511
"The Koren Shalem Siddur; Ashkenaz, Festivals, Hallel 29",2512
"The Koren Shalem Siddur; Ashkenaz, Festivals, Hallel 30",2513
"The Koren Shalem Siddur; Ashkenaz, Festivals, Hallel 31",2514
"The Koren Shalem Siddur; Ashkenaz, Festivals, Hallel 32",2515
"The Koren Shalem Siddur; Ashkenaz, Festivals, Hallel 33",2516
"The Koren Shalem Siddur; Ashkenaz, Festivals, Hallel 34",2517
"The Koren Shalem Siddur; Ashkenaz, Festivals, Hallel 35",2518
"The Koren Shalem Siddur; Ashkenaz, Festivals, Hallel 36",2519
"The Koren Shalem Siddur; Ashkenaz, Festivals, Hallel 37",2520
"The Koren Shalem Siddur; Ashkenaz, Festivals, Hallel 38",2521
"The Koren Shalem Siddur; Ashkenaz, Festivals, Hallel 39",2522
"The Koren Shalem Siddur; Ashkenaz, Festivals, Hallel 40",2523
"The Koren Shalem Siddur; Ashkenaz, Festivals, Hallel 41",2524
"The Koren Shalem Siddur; Ashkenaz, Festivals, Hallel 42",2525
"The Koren Shalem Siddur; Ashkenaz, Festivals, Hallel 43",2526
"The Koren Shalem Siddur; Ashkenaz, Festivals, Hallel 44",2527
"The Koren Shalem Siddur; Ashkenaz, Festivals, Musaf for Rosh Hodesh 1",2529
"The Koren Shalem Siddur; Ashkenaz, Festivals, Musaf for Rosh Hodesh 2",2530
"The Koren Shalem Siddur; Ashkenaz, Festivals, Musaf for Rosh Hodesh 3",2531
"The Koren Shalem Siddur; Ashkenaz, Festivals, Musaf for Rosh Hodesh 4",2532
"The Koren Shalem Siddur; Ashkenaz, Festivals, Musaf for Rosh Hodesh 5",2533
"The Koren Shalem Siddur; Ashkenaz, Festivals, Musaf for Rosh Hodesh 6",2534
"The Koren Shalem Siddur; Ashkenaz, Festivals, Musaf for Rosh Hodesh 7",2535
"The Koren Shalem Siddur; Ashkenaz, Festivals, Musaf for Rosh Hodesh 8",2536
"The Koren Shalem Siddur; Ashkenaz, Festivals, Musaf for Rosh Hodesh 9",2537
"The Koren Shalem Siddur; Ashkenaz, Festivals, Musaf for Rosh Hodesh 10",2538
"The Koren Shalem Siddur; Ashkenaz, Festivals, Musaf for Rosh Hodesh 11",2539
"The Koren Shalem Siddur; Ashkenaz, Festivals, Musaf for Rosh Hodesh 12",2540
"The Koren Shalem Siddur; Ashkenaz, Festivals, Musaf for Rosh Hodesh 13",2541
"The Koren Shalem Siddur; Ashkenaz, Festivals, Musaf for Rosh Hodesh 14",2542
"The Koren Shalem Siddur; Ashkenaz, Festivals, Musaf for Rosh Hodesh 15",2543
"The Koren Shalem Siddur; Ashkenaz, Festivals, Musaf for Rosh Hodesh 16",2544
"The Koren Shalem Siddur; Ashkenaz, Festivals, Musaf for Rosh Hodesh 17",2545
"The Koren Shalem Siddur; Ashkenaz, Festivals, Musaf for Rosh Hodesh 18",2546
"The Koren Shalem Siddur; Ashkenaz, Festivals, Musaf for Rosh Hodesh 19",2547
"The Koren Shalem Siddur; Ashkenaz, Festivals, Musaf for Rosh Hodesh 20",2548
"The Koren Shalem Siddur; Ashkenaz, Festivals, Musaf for Rosh Hodesh 21",2549
"The Koren Shalem Siddur; Ashkenaz, Festivals, Musaf for Rosh Hodesh 22",2550
"The Koren Shalem Siddur; Ashkenaz, Festivals, Musaf for Rosh Hodesh 23",2551
"The Koren Shalem Siddur; Ashkenaz, Festivals, Musaf for Rosh Hodesh 24",2552
"The Koren Shalem Siddur; Ashkenaz, Festivals, Musaf for Rosh Hodesh 25",2553
"The Koren Shalem Siddur; Ashkenaz, Festivals, Musaf for Rosh Hodesh 26",2554
"The Koren Shalem Siddur; Ashkenaz, Festivals, Musaf for Rosh Hodesh 27",2555
"The Koren Shalem Siddur; Ashkenaz, Festivals, Musaf for Rosh Hodesh 28",2556
"The Koren Shalem Siddur; Ashkenaz, Festivals, Musaf for Rosh Hodesh 29",2557
"The Koren Shalem Siddur; Ashkenaz, Festivals, Musaf for Rosh Hodesh 30",2558
"The Koren Shalem Siddur; Ashkenaz, Festivals, Musaf for Rosh Hodesh 31",2559
"The Koren Shalem Siddur; Ashkenaz, Festivals, Musaf for Rosh Hodesh 32",2560
"The Koren Shalem Siddur; Ashkenaz, Festivals, Musaf for Rosh Hodesh 33",2561
"The Koren Shalem Siddur; Ashkenaz, Festivals, Musaf for Rosh Hodesh 34",2562
"The Koren Shalem Siddur; Ashkenaz, Festivals, Musaf for Rosh Hodesh 35",2563
"The Koren Shalem Siddur; Ashkenaz, Festivals, Musaf for Rosh Hodesh 36",2564
"The Koren Shalem Siddur; Ashkenaz, Festivals, Musaf for Rosh Hodesh 37",2565
"The Koren Shalem Siddur; Ashkenaz, Festivals, Musaf for Rosh Hodesh 38",2566
"The Koren Shalem Siddur; Ashkenaz, Festivals, Musaf for Rosh Hodesh 39",2567
"The Koren Shalem Siddur; Ashkenaz, Festivals, Musaf for Rosh Hodesh 40",2568
"The Koren Shalem Siddur; Ashkenaz, Festivals, Musaf for Rosh Hodesh 41",2569
"The Koren Shalem Siddur; Ashkenaz, Festivals, Musaf for Rosh Hodesh 42",2570
"The Koren Shalem Siddur; Ashkenaz, Festivals, Musaf for Rosh Hodesh 43",2571
"The Koren Shalem Siddur; Ashkenaz, Festivals, Musaf for Rosh Hodesh 44",2572
"The Koren Shalem Siddur; Ashkenaz, Festivals, Musaf for Rosh Hodesh 45",2573
"The Koren Shalem Siddur; Ashkenaz, Festivals, Musaf for Rosh Hodesh 46",2574
"The Koren Shalem Siddur; Ashkenaz, Festivals, Musaf for Rosh Hodesh 47",2575
"The Koren Shalem Siddur; Ashkenaz, Festivals, Musaf for Rosh Hodesh 48",2576
"The Koren Shalem Siddur; Ashkenaz, Festivals, Musaf for Rosh Hodesh 49",2577
"The Koren Shalem Siddur; Ashkenaz, Festivals, Musaf for Rosh Hodesh 50",2578
"The Koren Shalem Siddur; Ashkenaz, Festivals, Musaf for Rosh Hodesh 51",2579
"The Koren Shalem Siddur; Ashkenaz, Festivals, Musaf for Rosh Hodesh 52",2580
"The Koren Shalem Siddur; Ashkenaz, Festivals, Musaf for Rosh Hodesh 53",2581
"The Koren Shalem Siddur; Ashkenaz, Festivals, Removal of Hametz 1",2583
"The Koren Shalem Siddur; Ashkenaz, Festivals, Removal of Hametz 2",2584
"The Koren Shalem Siddur; Ashkenaz, Festivals, Removal of Hametz 3",2585
"The Koren Shalem Siddur; Ashkenaz, Festivals, Removal of Hametz 4",2586
"The Koren Shalem Siddur; Ashkenaz, Festivals, Removal of Hametz 5",2587
"The Koren Shalem Siddur; Ashkenaz, Festivals, Removal of Hametz 6",2588
"The Koren Shalem Siddur; Ashkenaz, Festivals, Removal of Hametz 7",2589
"The Koren Shalem Siddur; Ashkenaz, Festivals, Eiruv Tavshilin 1",2591
"The Koren Shalem Siddur; Ashkenaz, Festivals, Eiruv Tavshilin 2",2592
"The Koren Shalem Siddur; Ashkenaz, Festivals, Eiruv Tavshilin 3",2593
"The Koren Shalem Siddur; Ashkenaz, Festivals, Kiddush for Yom Tov Evening 1",2595
"The Koren Shalem Siddur; Ashkenaz, Festivals, Kiddush for Yom Tov Evening 2",2596
"The Koren Shalem Siddur; Ashkenaz, Festivals, Kiddush for Yom Tov Evening 3",2597
"The Koren Shalem Siddur; Ashkenaz, Festivals, Kiddush for Yom Tov Evening 4",2598
"The Koren Shalem Siddur; Ashkenaz, Festivals, Kiddush for Yom Tov Evening 5",2599
"The Koren Shalem Siddur; Ashkenaz, Festivals, Kiddush for Yom Tov Evening 6",2600
"The Koren Shalem Siddur; Ashkenaz, Festivals, Kiddush for Yom Tov Evening 7",2601
"The Koren Shalem Siddur; Ashkenaz, Festivals, Kiddush for Yom Tov Evening 8",2602
"The Koren Shalem Siddur; Ashkenaz, Festivals, Kiddush for Yom Tov Evening 9",2603
"The Koren Shalem Siddur; Ashkenaz, Festivals, Kiddush for Yom Tov Evening 10",2604
"The Koren Shalem Siddur; Ashkenaz, Festivals, Kiddush for Yom Tov Evening 11",2605
"The Koren Shalem Siddur; Ashkenaz, Festivals, Kiddush for Yom Tov Evening 12",2606
"The Koren Shalem Siddur; Ashkenaz, Festivals, Kiddush for Yom Tov Evening 13",2607
"The Koren Shalem Siddur; Ashkenaz, Festivals, Kiddush for Yom Tov Evening 14",2608
"The Koren Shalem Siddur; Ashkenaz, Festivals, Kiddush for Yom Tov Evening 15",2609
"The Koren Shalem Siddur; Ashkenaz, Festivals, Kiddush for Yom Tov Evening 16",2610
"The Koren Shalem Siddur; Ashkenaz, Festivals, On Entering the Sukka 1",2612
"The Koren Shalem Siddur; Ashkenaz, Festivals, On Entering the Sukka 2",2613
"The Koren Shalem Siddur; Ashkenaz, Festivals, On Entering the Sukka 3",2614
"The Koren Shalem Siddur; Ashkenaz, Festivals, On Entering the Sukka 4",2615
"The Koren Shalem Siddur; Ashkenaz, Festivals, On Entering the Sukka 5",2616
"The Koren Shalem Siddur; Ashkenaz, Festivals, On Entering the Sukka 6",2617
"The Koren Shalem Siddur; Ashkenaz, Festivals, On Entering the Sukka 7",2618
"The Koren Shalem Siddur; Ashkenaz, Festivals, On Entering the Sukka 8",2619
"The Koren Shalem Siddur; Ashkenaz, Festivals, On Entering the Sukka 9",2620
"The Koren Shalem Siddur; Ashkenaz, Festivals, On Entering the Sukka 10",2621
"The Koren Shalem Siddur; Ashkenaz, Festivals, On Entering the Sukka 11",2622
"The Koren Shalem Siddur; Ashkenaz, Festivals, On Entering the Sukka 12",2623
"The Koren Shalem Siddur; Ashkenaz, Festivals, On Entering the Sukka 13",2624
"The Koren Shalem Siddur; Ashkenaz, Festivals, On Entering the Sukka 14",2625
"The Koren Shalem Siddur; Ashkenaz, Festivals, Kiddush for Yom Tov Morning 1",2628
"The Koren Shalem Siddur; Ashkenaz, Festivals, Kiddush for Yom Tov Morning 2",2629
"The Koren Shalem Siddur; Ashkenaz, Festivals, Kiddush for Yom Tov Morning 3",2630
"The Koren Shalem Siddur; Ashkenaz, Festivals, Kiddush for Yom Tov Morning 4",2631
"The Koren Shalem Siddur; Ashkenaz, Festivals, Kiddush for Yom Tov Morning 5",2632
"The Koren Shalem Siddur; Ashkenaz, Festivals, Kiddush for Yom Tov Morning 6",2633
"The Koren Shalem Siddur; Ashkenaz, Festivals, Kiddush for Yom Tov Morning 7",2634
"The Koren Shalem Siddur; Ashkenaz, Festivals, Kiddush for Yom Tov Morning 8",2635
"The Koren Shalem Siddur; Ashkenaz, Festivals, Kiddush for Yom Tov Morning 9",2636
"The Koren Shalem Siddur; Ashkenaz, Festivals, Kiddush for Yom Tov Morning 10",2637
"The Koren Shalem Siddur; Ashkenaz, Festivals, Kiddush for Yom Tov Morning 11",2638
"The Koren Shalem Siddur; Ashkenaz, Festivals, Kiddush for Yom Tov Morning 12",2639
"The Koren Shalem Siddur; Ashkenaz, Festivals, Amida for Yom Tov 1",2641
"The Koren Shalem Siddur; Ashkenaz, Festivals, Amida for Yom Tov 2",2642
"The Koren Shalem Siddur; Ashkenaz, Festivals, Amida for Yom Tov 3",2643
"The Koren Shalem Siddur; Ashkenaz, Festivals, Amida for Yom Tov 4",2644
"The Koren Shalem Siddur; Ashkenaz, Festivals, Amida for Yom Tov 5",2645
"The Koren Shalem Siddur; Ashkenaz, Festivals, Amida for Yom Tov 6",2646
"The Koren Shalem Siddur; Ashkenaz, Festivals, Amida for Yom Tov 7",2647
"The Koren Shalem Siddur; Ashkenaz, Festivals, Amida for Yom Tov 8",2648
"The Koren Shalem Siddur; Ashkenaz, Festivals, Amida for Yom Tov 9",2649
"The Koren Shalem Siddur; Ashkenaz, Festivals, Amida for Yom Tov 10",2650
"The Koren Shalem Siddur; Ashkenaz, Festivals, Amida for Yom Tov 11",2651
"The Koren Shalem Siddur; Ashkenaz, Festivals, Amida for Yom Tov 12",2652
"The Koren Shalem Siddur; Ashkenaz, Festivals, Amida for Yom Tov 13",2653
"The Koren Shalem Siddur; Ashkenaz, Festivals, Amida for Yom Tov 14",2654
"The Koren Shalem Siddur; Ashkenaz, Festivals, Amida for Yom Tov 15",2655
"The Koren Shalem Siddur; Ashkenaz, Festivals, Amida for Yom Tov 16",2656
"The Koren Shalem Siddur; Ashkenaz, Festivals, Amida for Yom Tov 17",2657
"The Koren Shalem Siddur; Ashkenaz, Festivals, Amida for Yom Tov 18",2658
"The Koren Shalem Siddur; Ashkenaz, Festivals, Amida for Yom Tov 19",2659
"The Koren Shalem Siddur; Ashkenaz, Festivals, Amida for Yom Tov 20",2660
"The Koren Shalem Siddur; Ashkenaz, Festivals, Amida for Yom Tov 21",2661
"The Koren Shalem Siddur; Ashkenaz, Festivals, Amida for Yom Tov 22",2662
"The Koren Shalem Siddur; Ashkenaz, Festivals, Amida for Yom Tov 23",2663
"The Koren Shalem Siddur; Ashkenaz, Festivals, Amida for Yom Tov 24",2664
"The Koren Shalem Siddur; Ashkenaz, Festivals, Amida for Yom Tov 25",2665
"The Koren Shalem Siddur; Ashkenaz, Festivals, Amida for Yom Tov 26",2666
"The Koren Shalem Siddur; Ashkenaz, Festivals, Amida for Yom Tov 27",2667
"The Koren Shalem Siddur; Ashkenaz, Festivals, Amida for Yom Tov 28",2668
"The Koren Shalem Siddur; Ashkenaz, Festivals, Amida for Yom Tov 29",2669
"The Koren Shalem Siddur; Ashkenaz, Festivals, Amida for Yom Tov 30",2670
"The Koren Shalem Siddur; Ashkenaz, Festivals, Amida for Yom Tov 31",2671
"The Koren Shalem Siddur; Ashkenaz, Festivals, Amida for Yom Tov 32",2672
"The Koren Shalem Siddur; Ashkenaz, Festivals, Amida for Yom Tov 33",2673
"The Koren Shalem Siddur; Ashkenaz, Festivals, Amida for Yom Tov 34",2674
"The Koren Shalem Siddur; Ashkenaz, Festivals, Amida for Yom Tov 35",2675
"The Koren Shalem Siddur; Ashkenaz, Festivals, Amida for Yom Tov 36",2676
"The Koren Shalem Siddur; Ashkenaz, Festivals, Amida for Yom Tov 37",2677
"The Koren Shalem Siddur; Ashkenaz, Festivals, Amida for Yom Tov 38",2678
"The Koren Shalem Siddur; Ashkenaz, Festivals, Amida for Yom Tov 39",2679
"The Koren Shalem Siddur; Ashkenaz, Festivals, Amida for Yom Tov 40",2680
"The Koren Shalem Siddur; Ashkenaz, Festivals, Amida for Yom Tov 41",2681
"The Koren Shalem Siddur; Ashkenaz, Festivals, Amida for Yom Tov 42",2682
"The Koren Shalem Siddur; Ashkenaz, Festivals, Amida for Yom Tov 43",2683
"The Koren Shalem Siddur; Ashkenaz, Festivals, Amida for Yom Tov 44",2684
"The Koren Shalem Siddur; Ashkenaz, Festivals, Amida for Yom Tov 45",2685
"The Koren Shalem Siddur; Ashkenaz, Festivals, Amida for Yom Tov 46",2686
"The Koren Shalem Siddur; Ashkenaz, Festivals, Amida for Yom Tov 47",2687
"The Koren Shalem Siddur; Ashkenaz, Festivals, Amida for Yom Tov 48",2688
"The Koren Shalem Siddur; Ashkenaz, Festivals, Amida for Yom Tov 49",2689
"The Koren Shalem Siddur; Ashkenaz, Festivals, Amida for Yom Tov 50",2690
"The Koren Shalem Siddur; Ashkenaz, Festivals, Amida for Yom Tov 51",2691
"The Koren Shalem Siddur; Ashkenaz, Festivals, Amida for Yom Tov 52",2692
"The Koren Shalem Siddur; Ashkenaz, Festivals, Amida for Yom Tov 53",2693
"The Koren Shalem Siddur; Ashkenaz, Festivals, Amida for Yom Tov 54",2694
"The Koren Shalem Siddur; Ashkenaz, Festivals, Amida for Yom Tov 55",2695
"The Koren Shalem Siddur; Ashkenaz, Festivals, Amida for Yom Tov 56",2696
"The Koren Shalem Siddur; Ashkenaz, Festivals, Amida for Yom Tov 57",2697
"The Koren Shalem Siddur; Ashkenaz, Festivals, Amida for Yom Tov 58",2698
"The Koren Shalem Siddur; Ashkenaz, Festivals, Amida for Yom Tov 59",2699
"The Koren Shalem Siddur; Ashkenaz, Festivals, Amida for Yom Tov 60",2700
"The Koren Shalem Siddur; Ashkenaz, Festivals, Amida for Yom Tov 61",2701
"The Koren Shalem Siddur; Ashkenaz, Festivals, Amida for Yom Tov 62",2702
"The Koren Shalem Siddur; Ashkenaz, Festivals, Amida for Yom Tov 63",2703
"The Koren Shalem Siddur; Ashkenaz, Festivals, Hakafot for Simhat Torah 1",2705
"The Koren Shalem Siddur; Ashkenaz, Festivals, Hakafot for Simhat Torah 2",2706
"The Koren Shalem Siddur; Ashkenaz, Festivals, Hakafot for Simhat Torah 3",2707
"The Koren Shalem Siddur; Ashkenaz, Festivals, Hakafot for Simhat Torah 4",2708
"The Koren Shalem Siddur; Ashkenaz, Festivals, Hakafot for Simhat Torah 5",2709
"The Koren Shalem Siddur; Ashkenaz, Festivals, Hakafot for Simhat Torah 6",2710
"The Koren Shalem Siddur; Ashkenaz, Festivals, Hakafot for Simhat Torah 7",2711
"The Koren Shalem Siddur; Ashkenaz, Festivals, Hakafot for Simhat Torah 8",2712
"The Koren Shalem Siddur; Ashkenaz, Festivals, Hakafot for Simhat Torah 9",2713
"The Koren Shalem Siddur; Ashkenaz, Festivals, Hakafot for Simhat Torah 10",2714
"The Koren Shalem Siddur; Ashkenaz, Festivals, Hakafot for Simhat Torah 11",2715
"The Koren Shalem Siddur; Ashkenaz, Festivals, Hakafot for Simhat Torah 12",2716
"The Koren Shalem Siddur; Ashkenaz, Festivals, Hakafot for Simhat Torah 13",2717
"The Koren Shalem Siddur; Ashkenaz, Festivals, Hakafot for Simhat Torah 14",2718
"The Koren Shalem Siddur; Ashkenaz, Festivals, Hakafot for Simhat Torah 15",2719
"The Koren Shalem Siddur; Ashkenaz, Festivals, Hakafot for Simhat Torah 16",2720
"The Koren Shalem Siddur; Ashkenaz, Festivals, Hakafot for Simhat Torah 17",2721
"The Koren Shalem Siddur; Ashkenaz, Festivals, Hakafot for Simhat Torah 18",2722
"The Koren Shalem Siddur; Ashkenaz, Festivals, Hakafot for Simhat Torah 19",2723
"The Koren Shalem Siddur; Ashkenaz, Festivals, Hakafot for Simhat Torah 20",2724
"The Koren Shalem Siddur; Ashkenaz, Festivals, Hakafot for Simhat Torah 21",2725
"The Koren Shalem Siddur; Ashkenaz, Festivals, Hakafot for Simhat Torah 22",2726
"The Koren Shalem Siddur; Ashkenaz, Festivals, Hakafot for Simhat Torah 23",2727
"The Koren Shalem Siddur; Ashkenaz, Festivals, Hakafot for Simhat Torah 24",2728
"The Koren Shalem Siddur; Ashkenaz, Festivals, Hakafot for Simhat Torah 25",2729
"The Koren Shalem Siddur; Ashkenaz, Festivals, Hakafot for Simhat Torah 26",2730
"The Koren Shalem Siddur; Ashkenaz, Festivals, Hakafot for Simhat Torah 27",2731
"The Koren Shalem Siddur; Ashkenaz, Festivals, Hakafot for Simhat Torah 28",2732
"The Koren Shalem Siddur; Ashkenaz, Festivals, Hakafot for Simhat Torah 29",2733
"The Koren Shalem Siddur; Ashkenaz, Festivals, Hakafot for Simhat Torah 30",2734
"The Koren Shalem Siddur; Ashkenaz, Festivals, Hakafot for Simhat Torah 31",2735
"The Koren Shalem Siddur; Ashkenaz, Festivals, Hakafot for Simhat Torah 32",2736
"The Koren Shalem Siddur; Ashkenaz, Festivals, Hakafot for Simhat Torah 33",2737
"The Koren Shalem Siddur; Ashkenaz, Festivals, Hakafot for Simhat Torah 34",2738
"The Koren Shalem Siddur; Ashkenaz, Festivals, Hakafot for Simhat Torah 35",2739
"The Koren Shalem Siddur; Ashkenaz, Festivals, Hakafot for Simhat Torah 36",2740
"The Koren Shalem Siddur; Ashkenaz, Festivals, Hakafot for Simhat Torah 37",2741
"The Koren Shalem Siddur; Ashkenaz, Festivals, Akdamut 1",2743
"The Koren Shalem Siddur; Ashkenaz, Festivals, Akdamut 2",2744
"The Koren Shalem Siddur; Ashkenaz, Festivals, Akdamut 3",2745
"The Koren Shalem Siddur; Ashkenaz, Festivals, Akdamut 4",2746
"The Koren Shalem Siddur; Ashkenaz, Festivals, Akdamut 5",2747
"The Koren Shalem Siddur; Ashkenaz, Festivals, Akdamut 6",2748
"The Koren Shalem Siddur; Ashkenaz, Festivals, Akdamut 7",2749
"The Koren Shalem Siddur; Ashkenaz, Festivals, Akdamut 8",2750
"The Koren Shalem Siddur; Ashkenaz, Festivals, Akdamut 9",2751
"The Koren Shalem Siddur; Ashkenaz, Festivals, Akdamut 10",2752
"The Koren Shalem Siddur; Ashkenaz, Festivals, Akdamut 11",2753
"The Koren Shalem Siddur; Ashkenaz, Festivals, Akdamut 12",2754
"The Koren Shalem Siddur; Ashkenaz, Festivals, Akdamut 13",2755
"The Koren Shalem Siddur; Ashkenaz, Festivals, Akdamut 14",2756
"The Koren Shalem Siddur; Ashkenaz, Festivals, Akdamut 15",2757
"The Koren Shalem Siddur; Ashkenaz, Festivals, Akdamut 16",2758
"The Koren Shalem Siddur; Ashkenaz, Festivals, Akdamut 17",2759
"The Koren Shalem Siddur; Ashkenaz, Festivals, Akdamut 18",2760
"The Koren Shalem Siddur; Ashkenaz, Festivals, Akdamut 19",2761
"The Koren Shalem Siddur; Ashkenaz, Festivals, Akdamut 20",2762
"The Koren Shalem Siddur; Ashkenaz, Festivals, Akdamut 21",2763
"The Koren Shalem Siddur; Ashkenaz, Festivals, Akdamut 22",2764
"The Koren Shalem Siddur; Ashkenaz, Festivals, Akdamut 23",2765
"The Koren Shalem Siddur; Ashkenaz, Festivals, Akdamut 24",2766
"The Koren Shalem Siddur; Ashkenaz, Festivals, Akdamut 25",2767
"The Koren Shalem Siddur; Ashkenaz, Festivals, Akdamut 26",2768
"The Koren Shalem Siddur; Ashkenaz, Festivals, Akdamut 27",2769
"The Koren Shalem Siddur; Ashkenaz, Festivals, Akdamut 28",2770
"The Koren Shalem Siddur; Ashkenaz, Festivals, Akdamut 29",2771
"The Koren Shalem Siddur; Ashkenaz, Festivals, Akdamut 30",2772
"The Koren Shalem Siddur; Ashkenaz, Festivals, Akdamut 31",2773
"The Koren Shalem Siddur; Ashkenaz, Festivals, Akdamut 32",2774
"The Koren Shalem Siddur; Ashkenaz, Festivals, Akdamut 33",2775
"The Koren Shalem Siddur; Ashkenaz, Festivals, Akdamut 34",2776
"The Koren Shalem Siddur; Ashkenaz, Festivals, Akdamut 35",2777
"The Koren Shalem Siddur; Ashkenaz, Festivals, Akdamut 36",2778
"The Koren Shalem Siddur; Ashkenaz, Festivals, Akdamut 37",2779
"The Koren Shalem Siddur; Ashkenaz, Festivals, Akdamut 38",2780
"The Koren Shalem Siddur; Ashkenaz, Festivals, Akdamut 39",2781
"The Koren Shalem Siddur; Ashkenaz, Festivals, Akdamut 40",2782
"The Koren Shalem Siddur; Ashkenaz, Festivals, Akdamut 41",2783
"The Koren Shalem Siddur; Ashkenaz, Festivals, Akdamut 42",2784
"The Koren Shalem Siddur; Ashkenaz, Festivals, Akdamut 43",2785
"The Koren Shalem Siddur; Ashkenaz, Festivals, Akdamut 44",2786
"The Koren Shalem Siddur; Ashkenaz, Festivals, Akdamut 45",2787
"The Koren Shalem Siddur; Ashkenaz, Festivals, Akdamut 46",2788
"The Koren Shalem Siddur; Ashkenaz, Festivals, Akdamut 47",2789
"The Koren Shalem Siddur; Ashkenaz, Festivals, Yizkor 1",2791
"The Koren Shalem Siddur; Ashkenaz, Festivals, Yizkor 2",2792
"The Koren Shalem Siddur; Ashkenaz, Festivals, Yizkor 3",2793
"The Koren Shalem Siddur; Ashkenaz, Festivals, Yizkor 4",2794
"The Koren Shalem Siddur; Ashkenaz, Festivals, Yizkor 5",2795
"The Koren Shalem Siddur; Ashkenaz, Festivals, Yizkor 6",2796
"The Koren Shalem Siddur; Ashkenaz, Festivals, Yizkor 7",2797
"The Koren Shalem Siddur; Ashkenaz, Festivals, Yizkor 8",2798
"The Koren Shalem Siddur; Ashkenaz, Festivals, Yizkor 9",2799
"The Koren Shalem Siddur; Ashkenaz, Festivals, Yizkor 10",2800
"The Koren Shalem Siddur; Ashkenaz, Festivals, Yizkor 11",2801
"The Koren Shalem Siddur; Ashkenaz, Festivals, Yizkor 12",2802
"The Koren Shalem Siddur; Ashkenaz, Festivals, Yizkor 13",2803
"The Koren Shalem Siddur; Ashkenaz, Festivals, Yizkor 14",2804
"The Koren Shalem Siddur; Ashkenaz, Festivals, Yizkor 15",2805
"The Koren Shalem Siddur; Ashkenaz, Festivals, Yizkor 16",2806
"The Koren Shalem Siddur; Ashkenaz, Festivals, Yizkor 17",2807
"The Koren Shalem Siddur; Ashkenaz, Festivals, Yizkor 18",2808
"The Koren Shalem Siddur; Ashkenaz, Festivals, Yizkor 19",2809
"The Koren Shalem Siddur; Ashkenaz, Festivals, Yizkor 20",2810
"The Koren Shalem Siddur; Ashkenaz, Festivals, Yizkor 21",2811
"The Koren Shalem Siddur; Ashkenaz, Festivals, Yizkor 22",2812
"The Koren Shalem Siddur; Ashkenaz, Festivals, Yizkor 23",2813
"The Koren Shalem Siddur; Ashkenaz, Festivals, Yizkor 24",2814
"The Koren Shalem Siddur; Ashkenaz, Festivals, Yizkor 25",2815
"The Koren Shalem Siddur; Ashkenaz, Festivals, Yizkor 26",2816
"The Koren Shalem Siddur; Ashkenaz, Festivals, Yizkor 27",2817
"The Koren Shalem Siddur; Ashkenaz, Festivals, Yizkor 28",2818
"The Koren Shalem Siddur; Ashkenaz, Festivals, Ka Keli 1",2820
"The Koren Shalem Siddur; Ashkenaz, Festivals, Ka Keli 2",2821
"The Koren Shalem Siddur; Ashkenaz, Festivals, Ka Keli 3",2822
"The Koren Shalem Siddur; Ashkenaz, Festivals, Ka Keli 4",2823
"The Koren Shalem Siddur; Ashkenaz, Festivals, Ka Keli 5",2824
"The Koren Shalem Siddur; Ashkenaz, Festivals, Ka Keli 6",2825
"The Koren Shalem Siddur; Ashkenaz, Festivals, Ka Keli 7",2826
"The Koren Shalem Siddur; Ashkenaz, Festivals, Musaf for Festivals 1",2828
"The Koren Shalem Siddur; Ashkenaz, Festivals, Musaf for Festivals 2",2829
"The Koren Shalem Siddur; Ashkenaz, Festivals, Musaf for Festivals 3",2830
"The Koren Shalem Siddur; Ashkenaz, Festivals, Musaf for Festivals 4",2831
"The Koren Shalem Siddur; Ashkenaz, Festivals, Musaf for Festivals 5",2832
"The Koren Shalem Siddur; Ashkenaz, Festivals, Musaf for Festivals 6",2833
"The Koren Shalem Siddur; Ashkenaz, Festivals, Musaf for Festivals 7",2834
"The Koren Shalem Siddur; Ashkenaz, Festivals, Musaf for Festivals 8",2835
"The Koren Shalem Siddur; Ashkenaz, Festivals, Musaf for Festivals 9",2836
"The Koren Shalem Siddur; Ashkenaz, Festivals, Musaf for Festivals 10",2837
"The Koren Shalem Siddur; Ashkenaz, Festivals, Musaf for Festivals 11",2838
"The Koren Shalem Siddur; Ashkenaz, Festivals, Musaf for Festivals 12",2839
"The Koren Shalem Siddur; Ashkenaz, Festivals, Musaf for Festivals 13",2840
"The Koren Shalem Siddur; Ashkenaz, Festivals, Musaf for Festivals 14",2841
"The Koren Shalem Siddur; Ashkenaz, Festivals, Musaf for Festivals 15",2842
"The Koren Shalem Siddur; Ashkenaz, Festivals, Musaf for Festivals 16",2843
"The Koren Shalem Siddur; Ashkenaz, Festivals, Musaf for Festivals 17",2844
"The Koren Shalem Siddur; Ashkenaz, Festivals, Musaf for Festivals 18",2845
"The Koren Shalem Siddur; Ashkenaz, Festivals, Musaf for Festivals 19",2846
"The Koren Shalem Siddur; Ashkenaz, Festivals, Musaf for Festivals 20",2847
"The Koren Shalem Siddur; Ashkenaz, Festivals, Musaf for Festivals 21",2848
"The Koren Shalem Siddur; Ashkenaz, Festivals, Musaf for Festivals 22",2849
"The Koren Shalem Siddur; Ashkenaz, Festivals, Musaf for Festivals 23",2850
"The Koren Shalem Siddur; Ashkenaz, Festivals, Musaf for Festivals 24",2851
"The Koren Shalem Siddur; Ashkenaz, Festivals, Musaf for Festivals 25",2852
"The Koren Shalem Siddur; Ashkenaz, Festivals, Musaf for Festivals 26",2853
"The Koren Shalem Siddur; Ashkenaz, Festivals, Musaf for Festivals 27",2854
"The Koren Shalem Siddur; Ashkenaz, Festivals, Musaf for Festivals 28",2855
"The Koren Shalem Siddur; Ashkenaz, Festivals, Musaf for Festivals 29",2856
"The Koren Shalem Siddur; Ashkenaz, Festivals, Musaf for Festivals 30",2857
"The Koren Shalem Siddur; Ashkenaz, Festivals, Musaf for Festivals 31",2858
"The Koren Shalem Siddur; Ashkenaz, Festivals, Musaf for Festivals 32",2859
"The Koren Shalem Siddur; Ashkenaz, Festivals, Musaf for Festivals 33",2860
"The Koren Shalem Siddur; Ashkenaz, Festivals, Musaf for Festivals 34",2861
"The Koren Shalem Siddur; Ashkenaz, Festivals, Musaf for Festivals 35",2862
"The Koren Shalem Siddur; Ashkenaz, Festivals, Musaf for Festivals 36",2863
"The Koren Shalem Siddur; Ashkenaz, Festivals, Musaf for Festivals 37",2864
"The Koren Shalem Siddur; Ashkenaz, Festivals, Musaf for Festivals 38",2865
"The Koren Shalem Siddur; Ashkenaz, Festivals, Musaf for Festivals 39",2866
"The Koren Shalem Siddur; Ashkenaz, Festivals, Musaf for Festivals 40",2867
"The Koren Shalem Siddur; Ashkenaz, Festivals, Musaf for Festivals 41",2868
"The Koren Shalem Siddur; Ashkenaz, Festivals, Musaf for Festivals 42",2869
"The Koren Shalem Siddur; Ashkenaz, Festivals, Musaf for Festivals 43",2870
"The Koren Shalem Siddur; Ashkenaz, Festivals, Musaf for Festivals 44",2871
"The Koren Shalem Siddur; Ashkenaz, Festivals, Musaf for Festivals 45",2872
"The Koren Shalem Siddur; Ashkenaz, Festivals, Musaf for Festivals 46",2873
"The Koren Shalem Siddur; Ashkenaz, Festivals, Musaf for Festivals 47",2874
"The Koren Shalem Siddur; Ashkenaz, Festivals, Musaf for Festivals 48",2875
"The Koren Shalem Siddur; Ashkenaz, Festivals, Musaf for Festivals 49",2876
"The Koren Shalem Siddur; Ashkenaz, Festivals, Musaf for Festivals 50",2877
"The Koren Shalem Siddur; Ashkenaz, Festivals, Musaf for Festivals 51",2878
"The Koren Shalem Siddur; Ashkenaz, Festivals, Musaf for Festivals 52",2879
"The Koren Shalem Siddur; Ashkenaz, Festivals, Musaf for Festivals 53",2880
"The Koren Shalem Siddur; Ashkenaz, Festivals, Musaf for Festivals 54",2881
"The Koren Shalem Siddur; Ashkenaz, Festivals, Musaf for Festivals 55",2882
"The Koren Shalem Siddur; Ashkenaz, Festivals, Musaf for Festivals 56",2883
"The Koren Shalem Siddur; Ashkenaz, Festivals, Musaf for Festivals 57",2884
"The Koren Shalem Siddur; Ashkenaz, Festivals, Musaf for Festivals 58",2885
"The Koren Shalem Siddur; Ashkenaz, Festivals, Musaf for Festivals 59",2886
"The Koren Shalem Siddur; Ashkenaz, Festivals, Musaf for Festivals 60",2887
"The Koren Shalem Siddur; Ashkenaz, Festivals, Musaf for Festivals 61",2888
"The Koren Shalem Siddur; Ashkenaz, Festivals, Musaf for Festivals 62",2889
"The Koren Shalem Siddur; Ashkenaz, Festivals, Musaf for Festivals 63",2890
"The Koren Shalem Siddur; Ashkenaz, Festivals, Musaf for Festivals 64",2891
"The Koren Shalem Siddur; Ashkenaz, Festivals, Musaf for Festivals 65",2892
"The Koren Shalem Siddur; Ashkenaz, Festivals, Musaf for Festivals 66",2893
"The Koren Shalem Siddur; Ashkenaz, Festivals, Musaf for Festivals 67",2894
"The Koren Shalem Siddur; Ashkenaz, Festivals, Musaf for Festivals 68",2895
"The Koren Shalem Siddur; Ashkenaz, Festivals, Musaf for Festivals 69",2896
"The Koren Shalem Siddur; Ashkenaz, Festivals, Musaf for Festivals 70",2897
"The Koren Shalem Siddur; Ashkenaz, Festivals, Musaf for Festivals 71",2898
"The Koren Shalem Siddur; Ashkenaz, Festivals, Musaf for Festivals 72",2899
"The Koren Shalem Siddur; Ashkenaz, Festivals, Musaf for Festivals 73",2900
"The Koren Shalem Siddur; Ashkenaz, Festivals, Musaf for Festivals 74",2901
"The Koren Shalem Siddur; Ashkenaz, Festivals, Musaf for Festivals 75",2902
"The Koren Shalem Siddur; Ashkenaz, Festivals, Musaf for Festivals 76",2903
"The Koren Shalem Siddur; Ashkenaz, Festivals, Musaf for Festivals 77",2904
"The Koren Shalem Siddur; Ashkenaz, Festivals, Musaf for Festivals 78",2905
"The Koren Shalem Siddur; Ashkenaz, Festivals, Musaf for Festivals 79",2906
"The Koren Shalem Siddur; Ashkenaz, Festivals, Musaf for Festivals 80",2907
"The Koren Shalem Siddur; Ashkenaz, Festivals, Musaf for Festivals 81",2908
"The Koren Shalem Siddur; Ashkenaz, Festivals, Musaf for Festivals 82",2909
"The Koren Shalem Siddur; Ashkenaz, Festivals, Musaf for Festivals 83",2910
"The Koren Shalem Siddur; Ashkenaz, Festivals, Musaf for Festivals 84",2911
"The Koren Shalem Siddur; Ashkenaz, Festivals, Musaf for Festivals 85",2912
"The Koren Shalem Siddur; Ashkenaz, Festivals, Musaf for Festivals 86",2913
"The Koren Shalem Siddur; Ashkenaz, Festivals, Musaf for Festivals 87",2914
"The Koren Shalem Siddur; Ashkenaz, Festivals, Musaf for Festivals 88",2915
"The Koren Shalem Siddur; Ashkenaz, Festivals, Musaf for Festivals 89",2916
"The Koren Shalem Siddur; Ashkenaz, Festivals, Musaf for Festivals 90",2917
"The Koren Shalem Siddur; Ashkenaz, Festivals, Musaf for Festivals 91",2918
"The Koren Shalem Siddur; Ashkenaz, Festivals, Musaf for Festivals 92",2919
"The Koren Shalem Siddur; Ashkenaz, Festivals, Musaf for Festivals 93",2920
"The Koren Shalem Siddur; Ashkenaz, Festivals, Musaf for Festivals 94",2921
"The Koren Shalem Siddur; Ashkenaz, Festivals, Musaf for Festivals 95",2922
"The Koren Shalem Siddur; Ashkenaz, Festivals, Musaf for Festivals 96",2923
"The Koren Shalem Siddur; Ashkenaz, Festivals, Musaf for Festivals 97",2924
"The Koren Shalem Siddur; Ashkenaz, Festivals, Musaf for Festivals 98",2925
"The Koren Shalem Siddur; Ashkenaz, Festivals, Musaf for Festivals 99",2926
"The Koren Shalem Siddur; Ashkenaz, Festivals, Musaf for Festivals 100",2927
"The Koren Shalem Siddur; Ashkenaz, Festivals, Musaf for Festivals 101",2928
"The Koren Shalem Siddur; Ashkenaz, Festivals, Musaf for Festivals 102",2929
"The Koren Shalem Siddur; Ashkenaz, Festivals, Musaf for Festivals 103",2930
"The Koren Shalem Siddur; Ashkenaz, Festivals, Musaf for Festivals 104",2931
"The Koren Shalem Siddur; Ashkenaz, Festivals, Musaf for Festivals 105",2932
"The Koren Shalem Siddur; Ashkenaz, Festivals, Musaf for Festivals 106",2933
"The Koren Shalem Siddur; Ashkenaz, Festivals, Musaf for Festivals 107",2934
"The Koren Shalem Siddur; Ashkenaz, Festivals, Musaf for Festivals 108",2935
"The Koren Shalem Siddur; Ashkenaz, Festivals, Musaf for Festivals 109",2936
"The Koren Shalem Siddur; Ashkenaz, Festivals, Musaf for Festivals 110",2937
"The Koren Shalem Siddur; Ashkenaz, Festivals, Musaf for Festivals 111",2938
"The Koren Shalem Siddur; Ashkenaz, Festivals, Musaf for Festivals 112",2939
"The Koren Shalem Siddur; Ashkenaz, Festivals, Birkat Kohanim 1",2941
"The Koren Shalem Siddur; Ashkenaz, Festivals, Birkat Kohanim 2",2942
"The Koren Shalem Siddur; Ashkenaz, Festivals, Birkat Kohanim 3",2943
"The Koren Shalem Siddur; Ashkenaz, Festivals, Birkat Kohanim 4",2944
"The Koren Shalem Siddur; Ashkenaz, Festivals, Birkat Kohanim 5",2945
"The Koren Shalem Siddur; Ashkenaz, Festivals, Birkat Kohanim 6",2946
"The Koren Shalem Siddur; Ashkenaz, Festivals, Birkat Kohanim 7",2947
"The Koren Shalem Siddur; Ashkenaz, Festivals, Birkat Kohanim 8",2948
"The Koren Shalem Siddur; Ashkenaz, Festivals, Birkat Kohanim 9",2949
"The Koren Shalem Siddur; Ashkenaz, Festivals, Birkat Kohanim 10",2950
"The Koren Shalem Siddur; Ashkenaz, Festivals, Birkat Kohanim 11",2951
"The Koren Shalem Siddur; Ashkenaz, Festivals, Birkat Kohanim 12",2952
"The Koren Shalem Siddur; Ashkenaz, Festivals, Birkat Kohanim 13",2953
"The Koren Shalem Siddur; Ashkenaz, Festivals, Birkat Kohanim 14",2954
"The Koren Shalem Siddur; Ashkenaz, Festivals, Birkat Kohanim 15",2955
"The Koren Shalem Siddur; Ashkenaz, Festivals, Birkat Kohanim 16",2956
"The Koren Shalem Siddur; Ashkenaz, Festivals, Birkat Kohanim 17",2957
"The Koren Shalem Siddur; Ashkenaz, Festivals, Birkat Kohanim 18",2958
"The Koren Shalem Siddur; Ashkenaz, Festivals, Birkat Kohanim 19",2959
"The Koren Shalem Siddur; Ashkenaz, Festivals, Birkat Kohanim 20",2960
"The Koren Shalem Siddur; Ashkenaz, Festivals, Birkat Kohanim 21",2961
"The Koren Shalem Siddur; Ashkenaz, Festivals, Birkat Kohanim 22",2962
"The Koren Shalem Siddur; Ashkenaz, Festivals, Birkat Kohanim 23",2963
"The Koren Shalem Siddur; Ashkenaz, Festivals, Birkat Kohanim 24",2964
"The Koren Shalem Siddur; Ashkenaz, Festivals, Birkat Kohanim 25",2965
"The Koren Shalem Siddur; Ashkenaz, Festivals, Birkat Kohanim 26",2966
"The Koren Shalem Siddur; Ashkenaz, Festivals, Birkat Kohanim 27",2967
"The Koren Shalem Siddur; Ashkenaz, Festivals, Birkat Kohanim 28",2968
"The Koren Shalem Siddur; Ashkenaz, Festivals, Birkat Kohanim 29",2969
"The Koren Shalem Siddur; Ashkenaz, Festivals, Birkat Kohanim 30",2970
"The Koren Shalem Siddur; Ashkenaz, Festivals, Birkat Kohanim 31",2971
"The Koren Shalem Siddur; Ashkenaz, Festivals, Birkat Kohanim 32",2972
"The Koren Shalem Siddur; Ashkenaz, Festivals, Birkat Kohanim 33",2973
"The Koren Shalem Siddur; Ashkenaz, Festivals, Birkat Kohanim 34",2974
"The Koren Shalem Siddur; Ashkenaz, Festivals, Birkat Kohanim 35",2975
"The Koren Shalem Siddur; Ashkenaz, Festivals, Birkat Kohanim 36",2976
"The Koren Shalem Siddur; Ashkenaz, Festivals, Birkat Kohanim 37",2977
"The Koren Shalem Siddur; Ashkenaz, Festivals, Birkat Kohanim 38",2978
"The Koren Shalem Siddur; Ashkenaz, Festivals, Birkat Kohanim 39",2979
"The Koren Shalem Siddur; Ashkenaz, Festivals, Birkat Kohanim 40",2980
"The Koren Shalem Siddur; Ashkenaz, Festivals, Birkat Kohanim 41",2981
"The Koren Shalem Siddur; Ashkenaz, Festivals, Birkat Kohanim 42",2982
"The Koren Shalem Siddur; Ashkenaz, Festivals, Birkat Kohanim 43",2983
"The Koren Shalem Siddur; Ashkenaz, Festivals, Birkat Kohanim 44",2984
"The Koren Shalem Siddur; Ashkenaz, Festivals, Birkat Kohanim 45",2985
"The Koren Shalem Siddur; Ashkenaz, Festivals, Birkat Kohanim 46",2986
"The Koren Shalem Siddur; Ashkenaz, Festivals, Birkat Kohanim 47",2987
"The Koren Shalem Siddur; Ashkenaz, Festivals, Birkat Kohanim 48",2988
"The Koren Shalem Siddur; Ashkenaz, Festivals, Birkat Kohanim 49",2989
"The Koren Shalem Siddur; Ashkenaz, Festivals, Birkat Kohanim 50",2990
"The Koren Shalem Siddur; Ashkenaz, Festivals, Birkat Kohanim 51",2991
"The Koren Shalem Siddur; Ashkenaz, Festivals, Birkat Kohanim 52",2992
"The Koren Shalem Siddur; Ashkenaz, Festivals, Birkat Kohanim 53",2993
"The Koren Shalem Siddur; Ashkenaz, Festivals, Birkat Kohanim 54",2994
"The Koren Shalem Siddur; Ashkenaz, Festivals, Birkat Kohanim 55",2995
"The Koren Shalem Siddur; Ashkenaz, Festivals, Birkat Kohanim 56",2996
"The Koren Shalem Siddur; Ashkenaz, Festivals, Birkat Kohanim 57",2997
"The Koren Shalem Siddur; Ashkenaz, Festivals, Birkat Kohanim 58",2998
"The Koren Shalem Siddur; Ashkenaz, Festivals, Birkat Kohanim 59",2999
"The Koren Shalem Siddur; Ashkenaz, Festivals, Birkat Kohanim 60",3000
"The Koren Shalem Siddur; Ashkenaz, Festivals, Birkat Kohanim 61",3001
"The Koren Shalem Siddur; Ashkenaz, Festivals, Birkat Kohanim 62",3002
"The Koren Shalem Siddur; Ashkenaz, Festivals, Birkat Kohanim 63",3003
"The Koren Shalem Siddur; Ashkenaz, Festivals, Birkat Kohanim 64",3004
"The Koren Shalem Siddur; Ashkenaz, Festivals, Prayer for Dew 1",3006
"The Koren Shalem Siddur; Ashkenaz, Festivals, Prayer for Dew 2",3007
"The Koren Shalem Siddur; Ashkenaz, Festivals, Prayer for Dew 3",3008
"The Koren Shalem Siddur; Ashkenaz, Festivals, Prayer for Dew 4",3009
"The Koren Shalem Siddur; Ashkenaz, Festivals, Prayer for Dew 5",3010
"The Koren Shalem Siddur; Ashkenaz, Festivals, Prayer for Dew 6",3011
"The Koren Shalem Siddur; Ashkenaz, Festivals, Prayer for Dew 7",3012
"The Koren Shalem Siddur; Ashkenaz, Festivals, Prayer for Dew 8",3013
"The Koren Shalem Siddur; Ashkenaz, Festivals, Prayer for Dew 9",3014
"The Koren Shalem Siddur; Ashkenaz, Festivals, Prayer for Dew 10",3015
"The Koren Shalem Siddur; Ashkenaz, Festivals, Prayer for Dew 11",3016
"The Koren Shalem Siddur; Ashkenaz, Festivals, Prayer for Dew 12",3017
"The Koren Shalem Siddur; Ashkenaz, Festivals, Prayer for Dew 13",3018
"The Koren Shalem Siddur; Ashkenaz, Festivals, Prayer for Dew 14",3019
"The Koren Shalem Siddur; Ashkenaz, Festivals, Prayer for Dew 15",3020
"The Koren Shalem Siddur; Ashkenaz, Festivals, Prayer for Dew 16",3021
"The Koren Shalem Siddur; Ashkenaz, Festivals, Prayer for Dew 17",3022
"The Koren Shalem Siddur; Ashkenaz, Festivals, Prayer for Dew 18",3023
"The Koren Shalem Siddur; Ashkenaz, Festivals, Prayer for Dew 19",3024
"The Koren Shalem Siddur; Ashkenaz, Festivals, Prayer for Dew 20",3025
"The Koren Shalem Siddur; Ashkenaz, Festivals, Prayer for Rain 1",3027
"The Koren Shalem Siddur; Ashkenaz, Festivals, Prayer for Rain 2",3028
"The Koren Shalem Siddur; Ashkenaz, Festivals, Prayer for Rain 3",3029
"The Koren Shalem Siddur; Ashkenaz, Festivals, Prayer for Rain 4",3030
"The Koren Shalem Siddur; Ashkenaz, Festivals, Prayer for Rain 5",3031
"The Koren Shalem Siddur; Ashkenaz, Festivals, Prayer for Rain 6",3032
"The Koren Shalem Siddur; Ashkenaz, Festivals, Prayer for Rain 7",3033
"The Koren Shalem Siddur; Ashkenaz, Festivals, Prayer for Rain 8",3034
"The Koren Shalem Siddur; Ashkenaz, Festivals, Prayer for Rain 9",3035
"The Koren Shalem Siddur; Ashkenaz, Festivals, Prayer for Rain 10",3036
"The Koren Shalem Siddur; Ashkenaz, Festivals, Prayer for Rain 11",3037
"The Koren Shalem Siddur; Ashkenaz, Festivals, Prayer for Rain 12",3038
"The Koren Shalem Siddur; Ashkenaz, Festivals, Prayer for Rain 13",3039
"The Koren Shalem Siddur; Ashkenaz, Festivals, Prayer for Rain 14",3040
"The Koren Shalem Siddur; Ashkenaz, Festivals, Prayer for Rain 15",3041
"The Koren Shalem Siddur; Ashkenaz, Festivals, Prayer for Rain 16",3042
"The Koren Shalem Siddur; Ashkenaz, Festivals, Prayer for Rain 17",3043
"The Koren Shalem Siddur; Ashkenaz, Festivals, Prayer for Rain 18",3044
"The Koren Shalem Siddur; Ashkenaz, Festivals, Prayer for Rain 19",3045
"The Koren Shalem Siddur; Ashkenaz, Festivals, Prayer for Rain 20",3046
"The Koren Shalem Siddur; Ashkenaz, Festivals, Prayer for Rain 21",3047
"The Koren Shalem Siddur; Ashkenaz, Festivals, Hoshanot 1",3049
"The Koren Shalem Siddur; Ashkenaz, Festivals, Hoshanot 2",3050
"The Koren Shalem Siddur; Ashkenaz, Festivals, Hoshanot 3",3051
"The Koren Shalem Siddur; Ashkenaz, Festivals, Hoshanot 4",3052
"The Koren Shalem Siddur; Ashkenaz, Festivals, Hoshanot 5",3053
"The Koren Shalem Siddur; Ashkenaz, Festivals, Hoshanot 6",3054
"The Koren Shalem Siddur; Ashkenaz, Festivals, Hoshanot 7",3055
"The Koren Shalem Siddur; Ashkenaz, Festivals, Hoshanot 8",3056
"The Koren Shalem Siddur; Ashkenaz, Festivals, Hoshanot 9",3057
"The Koren Shalem Siddur; Ashkenaz, Festivals, Hoshanot 10",3058
"The Koren Shalem Siddur; Ashkenaz, Festivals, Hoshanot 11",3059
"The Koren Shalem Siddur; Ashkenaz, Festivals, Hoshanot 12",3060
"The Koren Shalem Siddur; Ashkenaz, Festivals, Hoshanot 13",3061
"The Koren Shalem Siddur; Ashkenaz, Festivals, Hoshanot 14",3062
"The Koren Shalem Siddur; Ashkenaz, Festivals, Hoshanot 15",3063
"The Koren Shalem Siddur; Ashkenaz, Festivals, Hoshanot 16",3064
"The Koren Shalem Siddur; Ashkenaz, Festivals, Hoshanot 17",3065
"The Koren Shalem Siddur; Ashkenaz, Festivals, Hoshanot 18",3066
"The Koren Shalem Siddur; Ashkenaz, Festivals, Hoshanot 19",3067
"The Koren Shalem Siddur; Ashkenaz, Festivals, Hoshanot 20",3068
"The Koren Shalem Siddur; Ashkenaz, Festivals, Hoshanot 21",3069
"The Koren Shalem Siddur; Ashkenaz, Festivals, Hoshanot 22",3070
"The Koren Shalem Siddur; Ashkenaz, Festivals, Hoshanot 23",3071
"The Koren Shalem Siddur; Ashkenaz, Festivals, Hoshanot 24",3072
"The Koren Shalem Siddur; Ashkenaz, Festivals, Hoshanot 25",3073
"The Koren Shalem Siddur; Ashkenaz, Festivals, Hoshanot 26",3074
"The Koren Shalem Siddur; Ashkenaz, Festivals, Hoshanot 27",3075
"The Koren Shalem Siddur; Ashkenaz, Festivals, Hoshanot 28",3076
"The Koren Shalem Siddur; Ashkenaz, Festivals, Hoshanot 29",3077
"The Koren Shalem Siddur; Ashkenaz, Festivals, Hoshanot 30",3078
"The Koren Shalem Siddur; Ashkenaz, Festivals, Hoshanot 31",3079
"The Koren Shalem Siddur; Ashkenaz, Festivals, Hoshanot 32",3080
"The Koren Shalem Siddur; Ashkenaz, Festivals, Hoshanot 33",3081
"The Koren Shalem Siddur; Ashkenaz, Festivals, Hoshanot 34",3082
"The Koren Shalem Siddur; Ashkenaz, Festivals, Hoshanot 35",3083
"The Koren Shalem Siddur; Ashkenaz, Festivals, Hoshanot 36",3084
"The Koren Shalem Siddur; Ashkenaz, Festivals, Hoshanot 37",3085
"The Koren Shalem Siddur; Ashkenaz, Festivals, Hoshanot 38",3086
"The Koren Shalem Siddur; Ashkenaz, Festivals, Hoshanot for Shabbat Hol HaMo'ed 1",3088
"The Koren Shalem Siddur; Ashkenaz, Festivals, Hoshanot for Shabbat Hol HaMo'ed 2",3089
"The Koren Shalem Siddur; Ashkenaz, Festivals, Hoshanot for Shabbat Hol HaMo'ed 3",3090
"The Koren Shalem Siddur; Ashkenaz, Festivals, Hoshanot for Shabbat Hol HaMo'ed 4",3091
"The Koren Shalem Siddur; Ashkenaz, Festivals, Hoshanot for Shabbat Hol HaMo'ed 5",3092
"The Koren Shalem Siddur; Ashkenaz, Festivals, Hoshanot for Shabbat Hol HaMo'ed 6",3093
"The Koren Shalem Siddur; Ashkenaz, Festivals, Hoshanot for Shabbat Hol HaMo'ed 7",3094
"The Koren Shalem Siddur; Ashkenaz, Festivals, Hoshanot for Shabbat Hol HaMo'ed 8",3095
"The Koren Shalem Siddur; Ashkenaz, Festivals, Hoshanot for Shabbat Hol HaMo'ed 9",3096
"The Koren Shalem Siddur; Ashkenaz, Festivals, Hoshanot for Shabbat Hol HaMo'ed 10",3097
"The Koren Shalem Siddur; Ashkenaz, Festivals, Hoshanot for Shabbat Hol HaMo'ed 11",3098
"The Koren Shalem Siddur; Ashkenaz, Festivals, Hoshanot for Shabbat Hol HaMo'ed 12",3099
"The Koren Shalem Siddur; Ashkenaz, Festivals, Hoshanot for Shabbat Hol HaMo'ed 13",3100
"The Koren Shalem Siddur; Ashkenaz, Festivals, Hoshanot for Shabbat Hol HaMo'ed 14",3101
"The Koren Shalem Siddur; Ashkenaz, Festivals, Hoshanot for Shabbat Hol HaMo'ed 15",3102
"The Koren Shalem Siddur; Ashkenaz, Festivals, Hoshanot for Shabbat Hol HaMo'ed 16",3103
"The Koren Shalem Siddur; Ashkenaz, Festivals, Hoshanot for Shabbat Hol HaMo'ed 17",3104
"The Koren Shalem Siddur; Ashkenaz, Festivals, Hoshanot for Shabbat Hol HaMo'ed 18",3105
"The Koren Shalem Siddur; Ashkenaz, Festivals, Hoshanot for Shabbat Hol HaMo'ed 19",3106
"The Koren Shalem Siddur; Ashkenaz, Festivals, Hoshanot for Shabbat Hol HaMo'ed 20",3107
"The Koren Shalem Siddur; Ashkenaz, Festivals, Hoshanot for Shabbat Hol HaMo'ed 21",3108
"The Koren Shalem Siddur; Ashkenaz, Festivals, Hoshanot for Shabbat Hol HaMo'ed 22",3109
"The Koren Shalem Siddur; Ashkenaz, Festivals, Hoshanot for Shabbat Hol HaMo'ed 23",3110
"The Koren Shalem Siddur; Ashkenaz, Festivals, Hoshanot for Shabbat Hol HaMo'ed 24",3111
"The Koren Shalem Siddur; Ashkenaz, Festivals, Hoshanot for Shabbat Hol HaMo'ed 25",3112
"The Koren Shalem Siddur; Ashkenaz, Festivals, Hoshanot for Shabbat Hol HaMo'ed 26",3113
"The Koren Shalem Siddur; Ashkenaz, Festivals, Hoshanot for Shabbat Hol HaMo'ed 27",3114
"The Koren Shalem Siddur; Ashkenaz, Festivals, Hoshanot for Shabbat Hol HaMo'ed 28",3115
"The Koren Shalem Siddur; Ashkenaz, Festivals, Hoshanot for Shabbat Hol HaMo'ed 29",3116
"The Koren Shalem Siddur; Ashkenaz, Festivals, Hoshanot for Shabbat Hol HaMo'ed 30",3117
"The Koren Shalem Siddur; Ashkenaz, Festivals, Hoshanot for Hoshana Raba 1",3119
"The Koren Shalem Siddur; Ashkenaz, Festivals, Hoshanot for Hoshana Raba 2",3120
"The Koren Shalem Siddur; Ashkenaz, Festivals, Hoshanot for Hoshana Raba 3",3121
"The Koren Shalem Siddur; Ashkenaz, Festivals, Hoshanot for Hoshana Raba 4",3122
"The Koren Shalem Siddur; Ashkenaz, Festivals, Hoshanot for Hoshana Raba 5",3123
"The Koren Shalem Siddur; Ashkenaz, Festivals, Hoshanot for Hoshana Raba 6",3124
"The Koren Shalem Siddur; Ashkenaz, Festivals, Hoshanot for Hoshana Raba 7",3125
"The Koren Shalem Siddur; Ashkenaz, Festivals, Hoshanot for Hoshana Raba 8",3126
"The Koren Shalem Siddur; Ashkenaz, Festivals, Hoshanot for Hoshana Raba 9",3127
"The Koren Shalem Siddur; Ashkenaz, Festivals, Hoshanot for Hoshana Raba 10",3128
"The Koren Shalem Siddur; Ashkenaz, Festivals, Hoshanot for Hoshana Raba 11",3129
"The Koren Shalem Siddur; Ashkenaz, Festivals, Hoshanot for Hoshana Raba 12",3130
"The Koren Shalem Siddur; Ashkenaz, Festivals, Hoshanot for Hoshana Raba 13",3131
"The Koren Shalem Siddur; Ashkenaz, Festivals, Hoshanot for Hoshana Raba 14",3132
"The Koren Shalem Siddur; Ashkenaz, Festivals, Hoshanot for Hoshana Raba 15",3133
"The Koren Shalem Siddur; Ashkenaz, Festivals, Hoshanot for Hoshana Raba 16",3134
"The Koren Shalem Siddur; Ashkenaz, Festivals, Hoshanot for Hoshana Raba 17",3135
"The Koren Shalem Siddur; Ashkenaz, Festivals, Hoshanot for Hoshana Raba 18",3136
"The Koren Shalem Siddur; Ashkenaz, Festivals, Hoshanot for Hoshana Raba 19",3137
"The Koren Shalem Siddur; Ashkenaz, Festivals, Hoshanot for Hoshana Raba 20",3138
"The Koren Shalem Siddur; Ashkenaz, Festivals, Hoshanot for Hoshana Raba 21",3139
"The Koren Shalem Siddur; Ashkenaz, Festivals, Hoshanot for Hoshana Raba 22",3140
"The Koren Shalem Siddur; Ashkenaz, Festivals, Hoshanot for Hoshana Raba 23",3141
"The Koren Shalem Siddur; Ashkenaz, Festivals, Hoshanot for Hoshana Raba 24",3142
"The Koren Shalem Siddur; Ashkenaz, Festivals, Hoshanot for Hoshana Raba 25",3143
"The Koren Shalem Siddur; Ashkenaz, Festivals, Hoshanot for Hoshana Raba 26",3144
"The Koren Shalem Siddur; Ashkenaz, Festivals, Hoshanot for Hoshana Raba 27",3145
"The Koren Shalem Siddur; Ashkenaz, Festivals, Hoshanot for Hoshana Raba 28",3146
"The Koren Shalem Siddur; Ashkenaz, Festivals, Hoshanot for Hoshana Raba 29",3147
"The Koren Shalem Siddur; Ashkenaz, Festivals, Hoshanot for Hoshana Raba 30",3148
"The Koren Shalem Siddur; Ashkenaz, Festivals, Hoshanot for Hoshana Raba 31",3149
"The Koren Shalem Siddur; Ashkenaz, Festivals, Hoshanot for Hoshana Raba 32",3150
"The Koren Shalem Siddur; Ashkenaz, Festivals, Hoshanot for Hoshana Raba 33",3151
"The Koren Shalem Siddur; Ashkenaz, Festivals, Hoshanot for Hoshana Raba 34",3152
"The Koren Shalem Siddur; Ashkenaz, Festivals, Hoshanot for Hoshana Raba 35",3153
"The Koren Shalem Siddur; Ashkenaz, Festivals, Hoshanot for Hoshana Raba 36",3154
"The Koren Shalem Siddur; Ashkenaz, Festivals, Hoshanot for Hoshana Raba 37",3155
"The Koren Shalem Siddur; Ashkenaz, Festivals, Hoshanot for Hoshana Raba 38",3156
"The Koren Shalem Siddur; Ashkenaz, Festivals, Hoshanot for Hoshana Raba 39",3157
"The Koren Shalem Siddur; Ashkenaz, Festivals, Hoshanot for Hoshana Raba 40",3158
"The Koren Shalem Siddur; Ashkenaz, Festivals, Hoshanot for Hoshana Raba 41",3159
"The Koren Shalem Siddur; Ashkenaz, Festivals, Hoshanot for Hoshana Raba 42",3160
"The Koren Shalem Siddur; Ashkenaz, Festivals, Hoshanot for Hoshana Raba 43",3161
"The Koren Shalem Siddur; Ashkenaz, Festivals, Hoshanot for Hoshana Raba 44",3162
"The Koren Shalem Siddur; Ashkenaz, Festivals, Hoshanot for Hoshana Raba 45",3163
"The Koren Shalem Siddur; Ashkenaz, Festivals, Hoshanot for Hoshana Raba 46",3164
"The Koren Shalem Siddur; Ashkenaz, Festivals, Hoshanot for Hoshana Raba 47",3165
"The Koren Shalem Siddur; Ashkenaz, Festivals, Hoshanot for Hoshana Raba 48",3166
"The Koren Shalem Siddur; Ashkenaz, Festivals, Hoshanot for Hoshana Raba 49",3167
"The Koren Shalem Siddur; Ashkenaz, Festivals, Hoshanot for Hoshana Raba 50",3168
"The Koren Shalem Siddur; Ashkenaz, Festivals, Hoshanot for Hoshana Raba 51",3169
"The Koren Shalem Siddur; Ashkenaz, Festivals, Hoshanot for Hoshana Raba 52",3170
"The Koren Shalem Siddur; Ashkenaz, Festivals, Hoshanot for Hoshana Raba 53",3171
"The Koren Shalem Siddur; Ashkenaz, Festivals, Hoshanot for Hoshana Raba 54",3172
"The Koren Shalem Siddur; Ashkenaz, Festivals, Hoshanot for Hoshana Raba 55",3173
"The Koren Shalem Siddur; Ashkenaz, Festivals, Hoshanot for Hoshana Raba 56",3174
"The Koren Shalem Siddur; Ashkenaz, Festivals, Hoshanot for Hoshana Raba 57",3175
"The Koren Shalem Siddur; Ashkenaz, Festivals, Hoshanot for Hoshana Raba 58",3176
"The Koren Shalem Siddur; Ashkenaz, Festivals, Hoshanot for Hoshana Raba 59",3177
"The Koren Shalem Siddur; Ashkenaz, Festivals, Hoshanot for Hoshana Raba 60",3178
"The Koren Shalem Siddur; Ashkenaz, Festivals, Hoshanot for Hoshana Raba 61",3179
"The Koren Shalem Siddur; Ashkenaz, Festivals, Hoshanot for Hoshana Raba 62",3180
"The Koren Shalem Siddur; Ashkenaz, Festivals, Hoshanot for Hoshana Raba 63",3181
"The Koren Shalem Siddur; Ashkenaz, Festivals, Hoshanot for Hoshana Raba 64",3182
"The Koren Shalem Siddur; Ashkenaz, Festivals, Hoshanot for Hoshana Raba 65",3183
"The Koren Shalem Siddur; Ashkenaz, Festivals, Hoshanot for Hoshana Raba 66",3184
"The Koren Shalem Siddur; Ashkenaz, Festivals, Hoshanot for Hoshana Raba 67",3185
"The Koren Shalem Siddur; Ashkenaz, Festivals, Hoshanot for Hoshana Raba 68",3186
"The Koren Shalem Siddur; Ashkenaz, Festivals, Hoshanot for Hoshana Raba 69",3187
"The Koren Shalem Siddur; Ashkenaz, Festivals, Hoshanot for Hoshana Raba 70",3188
"The Koren Shalem Siddur; Ashkenaz, Festivals, Hoshanot for Hoshana Raba 71",3189
"The Koren Shalem Siddur; Ashkenaz, Festivals, Hoshanot for Hoshana Raba 72",3190
"The Koren Shalem Siddur; Ashkenaz, Festivals, Hoshanot for Hoshana Raba 73",3191
"The Koren Shalem Siddur; Ashkenaz, Festivals, Hoshanot for Hoshana Raba 74",3192
"The Koren Shalem Siddur; Ashkenaz, Festivals, Hoshanot for Hoshana Raba 75",3193
"The Koren Shalem Siddur; Ashkenaz, Festivals, Hoshanot for Hoshana Raba 76",3194
"The Koren Shalem Siddur; Ashkenaz, Festivals, Hoshanot for Hoshana Raba 77",3195
"The Koren Shalem Siddur; Ashkenaz, Festivals, Hoshanot for Hoshana Raba 78",3196
"The Koren Shalem Siddur; Ashkenaz, Festivals, Hoshanot for Hoshana Raba 79",3197
"The Koren Shalem Siddur; Ashkenaz, Festivals, Hoshanot for Hoshana Raba 80",3198
"The Koren Shalem Siddur; Ashkenaz, Festivals, Hoshanot for Hoshana Raba 81",3199
"The Koren Shalem Siddur; Ashkenaz, Festivals, Hoshanot for Hoshana Raba 82",3200
"The Koren Shalem Siddur; Ashkenaz, Festivals, Hoshanot for Hoshana Raba 83",3201
"The Koren Shalem Siddur; Ashkenaz, Festivals, Hoshanot for Hoshana Raba 84",3202
"The Koren Shalem Siddur; Ashkenaz, Festivals, Hoshanot for Hoshana Raba 85",3203
"The Koren Shalem Siddur; Ashkenaz, Festivals, Hoshanot for Hoshana Raba 86",3204
"The Koren Shalem Siddur; Ashkenaz, Festivals, Hoshanot for Hoshana Raba 87",3205
"The Koren Shalem Siddur; Ashkenaz, Festivals, Hoshanot for Hoshana Raba 88",3206
"The Koren Shalem Siddur; Ashkenaz, Festivals, Hoshanot for Hoshana Raba 89",3207
"The Koren Shalem Siddur; Ashkenaz, Festivals, Hoshanot for Hoshana Raba 90",3208
"The Koren Shalem Siddur; Ashkenaz, Festivals, Hoshanot for Hoshana Raba 91",3209
"The Koren Shalem Siddur; Ashkenaz, Festivals, Hoshanot for Hoshana Raba 92",3210
"The Koren Shalem Siddur; Ashkenaz, Festivals, Hoshanot for Hoshana Raba 93",3211
"The Koren Shalem Siddur; Ashkenaz, Festivals, Hoshanot for Hoshana Raba 94",3212
"The Koren Shalem Siddur; Ashkenaz, Festivals, Hoshanot for Hoshana Raba 95",3213
"The Koren Shalem Siddur; Ashkenaz, Festivals, Hoshanot for Hoshana Raba 96",3214
"The Koren Shalem Siddur; Ashkenaz, Festivals, Hoshanot for Hoshana Raba 97",3215
"The Koren Shalem Siddur; Ashkenaz, Festivals, Hoshanot for Hoshana Raba 98",3216
"The Koren Shalem Siddur; Ashkenaz, Festivals, Hoshanot for Hoshana Raba 99",3217
"The Koren Shalem Siddur; Ashkenaz, Festivals, Hoshanot for Hoshana Raba 100",3218
"The Koren Shalem Siddur; Ashkenaz, Festivals, Hoshanot for Hoshana Raba 101",3219
"The Koren Shalem Siddur; Ashkenaz, Festivals, Hoshanot for Hoshana Raba 102",3220
"The Koren Shalem Siddur; Ashkenaz, Festivals, Hoshanot for Hoshana Raba 103",3221
"The Koren Shalem Siddur; Ashkenaz, Festivals, Hoshanot for Hoshana Raba 104",3222
"The Koren Shalem Siddur; Ashkenaz, Festivals, Hoshanot for Hoshana Raba 105",3223
"The Koren Shalem Siddur; Ashkenaz, Festivals, Hoshanot for Hoshana Raba 106",3224
"The Koren Shalem Siddur; Ashkenaz, Festivals, Hoshanot for Hoshana Raba 107",3225
"The Koren Shalem Siddur; Ashkenaz, Festivals, Hoshanot for Hoshana Raba 108",3226
"The Koren Shalem Siddur; Ashkenaz, Festivals, Hoshanot for Hoshana Raba 109",3227
"The Koren Shalem Siddur; Ashkenaz, Festivals, Hoshanot for Hoshana Raba 110",3228
"The Koren Shalem Siddur; Ashkenaz, Festivals, Hoshanot for Hoshana Raba 111",3229
"The Koren Shalem Siddur; Ashkenaz, Festivals, Hoshanot for Hoshana Raba 112",3230
"The Koren Shalem Siddur; Ashkenaz, Festivals, Hoshanot for Hoshana Raba 113",3231
"The Koren Shalem Siddur; Ashkenaz, Festivals, Hoshanot for Hoshana Raba 114",3232
"The Koren Shalem Siddur; Ashkenaz, Festivals, Hoshanot for Hoshana Raba 115",3233
"The Koren Shalem Siddur; Ashkenaz, Festivals, Hoshanot for Hoshana Raba 116",3234
"The Koren Shalem Siddur; Ashkenaz, Festivals, Hoshanot for Hoshana Raba 117",3235
"The Koren Shalem Siddur; Ashkenaz, Festivals, Hoshanot for Hoshana Raba 118",3236
"The Koren Shalem Siddur; Ashkenaz, Festivals, Hoshanot for Hoshana Raba 119",3237
"The Koren Shalem Siddur; Ashkenaz, Festivals, Hoshanot for Hoshana Raba 120",3238
"The Koren Shalem Siddur; Ashkenaz, Festivals, Hoshanot for Hoshana Raba 121",3239
"The Koren Shalem Siddur; Ashkenaz, Festivals, Hoshanot for Hoshana Raba 122",3240
"The Koren Shalem Siddur; Ashkenaz, Festivals, Hoshanot for Hoshana Raba 123",3241
"The Koren Shalem Siddur; Ashkenaz, Festivals, Hoshanot for Hoshana Raba 124",3242
"The Koren Shalem Siddur; Ashkenaz, Festivals, Hoshanot for Hoshana Raba 125",3243
"The Koren Shalem Siddur; Ashkenaz, Festivals, Hoshanot for Hoshana Raba 126",3244
"The Koren Shalem Siddur; Ashkenaz, Festivals, Hoshanot for Hoshana Raba 127",3245
"The Koren Shalem Siddur; Ashkenaz, Festivals, Hoshanot for Hoshana Raba 128",3246
"The Koren Shalem Siddur; Ashkenaz, Festivals, Hoshanot for Hoshana Raba 129",3247
"The Koren Shalem Siddur; Ashkenaz, Festivals, Hoshanot for Hoshana Raba 130",3248
"The Koren Shalem Siddur; Ashkenaz, Festivals, Hoshanot for Hoshana Raba 131",3249
"The Koren Shalem Siddur; Ashkenaz, Festivals, Hoshanot for Hoshana Raba 132",3250
"The Koren Shalem Siddur; Ashkenaz, Festivals, Hoshanot for Hoshana Raba 133",3251
"The Koren Shalem Siddur; Ashkenaz, Festivals, Hoshanot for Hoshana Raba 134",3252
"The Koren Shalem Siddur; Ashkenaz, Festivals, Hoshanot for Hoshana Raba 135",3253
"The Koren Shalem Siddur; Ashkenaz, Festivals, Hoshanot for Hoshana Raba 136",3254
"The Koren Shalem Siddur; Ashkenaz, Festivals, Hoshanot for Hoshana Raba 137",3255
"The Koren Shalem Siddur; Ashkenaz, Festivals, Hoshanot for Hoshana Raba 138",3256
"The Koren Shalem Siddur; Ashkenaz, Festivals, Hoshanot for Hoshana Raba 139",3257
"The Koren Shalem Siddur; Ashkenaz, Festivals, Hoshanot for Hoshana Raba 140",3258
"The Koren Shalem Siddur; Ashkenaz, Festivals, Hoshanot for Hoshana Raba 141",3259
"The Koren Shalem Siddur; Ashkenaz, Festivals, Hoshanot for Hoshana Raba 142",3260
"The Koren Shalem Siddur; Ashkenaz, Festivals, Hoshanot for Hoshana Raba 143",3261
"The Koren Shalem Siddur; Ashkenaz, Festivals, Hoshanot for Hoshana Raba 144",3262
"The Koren Shalem Siddur; Ashkenaz, Festivals, Hoshanot for Hoshana Raba 145",3263
"The Koren Shalem Siddur; Ashkenaz, Festivals, Annulment of Vows before Rosh HaShana 1",3265
"The Koren Shalem Siddur; Ashkenaz, Festivals, Annulment of Vows before Rosh HaShana 2",3266
"The Koren Shalem Siddur; Ashkenaz, Festivals, Annulment of Vows before Rosh HaShana 3",3267
"The Koren Shalem Siddur; Ashkenaz, Festivals, Annulment of Vows before Rosh HaShana 4",3268
"The Koren Shalem Siddur; Ashkenaz, Festivals, Annulment of Vows before Rosh HaShana 5",3269
"The Koren Shalem Siddur; Ashkenaz, Festivals, Annulment of Vows before Rosh HaShana 6",3270
"The Koren Shalem Siddur; Ashkenaz, Festivals, Annulment of Vows before Rosh HaShana 7",3271
"The Koren Shalem Siddur; Ashkenaz, Festivals, Annulment of Vows before Rosh HaShana 8",3272
"The Koren Shalem Siddur; Ashkenaz, Festivals, Annulment of Vows before Rosh HaShana 9",3273
"The Koren Shalem Siddur; Ashkenaz, Festivals, Annulment of Vows before Rosh HaShana 10",3274
"The Koren Shalem Siddur; Ashkenaz, Festivals, Kiddush for Rosh HaShana Evening 1",3276
"The Koren Shalem Siddur; Ashkenaz, Festivals, Kiddush for Rosh HaShana Evening 2",3277
"The Koren Shalem Siddur; Ashkenaz, Festivals, Kiddush for Rosh HaShana Evening 3",3278
"The Koren Shalem Siddur; Ashkenaz, Festivals, Kiddush for Rosh HaShana Evening 4",3279
"The Koren Shalem Siddur; Ashkenaz, Festivals, Kiddush for Rosh HaShana Evening 5",3280
"The Koren Shalem Siddur; Ashkenaz, Festivals, Kiddush for Rosh HaShana Evening 6",3281
"The Koren Shalem Siddur; Ashkenaz, Festivals, Kiddush for Rosh HaShana Evening 7",3282
"The Koren Shalem Siddur; Ashkenaz, Festivals, Kiddush for Rosh HaShana Evening 8",3283
"The Koren Shalem Siddur; Ashkenaz, Festivals, Kiddush for Rosh HaShana Evening 9",3284
"The Koren Shalem Siddur; Ashkenaz, Festivals, Kiddush for Rosh HaShana Evening 10",3285
"The Koren Shalem Siddur; Ashkenaz, Festivals, Kiddush for Rosh HaShana Evening 11",3286
"The Koren Shalem Siddur; Ashkenaz, Festivals, Kiddush for Rosh HaShana Evening 12",3287
"The Koren Shalem Siddur; Ashkenaz, Festivals, Kiddush for Rosh HaShana Evening 13",3288
"The Koren Shalem Siddur; Ashkenaz, Festivals, Kiddush for Rosh HaShana Evening 14",3289
"The Koren Shalem Siddur; Ashkenaz, Festivals, Kiddush for Rosh HaShana Evening 15",3290
"The Koren Shalem Siddur; Ashkenaz, Festivals, Kiddush for Rosh HaShana Evening 16",3291
"The Koren Shalem Siddur; Ashkenaz, Festivals, Kiddush for Rosh HaShana Evening 17",3292
"The Koren Shalem Siddur; Ashkenaz, Festivals, Kiddush for Rosh HaShana Day 1",3294
"The Koren Shalem Siddur; Ashkenaz, Festivals, Kiddush for Rosh HaShana Day 2",3295
"The Koren Shalem Siddur; Ashkenaz, Festivals, Kiddush for Rosh HaShana Day 3",3296
"The Koren Shalem Siddur; Ashkenaz, Festivals, Kiddush for Rosh HaShana Day 4",3297
"The Koren Shalem Siddur; Ashkenaz, Festivals, Kiddush for Rosh HaShana Day 5",3298
"The Koren Shalem Siddur; Ashkenaz, Festivals, Kiddush for Rosh HaShana Day 6",3299
"The Koren Shalem Siddur; Ashkenaz, Festivals, Tashlikh 1",3301
"The Koren Shalem Siddur; Ashkenaz, Festivals, Tashlikh 2",3302
"The Koren Shalem Siddur; Ashkenaz, Festivals, Tashlikh 3",3303
"The Koren Shalem Siddur; Ashkenaz, Festivals, Kaparot 1",3305
"The Koren Shalem Siddur; Ashkenaz, Festivals, Kaparot 2",3306
"The Koren Shalem Siddur; Ashkenaz, Festivals, Kaparot 3",3307
"The Koren Shalem Siddur; Ashkenaz, Festivals, Kaparot 4",3308
"The Koren Shalem Siddur; Ashkenaz, Festivals, Kaparot 5",3309
"The Koren Shalem Siddur; Ashkenaz, Festivals, Kaparot 6",3310
"The Koren Shalem Siddur; Ashkenaz, Festivals, Kaparot 7",3311
"The Koren Shalem Siddur; Ashkenaz, Festivals, Kaparot 8",3312
"The Koren Shalem Siddur; Ashkenaz, Festivals, Viduy for Minha of Erev Yom Kippur 1",3314
"The Koren Shalem Siddur; Ashkenaz, Festivals, Viduy for Minha of Erev Yom Kippur 2",3315
"The Koren Shalem Siddur; Ashkenaz, Festivals, Viduy for Minha of Erev Yom Kippur 3",3316
"The Koren Shalem Siddur; Ashkenaz, Festivals, Viduy for Minha of Erev Yom Kippur 4",3317
"The Koren Shalem Siddur; Ashkenaz, Festivals, Viduy for Minha of Erev Yom Kippur 5",3318
"The Koren Shalem Siddur; Ashkenaz, Festivals, Viduy for Minha of Erev Yom Kippur 6",3319
"The Koren Shalem Siddur; Ashkenaz, Festivals, Viduy for Minha of Erev Yom Kippur 7",3320
"The Koren Shalem Siddur; Ashkenaz, Festivals, Viduy for Minha of Erev Yom Kippur 8",3321
"The Koren Shalem Siddur; Ashkenaz, Festivals, Viduy for Minha of Erev Yom Kippur 9",3322
"The Koren Shalem Siddur; Ashkenaz, Festivals, Viduy for Minha of Erev Yom Kippur 10",3323
"The Koren Shalem Siddur; Ashkenaz, Festivals, Viduy for Minha of Erev Yom Kippur 11",3324
"The Koren Shalem Siddur; Ashkenaz, Festivals, Viduy for Minha of Erev Yom Kippur 12",3325
"The Koren Shalem Siddur; Ashkenaz, Festivals, Viduy for Minha of Erev Yom Kippur 13",3326
"The Koren Shalem Siddur; Ashkenaz, Festivals, Viduy for Minha of Erev Yom Kippur 14",3327
"The Koren Shalem Siddur; Ashkenaz, Festivals, Viduy for Minha of Erev Yom Kippur 15",3328
"The Koren Shalem Siddur; Ashkenaz, Festivals, Viduy for Minha of Erev Yom Kippur 16",3329
"The Koren Shalem Siddur; Ashkenaz, Festivals, Viduy for Minha of Erev Yom Kippur 17",3330
"The Koren Shalem Siddur; Ashkenaz, Festivals, Viduy for Minha of Erev Yom Kippur 18",3331
"The Koren Shalem Siddur; Ashkenaz, Festivals, Viduy for Minha of Erev Yom Kippur 19",3332
"The Koren Shalem Siddur; Ashkenaz, Festivals, Viduy for Minha of Erev Yom Kippur 20",3333
"The Koren Shalem Siddur; Ashkenaz, Festivals, Viduy for Minha of Erev Yom Kippur 21",3334
"The Koren Shalem Siddur; Ashkenaz, Festivals, Viduy for Minha of Erev Yom Kippur 22",3335
"The Koren Shalem Siddur; Ashkenaz, Festivals, Viduy for Minha of Erev Yom Kippur 23",3336
"The Koren Shalem Siddur; Ashkenaz, Festivals, Viduy for Minha of Erev Yom Kippur 24",3337
"The Koren Shalem Siddur; Ashkenaz, Festivals, Viduy for Minha of Erev Yom Kippur 25",3338
"The Koren Shalem Siddur; Ashkenaz, Festivals, Viduy for Minha of Erev Yom Kippur 26",3339
"The Koren Shalem Siddur; Ashkenaz, Festivals, Viduy for Minha of Erev Yom Kippur 27",3340
"The Koren Shalem Siddur; Ashkenaz, Festivals, Viduy for Minha of Erev Yom Kippur 28",3341
"The Koren Shalem Siddur; Ashkenaz, Festivals, Viduy for Minha of Erev Yom Kippur 29",3342
"The Koren Shalem Siddur; Ashkenaz, Festivals, Viduy for Minha of Erev Yom Kippur 30",3343
"The Koren Shalem Siddur; Ashkenaz, Festivals, Candle Lighting for Hanukka 1",3345
"The Koren Shalem Siddur; Ashkenaz, Festivals, Candle Lighting for Hanukka 2",3346
"The Koren Shalem Siddur; Ashkenaz, Festivals, Candle Lighting for Hanukka 3",3347
"The Koren Shalem Siddur; Ashkenaz, Festivals, Candle Lighting for Hanukka 4",3348
"The Koren Shalem Siddur; Ashkenaz, Festivals, Candle Lighting for Hanukka 5",3349
"The Koren Shalem Siddur; Ashkenaz, Festivals, Candle Lighting for Hanukka 6",3350
"The Koren Shalem Siddur; Ashkenaz, Festivals, Candle Lighting for Hanukka 7",3351
"The Koren Shalem Siddur; Ashkenaz, Festivals, Candle Lighting for Hanukka 8",3352
"The Koren Shalem Siddur; Ashkenaz, Festivals, Candle Lighting for Hanukka 9",3353
"The Koren Shalem Siddur; Ashkenaz, Festivals, Candle Lighting for Hanukka 10",3354
"The Koren Shalem Siddur; Ashkenaz, Festivals, Candle Lighting for Hanukka 11",3355
"The Koren Shalem Siddur; Ashkenaz, Festivals, Candle Lighting for Hanukka 12",3356
"The Koren Shalem Siddur; Ashkenaz, Festivals, Candle Lighting for Hanukka 13",3357
"The Koren Shalem Siddur; Ashkenaz, Festivals, Candle Lighting for Hanukka 14",3358
"The Koren Shalem Siddur; Ashkenaz, Festivals, Candle Lighting for Hanukka 15",3359
"The Koren Shalem Siddur; Ashkenaz, Festivals, Service for Purim 1",3361
"The Koren Shalem Siddur; Ashkenaz, Festivals, Service for Purim 2",3362
"The Koren Shalem Siddur; Ashkenaz, Festivals, Service for Purim 3",3363
"The Koren Shalem Siddur; Ashkenaz, Festivals, Service for Purim 4",3364
"The Koren Shalem Siddur; Ashkenaz, Festivals, Service for Purim 5",3365
"The Koren Shalem Siddur; Ashkenaz, Festivals, Service for Purim 6",3366
"The Koren Shalem Siddur; Ashkenaz, Festivals, Service for Purim 7",3367
"The Koren Shalem Siddur; Ashkenaz, Festivals, Service for Purim 8",3368
"The Koren Shalem Siddur; Ashkenaz, Festivals, Service for Purim 9",3369
"The Koren Shalem Siddur; Ashkenaz, Festivals, Service for Purim 10",3370
"The Koren Shalem Siddur; Ashkenaz, Festivals, Additions to Shaharit for Yom HaZikaron 1",3372
"The Koren Shalem Siddur; Ashkenaz, Festivals, Additions to Shaharit for Yom HaZikaron 2",3373
"The Koren Shalem Siddur; Ashkenaz, Festivals, Additions to Shaharit for Yom HaZikaron 3",3374
"The Koren Shalem Siddur; Ashkenaz, Festivals, Additions to Shaharit for Yom HaZikaron 4",3375
"The Koren Shalem Siddur; Ashkenaz, Festivals, Additions to Shaharit for Yom HaZikaron 5",3376
"The Koren Shalem Siddur; Ashkenaz, Festivals, Additions to Shaharit for Yom HaZikaron 6",3377
"The Koren Shalem Siddur; Ashkenaz, Festivals, Additions to Ma'ariv for Yom HaAtzma'ut 1",3379
"The Koren Shalem Siddur; Ashkenaz, Festivals, Additions to Ma'ariv for Yom HaAtzma'ut 2",3380
"The Koren Shalem Siddur; Ashkenaz, Festivals, Additions to Ma'ariv for Yom HaAtzma'ut 3",3381
"The Koren Shalem Siddur; Ashkenaz, Festivals, Additions to Ma'ariv for Yom HaAtzma'ut 4",3382
"The Koren Shalem Siddur; Ashkenaz, Festivals, Additions to Ma'ariv for Yom HaAtzma'ut 5",3383
"The Koren Shalem Siddur; Ashkenaz, Festivals, Additions to Ma'ariv for Yom HaAtzma'ut 6",3384
"The Koren Shalem Siddur; Ashkenaz, Festivals, Additions to Ma'ariv for Yom HaAtzma'ut 7",3385
"The Koren Shalem Siddur; Ashkenaz, Festivals, Additions to Ma'ariv for Yom HaAtzma'ut 8",3386
"The Koren Shalem Siddur; Ashkenaz, Festivals, Additions to Ma'ariv for Yom HaAtzma'ut 9",3387
"The Koren Shalem Siddur; Ashkenaz, Festivals, Additions to Ma'ariv for Yom HaAtzma'ut 10",3388
"The Koren Shalem Siddur; Ashkenaz, Festivals, Additions to Ma'ariv for Yom HaAtzma'ut 11",3389
"The Koren Shalem Siddur; Ashkenaz, Festivals, Additions to Ma'ariv for Yom HaAtzma'ut 12",3390
"The Koren Shalem Siddur; Ashkenaz, Festivals, Additions to Ma'ariv for Yom HaAtzma'ut 13",3391
"The Koren Shalem Siddur; Ashkenaz, Festivals, Additions to Ma'ariv for Yom HaAtzma'ut 14",3392
"The Koren Shalem Siddur; Ashkenaz, Festivals, Additions to Ma'ariv for Yom HaAtzma'ut 15",3393
"The Koren Shalem Siddur; Ashkenaz, Festivals, Additions to Ma'ariv for Yom HaAtzma'ut 16",3394
"The Koren Shalem Siddur; Ashkenaz, Festivals, Additions to Ma'ariv for Yom HaAtzma'ut 17",3395
"The Koren Shalem Siddur; Ashkenaz, Festivals, Additions to Ma'ariv for Yom HaAtzma'ut 18",3396
"The Koren Shalem Siddur; Ashkenaz, Festivals, Additions to Ma'ariv for Yom HaAtzma'ut 19",3397
"The Koren Shalem Siddur; Ashkenaz, Festivals, Additions to Ma'ariv for Yom HaAtzma'ut 20",3398
"The Koren Shalem Siddur; Ashkenaz, Festivals, Additions to Ma'ariv for Yom HaAtzma'ut 21",3399
"The Koren Shalem Siddur; Ashkenaz, Festivals, Additions to Ma'ariv for Yom HaAtzma'ut 22",3400
"The Koren Shalem Siddur; Ashkenaz, Festivals, Additions to Ma'ariv for Yom HaAtzma'ut 23",3401
"The Koren Shalem Siddur; Ashkenaz, Festivals, Additions to Ma'ariv for Yom HaAtzma'ut 24",3402
"The Koren Shalem Siddur; Ashkenaz, Festivals, Additions to Ma'ariv for Yom HaAtzma'ut 25",3403
"The Koren Shalem Siddur; Ashkenaz, Festivals, Additions to Ma'ariv for Yom HaAtzma'ut 26",3404
"The Koren Shalem Siddur; Ashkenaz, Festivals, Additions to Ma'ariv for Yom HaAtzma'ut 27",3405
"The Koren Shalem Siddur; Ashkenaz, Festivals, Additions to Ma'ariv for Yom HaAtzma'ut 28",3406
"The Koren Shalem Siddur; Ashkenaz, Festivals, Additions to Ma'ariv for Yom HaAtzma'ut 29",3407
"The Koren Shalem Siddur; Ashkenaz, Festivals, Additions to Ma'ariv for Yom HaAtzma'ut 30",3408
"The Koren Shalem Siddur; Ashkenaz, Festivals, Additions to Ma'ariv for Yom HaAtzma'ut 31",3409
"The Koren Shalem Siddur; Ashkenaz, Festivals, Additions to Shaharit for Yom HaAtzma'ut 1",3411
"The Koren Shalem Siddur; Ashkenaz, Festivals, Additions to Shaharit for Yom HaAtzma'ut 2",3412
"The Koren Shalem Siddur; Ashkenaz, Festivals, Additions to Shaharit for Yom HaAtzma'ut 3",3413
"The Koren Shalem Siddur; Ashkenaz, Festivals, Additions to Shaharit for Yom HaAtzma'ut 4",3414
"The Koren Shalem Siddur; Ashkenaz, Festivals, Selihot for the Tenth of Tevet 1",3417
"The Koren Shalem Siddur; Ashkenaz, Festivals, Selihot for the Tenth of Tevet 2",3418
"The Koren Shalem Siddur; Ashkenaz, Festivals, Selihot for the Tenth of Tevet 3",3419
"The Koren Shalem Siddur; Ashkenaz, Festivals, Selihot for the Tenth of Tevet 4",3420
"The Koren Shalem Siddur; Ashkenaz, Festivals, Selihot for the Tenth of Tevet 5",3421
"The Koren Shalem Siddur; Ashkenaz, Festivals, Selihot for the Tenth of Tevet 6",3422
"The Koren Shalem Siddur; Ashkenaz, Festivals, Selihot for the Tenth of Tevet 7",3423
"The Koren Shalem Siddur; Ashkenaz, Festivals, Selihot for the Tenth of Tevet 8",3424
"The Koren Shalem Siddur; Ashkenaz, Festivals, Selihot for the Tenth of Tevet 9",3425
"The Koren Shalem Siddur; Ashkenaz, Festivals, Selihot for the Tenth of Tevet 10",3426
"The Koren Shalem Siddur; Ashkenaz, Festivals, Selihot for the Tenth of Tevet 11",3427
"The Koren Shalem Siddur; Ashkenaz, Festivals, Selihot for the Tenth of Tevet 12",3428
"The Koren Shalem Siddur; Ashkenaz, Festivals, Selihot for the Tenth of Tevet 13",3429
"The Koren Shalem Siddur; Ashkenaz, Festivals, Selihot for the Tenth of Tevet 14",3430
"The Koren Shalem Siddur; Ashkenaz, Festivals, Selihot for the Tenth of Tevet 15",3431
"The Koren Shalem Siddur; Ashkenaz, Festivals, Selihot for the Tenth of Tevet 16",3432
"The Koren Shalem Siddur; Ashkenaz, Festivals, Selihot for the Tenth of Tevet 17",3433
"The Koren Shalem Siddur; Ashkenaz, Festivals, Selihot for the Tenth of Tevet 18",3434
"The Koren Shalem Siddur; Ashkenaz, Festivals, Selihot for the Tenth of Tevet 19",3435
"The Koren Shalem Siddur; Ashkenaz, Festivals, Selihot for the Tenth of Tevet 20",3436
"The Koren Shalem Siddur; Ashkenaz, Festivals, Selihot for the Tenth of Tevet 21",3437
"The Koren Shalem Siddur; Ashkenaz, Festivals, Selihot for the Tenth of Tevet 22",3438
"The Koren Shalem Siddur; Ashkenaz, Festivals, Selihot for the Tenth of Tevet 23",3439
"The Koren Shalem Siddur; Ashkenaz, Festivals, Selihot for the Tenth of Tevet 24",3440
"The Koren Shalem Siddur; Ashkenaz, Festivals, Selihot for the Tenth of Tevet 25",3441
"The Koren Shalem Siddur; Ashkenaz, Festivals, Selihot for the Tenth of Tevet 26",3442
"The Koren Shalem Siddur; Ashkenaz, Festivals, Selihot for the Tenth of Tevet 27",3443
"The Koren Shalem Siddur; Ashkenaz, Festivals, Selihot for the Tenth of Tevet 28",3444
"The Koren Shalem Siddur; Ashkenaz, Festivals, Selihot for the Tenth of Tevet 29",3445
"The Koren Shalem Siddur; Ashkenaz, Festivals, Selihot for the Tenth of Tevet 30",3446
"The Koren Shalem Siddur; Ashkenaz, Festivals, Selihot for the Tenth of Tevet 31",3447
"The Koren Shalem Siddur; Ashkenaz, Festivals, Selihot for the Tenth of Tevet 32",3448
"The Koren Shalem Siddur; Ashkenaz, Festivals, Selihot for the Tenth of Tevet 33",3449
"The Koren Shalem Siddur; Ashkenaz, Festivals, Selihot for the Tenth of Tevet 34",3450
"The Koren Shalem Siddur; Ashkenaz, Festivals, Selihot for the Tenth of Tevet 35",3451
"The Koren Shalem Siddur; Ashkenaz, Festivals, Selihot for the Tenth of Tevet 36",3452
"The Koren Shalem Siddur; Ashkenaz, Festivals, Selihot for the Tenth of Tevet 37",3453
"The Koren Shalem Siddur; Ashkenaz, Festivals, Selihot for the Tenth of Tevet 38",3454
"The Koren Shalem Siddur; Ashkenaz, Festivals, Selihot for the Tenth of Tevet 39",3455
"The Koren Shalem Siddur; Ashkenaz, Festivals, Selihot for the Tenth of Tevet 40",3456
"The Koren Shalem Siddur; Ashkenaz, Festivals, Selihot for the Tenth of Tevet 41",3457
"The Koren Shalem Siddur; Ashkenaz, Festivals, Selihot for the Tenth of Tevet 42",3458
"The Koren Shalem Siddur; Ashkenaz, Festivals, Selihot for the Tenth of Tevet 43",3459
"The Koren Shalem Siddur; Ashkenaz, Festivals, Selihot for the Tenth of Tevet 44",3460
"The Koren Shalem Siddur; Ashkenaz, Festivals, Selihot for the Tenth of Tevet 45",3461
"The Koren Shalem Siddur; Ashkenaz, Festivals, Selihot for the Tenth of Tevet 46",3462
"The Koren Shalem Siddur; Ashkenaz, Festivals, Selihot for the Tenth of Tevet 47",3463
"The Koren Shalem Siddur; Ashkenaz, Festivals, Selihot for the Tenth of Tevet 48",3464
"The Koren Shalem Siddur; Ashkenaz, Festivals, Selihot for the Tenth of Tevet 49",3465
"The Koren Shalem Siddur; Ashkenaz, Festivals, Selihot for the Tenth of Tevet 50",3466
"The Koren Shalem Siddur; Ashkenaz, Festivals, Selihot for the Tenth of Tevet 51",3467
"The Koren Shalem Siddur; Ashkenaz, Festivals, Selihot for the Fast of Esther 1",3469
"The Koren Shalem Siddur; Ashkenaz, Festivals, Selihot for the Fast of Esther 2",3470
"The Koren Shalem Siddur; Ashkenaz, Festivals, Selihot for the Fast of Esther 3",3471
"The Koren Shalem Siddur; Ashkenaz, Festivals, Selihot for the Fast of Esther 4",3472
"The Koren Shalem Siddur; Ashkenaz, Festivals, Selihot for the Fast of Esther 5",3473
"The Koren Shalem Siddur; Ashkenaz, Festivals, Selihot for the Fast of Esther 6",3474
"The Koren Shalem Siddur; Ashkenaz, Festivals, Selihot for the Fast of Esther 7",3475
"The Koren Shalem Siddur; Ashkenaz, Festivals, Selihot for the Fast of Esther 8",3476
"The Koren Shalem Siddur; Ashkenaz, Festivals, Selihot for the Fast of Esther 9",3477
"The Koren Shalem Siddur; Ashkenaz, Festivals, Selihot for the Fast of Esther 10",3478
"The Koren Shalem Siddur; Ashkenaz, Festivals, Selihot for the Fast of Esther 11",3479
"The Koren Shalem Siddur; Ashkenaz, Festivals, Selihot for the Fast of Esther 12",3480
"The Koren Shalem Siddur; Ashkenaz, Festivals, Selihot for the Fast of Esther 13",3481
"The Koren Shalem Siddur; Ashkenaz, Festivals, Selihot for the Fast of Esther 14",3482
"The Koren Shalem Siddur; Ashkenaz, Festivals, Selihot for the Fast of Esther 15",3483
"The Koren Shalem Siddur; Ashkenaz, Festivals, Selihot for the Fast of Esther 16",3484
"The Koren Shalem Siddur; Ashkenaz, Festivals, Selihot for the Fast of Esther 17",3485
"The Koren Shalem Siddur; Ashkenaz, Festivals, Selihot for the Fast of Esther 18",3486
"The Koren Shalem Siddur; Ashkenaz, Festivals, Selihot for the Fast of Esther 19",3487
"The Koren Shalem Siddur; Ashkenaz, Festivals, Selihot for the Fast of Esther 20",3488
"The Koren Shalem Siddur; Ashkenaz, Festivals, Selihot for the Fast of Esther 21",3489
"The Koren Shalem Siddur; Ashkenaz, Festivals, Selihot for the Fast of Esther 22",3490
"The Koren Shalem Siddur; Ashkenaz, Festivals, Selihot for the Fast of Esther 23",3491
"The Koren Shalem Siddur; Ashkenaz, Festivals, Selihot for the Fast of Esther 24",3492
"The Koren Shalem Siddur; Ashkenaz, Festivals, Selihot for the Fast of Esther 25",3493
"The Koren Shalem Siddur; Ashkenaz, Festivals, Selihot for the Fast of Esther 26",3494
"The Koren Shalem Siddur; Ashkenaz, Festivals, Selihot for the Fast of Esther 27",3495
"The Koren Shalem Siddur; Ashkenaz, Festivals, Selihot for the Fast of Esther 28",3496
"The Koren Shalem Siddur; Ashkenaz, Festivals, Selihot for the Fast of Esther 29",3497
"The Koren Shalem Siddur; Ashkenaz, Festivals, Selihot for the Fast of Esther 30",3498
"The Koren Shalem Siddur; Ashkenaz, Festivals, Selihot for the Fast of Esther 31",3499
"The Koren Shalem Siddur; Ashkenaz, Festivals, Selihot for the Fast of Esther 32",3500
"The Koren Shalem Siddur; Ashkenaz, Festivals, Selihot for the Fast of Esther 33",3501
"The Koren Shalem Siddur; Ashkenaz, Festivals, Selihot for the Fast of Esther 34",3502
"The Koren Shalem Siddur; Ashkenaz, Festivals, Selihot for the Fast of Esther 35",3503
"The Koren Shalem Siddur; Ashkenaz, Festivals, Selihot for the Fast of Esther 36",3504
"The Koren Shalem Siddur; Ashkenaz, Festivals, Selihot for the Fast of Esther 37",3505
"The Koren Shalem Siddur; Ashkenaz, Festivals, Selihot for the Fast of Esther 38",3506
"The Koren Shalem Siddur; Ashkenaz, Festivals, Selihot for the Fast of Esther 39",3507
"The Koren Shalem Siddur; Ashkenaz, Festivals, Selihot for the Fast of Esther 40",3508
"The Koren Shalem Siddur; Ashkenaz, Festivals, Selihot for the Fast of Esther 41",3509
"The Koren Shalem Siddur; Ashkenaz, Festivals, Selihot for the Fast of Esther 42",3510
"The Koren Shalem Siddur; Ashkenaz, Festivals, Selihot for the Fast of Esther 43",3511
"The Koren Shalem Siddur; Ashkenaz, Festivals, Selihot for the Fast of Esther 44",3512
"The Koren Shalem Siddur; Ashkenaz, Festivals, Selihot for the Seventeenth of Tammuz 1",3514
"The Koren Shalem Siddur; Ashkenaz, Festivals, Selihot for the Seventeenth of Tammuz 2",3515
"The Koren Shalem Siddur; Ashkenaz, Festivals, Selihot for the Seventeenth of Tammuz 3",3516
"The Koren Shalem Siddur; Ashkenaz, Festivals, Selihot for the Seventeenth of Tammuz 4",3517
"The Koren Shalem Siddur; Ashkenaz, Festivals, Selihot for the Seventeenth of Tammuz 5",3518
"The Koren Shalem Siddur; Ashkenaz, Festivals, Selihot for the Seventeenth of Tammuz 6",3519
"The Koren Shalem Siddur; Ashkenaz, Festivals, Selihot for the Seventeenth of Tammuz 7",3520
"The Koren Shalem Siddur; Ashkenaz, Festivals, Selihot for the Seventeenth of Tammuz 8",3521
"The Koren Shalem Siddur; Ashkenaz, Festivals, Selihot for the Seventeenth of Tammuz 9",3522
"The Koren Shalem Siddur; Ashkenaz, Festivals, Selihot for the Seventeenth of Tammuz 10",3523
"The Koren Shalem Siddur; Ashkenaz, Festivals, Selihot for the Seventeenth of Tammuz 11",3524
"The Koren Shalem Siddur; Ashkenaz, Festivals, Selihot for the Seventeenth of Tammuz 12",3525
"The Koren Shalem Siddur; Ashkenaz, Festivals, Selihot for the Seventeenth of Tammuz 13",3526
"The Koren Shalem Siddur; Ashkenaz, Festivals, Selihot for the Seventeenth of Tammuz 14",3527
"The Koren Shalem Siddur; Ashkenaz, Festivals, Selihot for the Seventeenth of Tammuz 15",3528
"The Koren Shalem Siddur; Ashkenaz, Festivals, Selihot for the Seventeenth of Tammuz 16",3529
"The Koren Shalem Siddur; Ashkenaz, Festivals, Selihot for the Seventeenth of Tammuz 17",3530
"The Koren Shalem Siddur; Ashkenaz, Festivals, Selihot for the Seventeenth of Tammuz 18",3531
"The Koren Shalem Siddur; Ashkenaz, Festivals, Selihot for the Seventeenth of Tammuz 19",3532
"The Koren Shalem Siddur; Ashkenaz, Festivals, Selihot for the Seventeenth of Tammuz 20",3533
"The Koren Shalem Siddur; Ashkenaz, Festivals, Selihot for the Seventeenth of Tammuz 21",3534
"The Koren Shalem Siddur; Ashkenaz, Festivals, Selihot for the Seventeenth of Tammuz 22",3535
"The Koren Shalem Siddur; Ashkenaz, Festivals, Selihot for the Seventeenth of Tammuz 23",3536
"The Koren Shalem Siddur; Ashkenaz, Festivals, Selihot for the Seventeenth of Tammuz 24",3537
"The Koren Shalem Siddur; Ashkenaz, Festivals, Selihot for the Seventeenth of Tammuz 25",3538
"The Koren Shalem Siddur; Ashkenaz, Festivals, Selihot for the Seventeenth of Tammuz 26",3539
"The Koren Shalem Siddur; Ashkenaz, Festivals, Selihot for the Seventeenth of Tammuz 27",3540
"The Koren Shalem Siddur; Ashkenaz, Festivals, Selihot for the Seventeenth of Tammuz 28",3541
"The Koren Shalem Siddur; Ashkenaz, Festivals, Selihot for the Seventeenth of Tammuz 29",3542
"The Koren Shalem Siddur; Ashkenaz, Festivals, Selihot for the Seventeenth of Tammuz 30",3543
"The Koren Shalem Siddur; Ashkenaz, Festivals, Selihot for the Seventeenth of Tammuz 31",3544
"The Koren Shalem Siddur; Ashkenaz, Festivals, Selihot for the Seventeenth of Tammuz 32",3545
"The Koren Shalem Siddur; Ashkenaz, Festivals, Selihot for the Seventeenth of Tammuz 33",3546
"The Koren Shalem Siddur; Ashkenaz, Festivals, Selihot for the Seventeenth of Tammuz 34",3547
"The Koren Shalem Siddur; Ashkenaz, Festivals, Selihot for the Seventeenth of Tammuz 35",3548
"The Koren Shalem Siddur; Ashkenaz, Festivals, Selihot for the Seventeenth of Tammuz 36",3549
"The Koren Shalem Siddur; Ashkenaz, Festivals, Selihot for the Seventeenth of Tammuz 37",3550
"The Koren Shalem Siddur; Ashkenaz, Festivals, Selihot for the Seventeenth of Tammuz 38",3551
"The Koren Shalem Siddur; Ashkenaz, Festivals, Selihot for the Seventeenth of Tammuz 39",3552
"The Koren Shalem Siddur; Ashkenaz, Festivals, Selihot for the Seventeenth of Tammuz 40",3553
"The Koren Shalem Siddur; Ashkenaz, Festivals, Selihot for the Seventeenth of Tammuz 41",3554
"The Koren Shalem Siddur; Ashkenaz, Festivals, Selihot for the Seventeenth of Tammuz 42",3555
"The Koren Shalem Siddur; Ashkenaz, Festivals, Selihot for the Seventeenth of Tammuz 43",3556
"The Koren Shalem Siddur; Ashkenaz, Festivals, Selihot for the Seventeenth of Tammuz 44",3557
"The Koren Shalem Siddur; Ashkenaz, Festivals, Selihot for the Seventeenth of Tammuz 45",3558
"The Koren Shalem Siddur; Ashkenaz, Festivals, Selihot for the Seventeenth of Tammuz 46",3559
"The Koren Shalem Siddur; Ashkenaz, Festivals, Selihot for the Seventeenth of Tammuz 47",3560
"The Koren Shalem Siddur; Ashkenaz, Festivals, Selihot for the Seventeenth of Tammuz 48",3561
"The Koren Shalem Siddur; Ashkenaz, Festivals, Selihot for the Seventeenth of Tammuz 49",3562
"The Koren Shalem Siddur; Ashkenaz, Festivals, Selihot for the Seventeenth of Tammuz 50",3563
"The Koren Shalem Siddur; Ashkenaz, Festivals, Selihot for the Seventeenth of Tammuz 51",3564
"The Koren Shalem Siddur; Ashkenaz, Festivals, Selihot for the Seventeenth of Tammuz 52",3565
"The Koren Shalem Siddur; Ashkenaz, Festivals, Selihot for the Seventeenth of Tammuz 53",3566
"The Koren Shalem Siddur; Ashkenaz, Festivals, Selihot for the Seventeenth of Tammuz 54",3567
"The Koren Shalem Siddur; Ashkenaz, Festivals, Selihot for the Seventeenth of Tammuz 55",3568
"The Koren Shalem Siddur; Ashkenaz, Festivals, Selihot for the Seventeenth of Tammuz 56",3569
"The Koren Shalem Siddur; Ashkenaz, Festivals, Selihot for the Seventeenth of Tammuz 57",3570
"The Koren Shalem Siddur; Ashkenaz, Festivals, Selihot for the Seventeenth of Tammuz 58",3571
"The Koren Shalem Siddur; Ashkenaz, Festivals, Selihot for the Seventeenth of Tammuz 59",3572
"The Koren Shalem Siddur; Ashkenaz, Festivals, Selihot for the Seventeenth of Tammuz 60",3573
"The Koren Shalem Siddur; Ashkenaz, Festivals, Selihot for the Seventeenth of Tammuz 61",3574
"The Koren Shalem Siddur; Ashkenaz, Festivals, Selihot for the Seventeenth of Tammuz 62",3575
"The Koren Shalem Siddur; Ashkenaz, Festivals, Selihot for the Seventeenth of Tammuz 63",3576
"The Koren Shalem Siddur; Ashkenaz, Festivals, Selihot for the Seventeenth of Tammuz 64",3577
"The Koren Shalem Siddur; Ashkenaz, Festivals, Selihot for the Seventeenth of Tammuz 65",3578
"The Koren Shalem Siddur; Ashkenaz, Festivals, Selihot for the Seventeenth of Tammuz 66",3579
"The Koren Shalem Siddur; Ashkenaz, Festivals, Selihot for the Seventeenth of Tammuz 67",3580
"The Koren Shalem Siddur; Ashkenaz, Festivals, Selihot for the Seventeenth of Tammuz 68",3581
"The Koren Shalem Siddur; Ashkenaz, Festivals, Selihot for the Seventeenth of Tammuz 69",3582
"The Koren Shalem Siddur; Ashkenaz, Festivals, Selihot for the Seventeenth of Tammuz 70",3583
"The Koren Shalem Siddur; Ashkenaz, Festivals, Selihot for the Seventeenth of Tammuz 71",3584
"The Koren Shalem Siddur; Ashkenaz, Festivals, Selihot for the Seventeenth of Tammuz 72",3585
"The Koren Shalem Siddur; Ashkenaz, Festivals, Selihot for the Seventeenth of Tammuz 73",3586
"The Koren Shalem Siddur; Ashkenaz, Festivals, Selihot for the Seventeenth of Tammuz 74",3587
"The Koren Shalem Siddur; Ashkenaz, Festivals, Selihot for the Seventeenth of Tammuz 75",3588
"The Koren Shalem Siddur; Ashkenaz, Festivals, Selihot for the Seventeenth of Tammuz 76",3589
"The Koren Shalem Siddur; Ashkenaz, Festivals, Selihot for the Seventeenth of Tammuz 77",3590
"The Koren Shalem Siddur; Ashkenaz, Festivals, Selihot for the Seventeenth of Tammuz 78",3591
"The Koren Shalem Siddur; Ashkenaz, Festivals, Selihot for the Seventeenth of Tammuz 79",3592
"The Koren Shalem Siddur; Ashkenaz, Festivals, Selihot for the Seventeenth of Tammuz 80",3593
"The Koren Shalem Siddur; Ashkenaz, Festivals, Selihot for the Seventeenth of Tammuz 81",3594
"The Koren Shalem Siddur; Ashkenaz, Festivals, Selihot for the Seventeenth of Tammuz 82",3595
"The Koren Shalem Siddur; Ashkenaz, Festivals, Selihot for the Seventeenth of Tammuz 83",3596
"The Koren Shalem Siddur; Ashkenaz, Festivals, Selihot for the Seventeenth of Tammuz 84",3597
"The Koren Shalem Siddur; Ashkenaz, Festivals, Selihot; All Days 1",3599
"The Koren Shalem Siddur; Ashkenaz, Festivals, Selihot; All Days 2",3600
"The Koren Shalem Siddur; Ashkenaz, Festivals, Selihot; All Days 3",3601
"The Koren Shalem Siddur; Ashkenaz, Festivals, Selihot; All Days 4",3602
"The Koren Shalem Siddur; Ashkenaz, Festivals, Selihot; All Days 5",3603
"The Koren Shalem Siddur; Ashkenaz, Festivals, Selihot; All Days 6",3604
"The Koren Shalem Siddur; Ashkenaz, Festivals, Selihot; All Days 7",3605
"The Koren Shalem Siddur; Ashkenaz, Festivals, Selihot; All Days 8",3606
"The Koren Shalem Siddur; Ashkenaz, Festivals, Selihot; All Days 9",3607
"The Koren Shalem Siddur; Ashkenaz, Festivals, Selihot; All Days 10",3608
"The Koren Shalem Siddur; Ashkenaz, Festivals, Selihot; All Days 11",3609
"The Koren Shalem Siddur; Ashkenaz, Festivals, Selihot; All Days 12",3610
"The Koren Shalem Siddur; Ashkenaz, Giving Thanks, Birkat HaMazon; Grace after Meals 1",3613
"The Koren Shalem Siddur; Ashkenaz, Giving Thanks, Birkat HaMazon; Grace after Meals 2",3614
"The Koren Shalem Siddur; Ashkenaz, Giving Thanks, Birkat HaMazon; Grace after Meals 3",3615
"The Koren Shalem Siddur; Ashkenaz, Giving Thanks, Birkat HaMazon; Grace after Meals 4",3616
"The Koren Shalem Siddur; Ashkenaz, Giving Thanks, Birkat HaMazon; Grace after Meals 5",3617
"The Koren Shalem Siddur; Ashkenaz, Giving Thanks, Birkat HaMazon; Grace after Meals 6",3618
"The Koren Shalem Siddur; Ashkenaz, Giving Thanks, Birkat HaMazon; Grace after Meals 7",3619
"The Koren Shalem Siddur; Ashkenaz, Giving Thanks, Birkat HaMazon; Grace after Meals 8",3620
"The Koren Shalem Siddur; Ashkenaz, Giving Thanks, Birkat HaMazon; Grace after Meals 9",3621
"The Koren Shalem Siddur; Ashkenaz, Giving Thanks, Birkat HaMazon; Grace after Meals 10",3622
"The Koren Shalem Siddur; Ashkenaz, Giving Thanks, Birkat HaMazon; Grace after Meals 11",3623
"The Koren Shalem Siddur; Ashkenaz, Giving Thanks, Birkat HaMazon; Grace after Meals 12",3624
"The Koren Shalem Siddur; Ashkenaz, Giving Thanks, Birkat HaMazon; Grace after Meals 13",3625
"The Koren Shalem Siddur; Ashkenaz, Giving Thanks, Birkat HaMazon; Grace after Meals 14",3626
"The Koren Shalem Siddur; Ashkenaz, Giving Thanks, Birkat HaMazon; Grace after Meals 15",3627
"The Koren Shalem Siddur; Ashkenaz, Giving Thanks, Birkat HaMazon; Grace after Meals 16",3628
"The Koren Shalem Siddur; Ashkenaz, Giving Thanks, Birkat HaMazon; Grace after Meals 17",3629
"The Koren Shalem Siddur; Ashkenaz, Giving Thanks, Birkat HaMazon; Grace after Meals 18",3630
"The Koren Shalem Siddur; Ashkenaz, Giving Thanks, Birkat HaMazon; Grace after Meals 19",3631
"The Koren Shalem Siddur; Ashkenaz, Giving Thanks, Birkat HaMazon; Grace after Meals 20",3632
"The Koren Shalem Siddur; Ashkenaz, Giving Thanks, Birkat HaMazon; Grace after Meals 21",3633
"The Koren Shalem Siddur; Ashkenaz, Giving Thanks, Birkat HaMazon; Grace after Meals 22",3634
"The Koren Shalem Siddur; Ashkenaz, Giving Thanks, Birkat HaMazon; Grace after Meals 23",3635
"The Koren Shalem Siddur; Ashkenaz, Giving Thanks, Birkat HaMazon; Grace after Meals 24",3636
"The Koren Shalem Siddur; Ashkenaz, Giving Thanks, Birkat HaMazon; Grace after Meals 25",3637
"The Koren Shalem Siddur; Ashkenaz, Giving Thanks, Birkat HaMazon; Grace after Meals 26",3638
"The Koren Shalem Siddur; Ashkenaz, Giving Thanks, Birkat HaMazon; Grace after Meals 27",3639
"The Koren Shalem Siddur; Ashkenaz, Giving Thanks, Birkat HaMazon; Grace after Meals 28",3640
"The Koren Shalem Siddur; Ashkenaz, Giving Thanks, Birkat HaMazon; Grace after Meals 29",3641
"The Koren Shalem Siddur; Ashkenaz, Giving Thanks, Birkat HaMazon; Grace after Meals 30",3642
"The Koren Shalem Siddur; Ashkenaz, Giving Thanks, Birkat HaMazon; Grace after Meals 31",3643
"The Koren Shalem Siddur; Ashkenaz, Giving Thanks, Birkat HaMazon; Grace after Meals 32",3644
"The Koren Shalem Siddur; Ashkenaz, Giving Thanks, Birkat HaMazon; Grace after Meals 33",3645
"The Koren Shalem Siddur; Ashkenaz, Giving Thanks, Birkat HaMazon; Grace after Meals 34",3646
"The Koren Shalem Siddur; Ashkenaz, Giving Thanks, Birkat HaMazon; Grace after Meals 35",3647
"The Koren Shalem Siddur; Ashkenaz, Giving Thanks, Birkat HaMazon; Grace after Meals 36",3648
"The Koren Shalem Siddur; Ashkenaz, Giving Thanks, Birkat HaMazon; Grace after Meals 37",3649
"The Koren Shalem Siddur; Ashkenaz, Giving Thanks, Birkat HaMazon; Grace after Meals 38",3650
"The Koren Shalem Siddur; Ashkenaz, Giving Thanks, Birkat HaMazon; Grace after Meals 39",3651
"The Koren Shalem Siddur; Ashkenaz, Giving Thanks, Birkat HaMazon; Grace after Meals 40",3652
"The Koren Shalem Siddur; Ashkenaz, Giving Thanks, Birkat HaMazon; Grace after Meals 41",3653
"The Koren Shalem Siddur; Ashkenaz, Giving Thanks, Birkat HaMazon; Grace after Meals 42",3654
"The Koren Shalem Siddur; Ashkenaz, Giving Thanks, Birkat HaMazon; Grace after Meals 43",3655
"The Koren Shalem Siddur; Ashkenaz, Giving Thanks, Birkat HaMazon; Grace after Meals 44",3656
"The Koren Shalem Siddur; Ashkenaz, Giving Thanks, Birkat HaMazon; Grace after Meals 45",3657
"The Koren Shalem Siddur; Ashkenaz, Giving Thanks, Birkat HaMazon; Grace after Meals 46",3658
"The Koren Shalem Siddur; Ashkenaz, Giving Thanks, Birkat HaMazon; Grace after Meals 47",3659
"The Koren Shalem Siddur; Ashkenaz, Giving Thanks, Birkat HaMazon; Grace after Meals 48",3660
"The Koren Shalem Siddur; Ashkenaz, Giving Thanks, Birkat HaMazon; Grace after Meals 49",3661
"The Koren Shalem Siddur; Ashkenaz, Giving Thanks, Birkat HaMazon; Grace after Meals 50",3662
"The Koren Shalem Siddur; Ashkenaz, Giving Thanks, Birkat HaMazon; Grace after Meals 51",3663
"The Koren Shalem Siddur; Ashkenaz, Giving Thanks, Birkat HaMazon; Grace after Meals 52",3664
"The Koren Shalem Siddur; Ashkenaz, Giving Thanks, Birkat HaMazon; Grace after Meals 53",3665
"The Koren Shalem Siddur; Ashkenaz, Giving Thanks, Birkat HaMazon; Grace after Meals 54",3666
"The Koren Shalem Siddur; Ashkenaz, Giving Thanks, Birkat HaMazon; Grace after Meals 55",3667
"The Koren Shalem Siddur; Ashkenaz, Giving Thanks, Birkat HaMazon; Grace after Meals 56",3668
"The Koren Shalem Siddur; Ashkenaz, Giving Thanks, Birkat HaMazon; Grace after Meals 57",3669
"The Koren Shalem Siddur; Ashkenaz, Giving Thanks, Birkat HaMazon; Grace after Meals 58",3670
"The Koren Shalem Siddur; Ashkenaz, Giving Thanks, Birkat HaMazon; Grace after Meals 59",3671
"The Koren Shalem Siddur; Ashkenaz, Giving Thanks, Birkat HaMazon; Grace after Meals 60",3672
"The Koren Shalem Siddur; Ashkenaz, Giving Thanks, Birkat HaMazon; Grace after Meals 61",3673
"The Koren Shalem Siddur; Ashkenaz, Giving Thanks, Birkat HaMazon; Grace after Meals 62",3674
"The Koren Shalem Siddur; Ashkenaz, Giving Thanks, Birkat HaMazon; Grace after Meals 63",3675
"The Koren Shalem Siddur; Ashkenaz, Giving Thanks, Birkat HaMazon; Grace after Meals 64",3676
"The Koren Shalem Siddur; Ashkenaz, Giving Thanks, Birkat HaMazon; Grace after Meals 65",3677
"The Koren Shalem Siddur; Ashkenaz, Giving Thanks, Birkat HaMazon; Grace after Meals 66",3678
"The Koren Shalem Siddur; Ashkenaz, Giving Thanks, Birkat HaMazon; Grace after Meals 67",3679
"The Koren Shalem Siddur; Ashkenaz, Giving Thanks, Birkat HaMazon; Grace after Meals 68",3680
"The Koren Shalem Siddur; Ashkenaz, Giving Thanks, Birkat HaMazon; Grace after Meals 69",3681
"The Koren Shalem Siddur; Ashkenaz, Giving Thanks, Birkat HaMazon; Grace after Meals 70",3682
"The Koren Shalem Siddur; Ashkenaz, Giving Thanks, Birkat HaMazon; Grace after Meals 71",3683
"The Koren Shalem Siddur; Ashkenaz, Giving Thanks, Birkat HaMazon; Grace after Meals 72",3684
"The Koren Shalem Siddur; Ashkenaz, Giving Thanks, Birkat HaMazon; Grace after Meals 73",3685
"The Koren Shalem Siddur; Ashkenaz, Giving Thanks, Birkat HaMazon; Grace after Meals 74",3686
"The Koren Shalem Siddur; Ashkenaz, Giving Thanks, Birkat HaMazon; Grace after Meals 75",3687
"The Koren Shalem Siddur; Ashkenaz, Giving Thanks, Birkat HaMazon; Grace after Meals 76",3688
"The Koren Shalem Siddur; Ashkenaz, Giving Thanks, Birkat HaMazon; Grace after Meals 77",3689
"The Koren Shalem Siddur; Ashkenaz, Giving Thanks, Birkat HaMazon; Grace after Meals 78",3690
"The Koren Shalem Siddur; Ashkenaz, Giving Thanks, Birkat HaMazon; Grace after Meals 79",3691
"The Koren Shalem Siddur; Ashkenaz, Giving Thanks, Birkat HaMazon; Grace after Meals 80",3692
"The Koren Shalem Siddur; Ashkenaz, Giving Thanks, Birkat HaMazon; Grace after Meals 81",3693
"The Koren Shalem Siddur; Ashkenaz, Giving Thanks, Birkat HaMazon; Grace after Meals 82",3694
"The Koren Shalem Siddur; Ashkenaz, Giving Thanks, Birkat HaMazon; Grace after Meals 83",3695
"The Koren Shalem Siddur; Ashkenaz, Giving Thanks, Birkat HaMazon; Grace after Meals 84",3696
"The Koren Shalem Siddur; Ashkenaz, Giving Thanks, Birkat HaMazon; Grace after Meals 85",3697
"The Koren Shalem Siddur; Ashkenaz, Giving Thanks, Birkat HaMazon; Grace after Meals 86",3698
"The Koren Shalem Siddur; Ashkenaz, Giving Thanks, Birkat HaMazon; Grace after Meals 87",3699
"The Koren Shalem Siddur; Ashkenaz, Giving Thanks, Birkat HaMazon; Grace after Meals 88",3700
"The Koren Shalem Siddur; Ashkenaz, Giving Thanks, Birkat HaMazon; Grace after Meals 89",3701
"The Koren Shalem Siddur; Ashkenaz, Giving Thanks, Birkat HaMazon; Grace after Meals 90",3702
"The Koren Shalem Siddur; Ashkenaz, Giving Thanks, Birkat HaMazon; Grace after Meals 91",3703
"The Koren Shalem Siddur; Ashkenaz, Giving Thanks, Birkat HaMazon; Grace after Meals 92",3704
"The Koren Shalem Siddur; Ashkenaz, Giving Thanks, Birkat HaMazon; Grace after Meals 93",3705
"The Koren Shalem Siddur; Ashkenaz, Giving Thanks, Birkat HaMazon; Grace after Meals 94",3706
"The Koren Shalem Siddur; Ashkenaz, Giving Thanks, Birkat HaMazon; Grace after Meals 95",3707
"The Koren Shalem Siddur; Ashkenaz, Giving Thanks, Blessings on Mitzvot 1",3709
"The Koren Shalem Siddur; Ashkenaz, Giving Thanks, Blessings on Mitzvot 2",3710
"The Koren Shalem Siddur; Ashkenaz, Giving Thanks, Blessings on Mitzvot 3",3711
"The Koren Shalem Siddur; Ashkenaz, Giving Thanks, Blessings on Mitzvot 4",3712
"The Koren Shalem Siddur; Ashkenaz, Giving Thanks, Blessings on Mitzvot 5",3713
"The Koren Shalem Siddur; Ashkenaz, Giving Thanks, Blessings on Mitzvot 6",3714
"The Koren Shalem Siddur; Ashkenaz, Giving Thanks, Blessings on Mitzvot 7",3715
"The Koren Shalem Siddur; Ashkenaz, Giving Thanks, Blessings on Mitzvot 8",3716
"The Koren Shalem Siddur; Ashkenaz, Giving Thanks, Blessings on Mitzvot 9",3717
"The Koren Shalem Siddur; Ashkenaz, Giving Thanks, Blessings on Mitzvot 10",3718
"The Koren Shalem Siddur; Ashkenaz, Giving Thanks, Blessings on Mitzvot 11",3719
"The Koren Shalem Siddur; Ashkenaz, Giving Thanks, Blessings on Mitzvot 12",3720
"The Koren Shalem Siddur; Ashkenaz, Giving Thanks, Blessings on Mitzvot 13",3721
"The Koren Shalem Siddur; Ashkenaz, Giving Thanks, Blessings on Mitzvot 14",3722
"The Koren Shalem Siddur; Ashkenaz, Giving Thanks, Blessings on Mitzvot 15",3723
"The Koren Shalem Siddur; Ashkenaz, Giving Thanks, Blessings on Mitzvot 16",3724
"The Koren Shalem Siddur; Ashkenaz, Giving Thanks, Blessings on Mitzvot 17",3725
"The Koren Shalem Siddur; Ashkenaz, Giving Thanks, Blessings on Mitzvot 18",3726
"The Koren Shalem Siddur; Ashkenaz, Giving Thanks, Blessings on Pleasures, Sights and Sounds 1",3728
"The Koren Shalem Siddur; Ashkenaz, Giving Thanks, Blessings on Pleasures, Sights and Sounds 2",3729
"The Koren Shalem Siddur; Ashkenaz, Giving Thanks, Blessings on Pleasures, Sights and Sounds 3",3730
"The Koren Shalem Siddur; Ashkenaz, Giving Thanks, Blessings on Pleasures, Sights and Sounds 4",3731
"The Koren Shalem Siddur; Ashkenaz, Giving Thanks, Blessings on Pleasures, Sights and Sounds 5",3732
"The Koren Shalem Siddur; Ashkenaz, Giving Thanks, Blessings on Pleasures, Sights and Sounds 6",3733
"The Koren Shalem Siddur; Ashkenaz, Giving Thanks, Blessings on Pleasures, Sights and Sounds 7",3734
"The Koren Shalem Siddur; Ashkenaz, Giving Thanks, Blessings on Pleasures, Sights and Sounds 8",3735
"The Koren Shalem Siddur; Ashkenaz, Giving Thanks, Blessings on Pleasures, Sights and Sounds 9",3736
"The Koren Shalem Siddur; Ashkenaz, Giving Thanks, Blessings on Pleasures, Sights and Sounds 10",3737
"The Koren Shalem Siddur; Ashkenaz, Giving Thanks, Blessings on Pleasures, Sights and Sounds 11",3738
"The Koren Shalem Siddur; Ashkenaz, Giving Thanks, Blessings on Pleasures, Sights and Sounds 12",3739
"The Koren Shalem Siddur; Ashkenaz, Giving Thanks, Blessings on Pleasures, Sights and Sounds 13",3740
"The Koren Shalem Siddur; Ashkenaz, Giving Thanks, Blessings on Pleasures, Sights and Sounds 14",3741
"The Koren Shalem Siddur; Ashkenaz, Giving Thanks, Blessings on Pleasures, Sights and Sounds 15",3742
"The Koren Shalem Siddur; Ashkenaz, Giving Thanks, Blessings on Pleasures, Sights and Sounds 16",3743
"The Koren Shalem Siddur; Ashkenaz, Giving Thanks, Blessings on Pleasures, Sights and Sounds 17",3744
"The Koren Shalem Siddur; Ashkenaz, Giving Thanks, Blessings on Pleasures, Sights and Sounds 18",3745
"The Koren Shalem Siddur; Ashkenaz, Giving Thanks, Blessings on Pleasures, Sights and Sounds 19",3746
"The Koren Shalem Siddur; Ashkenaz, Giving Thanks, Blessings on Pleasures, Sights and Sounds 20",3747
"The Koren Shalem Siddur; Ashkenaz, Giving Thanks, Blessings on Pleasures, Sights and Sounds 21",3748
"The Koren Shalem Siddur; Ashkenaz, Giving Thanks, Blessings on Pleasures, Sights and Sounds 22",3749
"The Koren Shalem Siddur; Ashkenaz, Giving Thanks, Blessings on Pleasures, Sights and Sounds 23",3750
"The Koren Shalem Siddur; Ashkenaz, Giving Thanks, Blessings on Pleasures, Sights and Sounds 24",3751
"The Koren Shalem Siddur; Ashkenaz, Giving Thanks, Blessings on Pleasures, Sights and Sounds 25",3752
"The Koren Shalem Siddur; Ashkenaz, Giving Thanks, Blessings on Pleasures, Sights and Sounds 26",3753
"The Koren Shalem Siddur; Ashkenaz, Giving Thanks, Blessings on Pleasures, Sights and Sounds 27",3754
"The Koren Shalem Siddur; Ashkenaz, Giving Thanks, Blessings on Pleasures, Sights and Sounds 28",3755
"The Koren Shalem Siddur; Ashkenaz, Giving Thanks, Blessings on Pleasures, Sights and Sounds 29",3756
"The Koren Shalem Siddur; Ashkenaz, Giving Thanks, Blessings on Pleasures, Sights and Sounds 30",3757
"The Koren Shalem Siddur; Ashkenaz, Giving Thanks, Blessings on Pleasures, Sights and Sounds 31",3758
"The Koren Shalem Siddur; Ashkenaz, Giving Thanks, Blessings on Pleasures, Sights and Sounds 32",3759
"The Koren Shalem Siddur; Ashkenaz, Giving Thanks, Blessings on Pleasures, Sights and Sounds 33",3760
"The Koren Shalem Siddur; Ashkenaz, Giving Thanks, Blessings on Pleasures, Sights and Sounds 34",3761
"The Koren Shalem Siddur; Ashkenaz, Giving Thanks, Blessings on Pleasures, Sights and Sounds 35",3762
"The Koren Shalem Siddur; Ashkenaz, Giving Thanks, Blessings on Pleasures, Sights and Sounds 36",3763
"The Koren Shalem Siddur; Ashkenaz, Giving Thanks, Blessings on Pleasures, Sights and Sounds 37",3764
"The Koren Shalem Siddur; Ashkenaz, Giving Thanks, Blessings on Pleasures, Sights and Sounds 38",3765
"The Koren Shalem Siddur; Ashkenaz, Giving Thanks, Blessings on Pleasures, Sights and Sounds 39",3766
"The Koren Shalem Siddur; Ashkenaz, Giving Thanks, Blessings on Pleasures, Sights and Sounds 40",3767
"The Koren Shalem Siddur; Ashkenaz, Giving Thanks, Blessings on Pleasures, Sights and Sounds 41",3768
"The Koren Shalem Siddur; Ashkenaz, Giving Thanks, Blessings on Pleasures, Sights and Sounds 42",3769
"The Koren Shalem Siddur; Ashkenaz, Giving Thanks, Blessings on Pleasures, Sights and Sounds 43",3770
"The Koren Shalem Siddur; Ashkenaz, Giving Thanks, Blessings on Pleasures, Sights and Sounds 44",3771
"The Koren Shalem Siddur; Ashkenaz, Giving Thanks, Blessings on Pleasures, Sights and Sounds 45",3772
"The Koren Shalem Siddur; Ashkenaz, Giving Thanks, Blessings on Pleasures, Sights and Sounds 46",3773
"The Koren Shalem Siddur; Ashkenaz, Giving Thanks, Blessings on Pleasures, Sights and Sounds 47",3774
"The Koren Shalem Siddur; Ashkenaz, Giving Thanks, Blessings on Pleasures, Sights and Sounds 48",3775
"The Koren Shalem Siddur; Ashkenaz, Giving Thanks, Blessings on Pleasures, Sights and Sounds 49",3776
"The Koren Shalem Siddur; Ashkenaz, Giving Thanks, Blessings on Pleasures, Sights and Sounds 50",3777
"The Koren Shalem Siddur; Ashkenaz, Giving Thanks, Blessings on Pleasures, Sights and Sounds 51",3778
"The Koren Shalem Siddur; Ashkenaz, Giving Thanks, Blessings on Pleasures, Sights and Sounds 52",3779
"The Koren Shalem Siddur; Ashkenaz, Giving Thanks, Blessings on Pleasures, Sights and Sounds 53",3780
"The Koren Shalem Siddur; Ashkenaz, Giving Thanks, Blessings on Pleasures, Sights and Sounds 54",3781
"The Koren Shalem Siddur; Ashkenaz, Giving Thanks, Consecration of a House 1",3783
"The Koren Shalem Siddur; Ashkenaz, Giving Thanks, Consecration of a House 2",3784
"The Koren Shalem Siddur; Ashkenaz, Giving Thanks, Consecration of a House 3",3785
"The Koren Shalem Siddur; Ashkenaz, Giving Thanks, Consecration of a House 4",3786
"The Koren Shalem Siddur; Ashkenaz, Giving Thanks, Consecration of a House 5",3787
"The Koren Shalem Siddur; Ashkenaz, Giving Thanks, The Traveler's Prayer 1",3789
"The Koren Shalem Siddur; Ashkenaz, Giving Thanks, The Traveler's Prayer 2",3790
"The Koren Shalem Siddur; Ashkenaz, Giving Thanks, The Traveler's Prayer 3",3791
"The Koren Shalem Siddur; Ashkenaz, Giving Thanks, The Traveler's Prayer 4",3792
"The Koren Shalem Siddur; Ashkenaz, Giving Thanks, The Traveler's Prayer 5",3793
"The Koren Shalem Siddur; Ashkenaz, Giving Thanks, The Traveler's Prayer 6",3794
"The Koren Shalem Siddur; Ashkenaz, Giving Thanks, The Traveler's Prayer 7",3795
"The Koren Shalem Siddur; Ashkenaz, Giving Thanks, The Traveler's Prayer 8",3796
"The Koren Shalem Siddur; Ashkenaz, The Cycle of Life, Brit Mila 1",3799
"The Koren Shalem Siddur; Ashkenaz, The Cycle of Life, Brit Mila 2",3800
"The Koren Shalem Siddur; Ashkenaz, The Cycle of Life, Brit Mila 3",3801
"The Koren Shalem Siddur; Ashkenaz, The Cycle of Life, Brit Mila 4",3802
"The Koren Shalem Siddur; Ashkenaz, The Cycle of Life, Brit Mila 5",3803
"The Koren Shalem Siddur; Ashkenaz, The Cycle of Life, Brit Mila 6",3804
"The Koren Shalem Siddur; Ashkenaz, The Cycle of Life, Brit Mila 7",3805
"The Koren Shalem Siddur; Ashkenaz, The Cycle of Life, Brit Mila 8",3806
"The Koren Shalem Siddur; Ashkenaz, The Cycle of Life, Brit Mila 9",3807
"The Koren Shalem Siddur; Ashkenaz, The Cycle of Life, Brit Mila 10",3808
"The Koren Shalem Siddur; Ashkenaz, The Cycle of Life, Brit Mila 11",3809
"The Koren Shalem Siddur; Ashkenaz, The Cycle of Life, Brit Mila 12",3810
"The Koren Shalem Siddur; Ashkenaz, The Cycle of Life, Brit Mila 13",3811
"The Koren Shalem Siddur; Ashkenaz, The Cycle of Life, Brit Mila 14",3812
"The Koren Shalem Siddur; Ashkenaz, The Cycle of Life, Brit Mila 15",3813
"The Koren Shalem Siddur; Ashkenaz, The Cycle of Life, Brit Mila 16",3814
"The Koren Shalem Siddur; Ashkenaz, The Cycle of Life, Brit Mila 17",3815
"The Koren Shalem Siddur; Ashkenaz, The Cycle of Life, Brit Mila 18",3816
"The Koren Shalem Siddur; Ashkenaz, The Cycle of Life, Brit Mila 19",3817
"The Koren Shalem Siddur; Ashkenaz, The Cycle of Life, Brit Mila 20",3818
"The Koren Shalem Siddur; Ashkenaz, The Cycle of Life, Brit Mila 21",3819
"The Koren Shalem Siddur; Ashkenaz, The Cycle of Life, Brit Mila 22",3820
"The Koren Shalem Siddur; Ashkenaz, The Cycle of Life, Brit Mila 23",3821
"The Koren Shalem Siddur; Ashkenaz, The Cycle of Life, Brit Mila 24",3822
"The Koren Shalem Siddur; Ashkenaz, The Cycle of Life, Brit Mila 25",3823
"The Koren Shalem Siddur; Ashkenaz, The Cycle of Life, Brit Mila 26",3824
"The Koren Shalem Siddur; Ashkenaz, The Cycle of Life, Brit Mila 27",3825
"The Koren Shalem Siddur; Ashkenaz, The Cycle of Life, Brit Mila 28",3826
"The Koren Shalem Siddur; Ashkenaz, The Cycle of Life, Brit Mila 29",3827
"The Koren Shalem Siddur; Ashkenaz, The Cycle of Life, Brit Mila 30",3828
"The Koren Shalem Siddur; Ashkenaz, The Cycle of Life, Brit Mila 31",3829
"The Koren Shalem Siddur; Ashkenaz, The Cycle of Life, Brit Mila 32",3830
"The Koren Shalem Siddur; Ashkenaz, The Cycle of Life, Brit Mila 33",3831
"The Koren Shalem Siddur; Ashkenaz, The Cycle of Life, Brit Mila 34",3832
"The Koren Shalem Siddur; Ashkenaz, The Cycle of Life, Brit Mila 35",3833
"The Koren Shalem Siddur; Ashkenaz, The Cycle of Life, Brit Mila 36",3834
"The Koren Shalem Siddur; Ashkenaz, The Cycle of Life, Brit Mila 37",3835
"The Koren Shalem Siddur; Ashkenaz, The Cycle of Life, Brit Mila 38",3836
"The Koren Shalem Siddur; Ashkenaz, The Cycle of Life, Brit Mila 39",3837
"The Koren Shalem Siddur; Ashkenaz, The Cycle of Life, Brit Mila 40",3838
"The Koren Shalem Siddur; Ashkenaz, The Cycle of Life, Brit Mila 41",3839
"The Koren Shalem Siddur; Ashkenaz, The Cycle of Life, Brit Mila 42",3840
"The Koren Shalem Siddur; Ashkenaz, The Cycle of Life, Brit Mila 43",3841
"The Koren Shalem Siddur; Ashkenaz, The Cycle of Life, Brit Mila 44",3842
"The Koren Shalem Siddur; Ashkenaz, The Cycle of Life, Brit Mila 45",3843
"The Koren Shalem Siddur; Ashkenaz, The Cycle of Life, Brit Mila 46",3844
"The Koren Shalem Siddur; Ashkenaz, The Cycle of Life, Brit Mila 47",3845
"The Koren Shalem Siddur; Ashkenaz, The Cycle of Life, Brit Mila 48",3846
"The Koren Shalem Siddur; Ashkenaz, The Cycle of Life, Brit Mila 49",3847
"The Koren Shalem Siddur; Ashkenaz, The Cycle of Life, Brit Mila 50",3848
"The Koren Shalem Siddur; Ashkenaz, The Cycle of Life, Brit Mila 51",3849
"The Koren Shalem Siddur; Ashkenaz, The Cycle of Life, Brit Mila 52",3850
"The Koren Shalem Siddur; Ashkenaz, The Cycle of Life, Brit Mila 53",3851
"The Koren Shalem Siddur; Ashkenaz, The Cycle of Life, Brit Mila 54",3852
"The Koren Shalem Siddur; Ashkenaz, The Cycle of Life, Brit Mila 55",3853
"The Koren Shalem Siddur; Ashkenaz, The Cycle of Life, Brit Mila 56",3854
"The Koren Shalem Siddur; Ashkenaz, The Cycle of Life, Brit Mila 57",3855
"The Koren Shalem Siddur; Ashkenaz, The Cycle of Life, Brit Mila 58",3856
"The Koren Shalem Siddur; Ashkenaz, The Cycle of Life, Brit Mila 59",3857
"The Koren Shalem Siddur; Ashkenaz, The Cycle of Life, Brit Mila 60",3858
"The Koren Shalem Siddur; Ashkenaz, The Cycle of Life, Pidyon HaBen 1",3860
"The Koren Shalem Siddur; Ashkenaz, The Cycle of Life, Pidyon HaBen 2",3861
"The Koren Shalem Siddur; Ashkenaz, The Cycle of Life, Pidyon HaBen 3",3862
"The Koren Shalem Siddur; Ashkenaz, The Cycle of Life, Pidyon HaBen 4",3863
"The Koren Shalem Siddur; Ashkenaz, The Cycle of Life, Pidyon HaBen 5",3864
"The Koren Shalem Siddur; Ashkenaz, The Cycle of Life, Pidyon HaBen 6",3865
"The Koren Shalem Siddur; Ashkenaz, The Cycle of Life, Pidyon HaBen 7",3866
"The Koren Shalem Siddur; Ashkenaz, The Cycle of Life, Pidyon HaBen 8",3867
"The Koren Shalem Siddur; Ashkenaz, The Cycle of Life, Pidyon HaBen 9",3868
"The Koren Shalem Siddur; Ashkenaz, The Cycle of Life, Pidyon HaBen 10",3869
"The Koren Shalem Siddur; Ashkenaz, The Cycle of Life, Pidyon HaBen 11",3870
"The Koren Shalem Siddur; Ashkenaz, The Cycle of Life, Pidyon HaBen 12",3871
"The Koren Shalem Siddur; Ashkenaz, The Cycle of Life, Pidyon HaBen 13",3872
"The Koren Shalem Siddur; Ashkenaz, The Cycle of Life, Pidyon HaBen 14",3873
"The Koren Shalem Siddur; Ashkenaz, The Cycle of Life, Prayer after Childbirth 1",3875
"The Koren Shalem Siddur; Ashkenaz, The Cycle of Life, Prayer after Childbirth 2",3876
"The Koren Shalem Siddur; Ashkenaz, The Cycle of Life, Prayer after Childbirth 3",3877
"The Koren Shalem Siddur; Ashkenaz, The Cycle of Life, Prayer after Childbirth 4",3878
"The Koren Shalem Siddur; Ashkenaz, The Cycle of Life, Prayer after Childbirth 5",3879
"The Koren Shalem Siddur; Ashkenaz, The Cycle of Life, Prayer after Childbirth 6",3880
"The Koren Shalem Siddur; Ashkenaz, The Cycle of Life, Prayer after Childbirth 7",3881
"The Koren Shalem Siddur; Ashkenaz, The Cycle of Life, Prayer after Childbirth 8",3882
"The Koren Shalem Siddur; Ashkenaz, The Cycle of Life, Prayer after Childbirth 9",3883
"The Koren Shalem Siddur; Ashkenaz, The Cycle of Life, Prayer after Childbirth 10",3884
"The Koren Shalem Siddur; Ashkenaz, The Cycle of Life, Prayer after Childbirth 11",3885
"The Koren Shalem Siddur; Ashkenaz, The Cycle of Life, Prayer after Childbirth 12",3886
"The Koren Shalem Siddur; Ashkenaz, The Cycle of Life, Prayer after Childbirth 13",3887
"The Koren Shalem Siddur; Ashkenaz, The Cycle of Life, Zeved HaBat 1",3889
"The Koren Shalem Siddur; Ashkenaz, The Cycle of Life, Zeved HaBat 2",3890
"The Koren Shalem Siddur; Ashkenaz, The Cycle of Life, Zeved HaBat 3",3891
"The Koren Shalem Siddur; Ashkenaz, The Cycle of Life, Zeved HaBat 4",3892
"The Koren Shalem Siddur; Ashkenaz, The Cycle of Life, Zeved HaBat 5",3893
"The Koren Shalem Siddur; Ashkenaz, The Cycle of Life, Zeved HaBat 6",3894
"The Koren Shalem Siddur; Ashkenaz, The Cycle of Life, Zeved HaBat 7",3895
"The Koren Shalem Siddur; Ashkenaz, The Cycle of Life, Zeved HaBat 8",3896
"The Koren Shalem Siddur; Ashkenaz, The Cycle of Life, Zeved HaBat 9",3897
"The Koren Shalem Siddur; Ashkenaz, The Cycle of Life, Zeved HaBat 10",3898
"The Koren Shalem Siddur; Ashkenaz, The Cycle of Life, Zeved HaBat 11",3899
"The Koren Shalem Siddur; Ashkenaz, The Cycle of Life, Zeved HaBat 12",3900
"The Koren Shalem Siddur; Ashkenaz, The Cycle of Life, Zeved HaBat 13",3901
"The Koren Shalem Siddur; Ashkenaz, The Cycle of Life, Zeved HaBat 14",3902
"The Koren Shalem Siddur; Ashkenaz, The Cycle of Life, Zeved HaBat 15",3903
"The Koren Shalem Siddur; Ashkenaz, The Cycle of Life, Zeved HaBat 16",3904
"The Koren Shalem Siddur; Ashkenaz, The Cycle of Life, Marriage Service 1",3906
"The Koren Shalem Siddur; Ashkenaz, The Cycle of Life, Marriage Service 2",3907
"The Koren Shalem Siddur; Ashkenaz, The Cycle of Life, Marriage Service 3",3908
"The Koren Shalem Siddur; Ashkenaz, The Cycle of Life, Marriage Service 4",3909
"The Koren Shalem Siddur; Ashkenaz, The Cycle of Life, Marriage Service 5",3910
"The Koren Shalem Siddur; Ashkenaz, The Cycle of Life, Marriage Service 6",3911
"The Koren Shalem Siddur; Ashkenaz, The Cycle of Life, Sheva Berakhot 1",3913
"The Koren Shalem Siddur; Ashkenaz, The Cycle of Life, Sheva Berakhot 2",3914
"The Koren Shalem Siddur; Ashkenaz, The Cycle of Life, Sheva Berakhot 3",3915
"The Koren Shalem Siddur; Ashkenaz, The Cycle of Life, Sheva Berakhot 4",3916
"The Koren Shalem Siddur; Ashkenaz, The Cycle of Life, Sheva Berakhot 5",3917
"The Koren Shalem Siddur; Ashkenaz, The Cycle of Life, Sheva Berakhot 6",3918
"The Koren Shalem Siddur; Ashkenaz, The Cycle of Life, Sheva Berakhot 7",3919
"The Koren Shalem Siddur; Ashkenaz, The Cycle of Life, Sheva Berakhot 8",3920
"The Koren Shalem Siddur; Ashkenaz, The Cycle of Life, Sheva Berakhot 9",3921
"The Koren Shalem Siddur; Ashkenaz, The Cycle of Life, Sheva Berakhot 10",3922
"The Koren Shalem Siddur; Ashkenaz, The Cycle of Life, Sheva Berakhot 11",3923
"The Koren Shalem Siddur; Ashkenaz, The Cycle of Life, Sheva Berakhot 12",3924
"The Koren Shalem Siddur; Ashkenaz, The Cycle of Life, Sheva Berakhot 13",3925
"The Koren Shalem Siddur; Ashkenaz, The Cycle of Life, Sheva Berakhot 14",3926
"The Koren Shalem Siddur; Ashkenaz, The Cycle of Life, Sheva Berakhot 15",3927
"The Koren Shalem Siddur; Ashkenaz, The Cycle of Life, Sheva Berakhot 16",3928
"The Koren Shalem Siddur; Ashkenaz, The Cycle of Life, Sheva Berakhot 17",3929
"The Koren Shalem Siddur; Ashkenaz, The Cycle of Life, Sheva Berakhot 18",3930
"The Koren Shalem Siddur; Ashkenaz, The Cycle of Life, Sheva Berakhot 19",3931
"The Koren Shalem Siddur; Ashkenaz, The Cycle of Life, Prayer for Recovery from Illness 1",3933
"The Koren Shalem Siddur; Ashkenaz, The Cycle of Life, Prayer for Recovery from Illness 2",3934
"The Koren Shalem Siddur; Ashkenaz, The Cycle of Life, Prayer for Recovery from Illness 3",3935
"The Koren Shalem Siddur; Ashkenaz, The Cycle of Life, Prayer for Recovery from Illness 4",3936
"The Koren Shalem Siddur; Ashkenaz, The Cycle of Life, Prayer for Recovery from Illness 5",3937
"The Koren Shalem Siddur; Ashkenaz, The Cycle of Life, Prayer for Recovery from Illness 6",3938
"The Koren Shalem Siddur; Ashkenaz, The Cycle of Life, Prayer after Recovery from Illness 1",3940
"The Koren Shalem Siddur; Ashkenaz, The Cycle of Life, Prayer after Recovery from Illness 2",3941
"The Koren Shalem Siddur; Ashkenaz, The Cycle of Life, Prayer after Recovery from Illness 3",3942
"The Koren Shalem Siddur; Ashkenaz, The Cycle of Life, Confession before Death 1",3944
"The Koren Shalem Siddur; Ashkenaz, The Cycle of Life, Confession before Death 2",3945
"The Koren Shalem Siddur; Ashkenaz, The Cycle of Life, Confession before Death 3",3946
"The Koren Shalem Siddur; Ashkenaz, The Cycle of Life, Confession before Death 4",3947
"The Koren Shalem Siddur; Ashkenaz, The Cycle of Life, Confession before Death 5",3948
"The Koren Shalem Siddur; Ashkenaz, The Cycle of Life, Confession before Death 6",3949
"The Koren Shalem Siddur; Ashkenaz, The Cycle of Life, Confession before Death 7",3950
"The Koren Shalem Siddur; Ashkenaz, The Cycle of Life, Confession before Death 8",3951
"The Koren Shalem Siddur; Ashkenaz, The Cycle of Life, Confession before Death 9",3952
"The Koren Shalem Siddur; Ashkenaz, The Cycle of Life, Confession before Death 10",3953
"The Koren Shalem Siddur; Ashkenaz, The Cycle of Life, Confession before Death 11",3954
"The Koren Shalem Siddur; Ashkenaz, The Cycle of Life, Funeral Service 1",3956
"The Koren Shalem Siddur; Ashkenaz, The Cycle of Life, Funeral Service 2",3957
"The Koren Shalem Siddur; Ashkenaz, The Cycle of Life, Funeral Service 3",3958
"The Koren Shalem Siddur; Ashkenaz, The Cycle of Life, Funeral Service 4",3959
"The Koren Shalem Siddur; Ashkenaz, The Cycle of Life, Funeral Service 5",3960
"The Koren Shalem Siddur; Ashkenaz, The Cycle of Life, Funeral Service 6",3961
"The Koren Shalem Siddur; Ashkenaz, The Cycle of Life, Funeral Service 7",3962
"The Koren Shalem Siddur; Ashkenaz, The Cycle of Life, Funeral Service 8",3963
"The Koren Shalem Siddur; Ashkenaz, The Cycle of Life, Funeral Service 9",3964
"The Koren Shalem Siddur; Ashkenaz, The Cycle of Life, Funeral Service 10",3965
"The Koren Shalem Siddur; Ashkenaz, The Cycle of Life, Funeral Service 11",3966
"The Koren Shalem Siddur; Ashkenaz, The Cycle of Life, Funeral Service 12",3967
"The Koren Shalem Siddur; Ashkenaz, The Cycle of Life, Funeral Service 13",3968
"The Koren Shalem Siddur; Ashkenaz, The Cycle of Life, Funeral Service 14",3969
"The Koren Shalem Siddur; Ashkenaz, The Cycle of Life, Funeral Service 15",3970
"The Koren Shalem Siddur; Ashkenaz, The Cycle of Life, Funeral Service 16",3971
"The Koren Shalem Siddur; Ashkenaz, The Cycle of Life, Funeral Service 17",3972
"The Koren Shalem Siddur; Ashkenaz, The Cycle of Life, Funeral Service 18",3973
"The Koren Shalem Siddur; Ashkenaz, The Cycle of Life, Funeral Service 19",3974
"The Koren Shalem Siddur; Ashkenaz, The Cycle of Life, Funeral Service 20",3975
"The Koren Shalem Siddur; Ashkenaz, The Cycle of Life, Funeral Service 21",3976
"The Koren Shalem Siddur; Ashkenaz, The Cycle of Life, Funeral Service 22",3977
"The Koren Shalem Siddur; Ashkenaz, The Cycle of Life, Funeral Service 23",3978
"The Koren Shalem Siddur; Ashkenaz, The Cycle of Life, Funeral Service 24",3979
"The Koren Shalem Siddur; Ashkenaz, The Cycle of Life, Funeral Service 25",3980
"The Koren Shalem Siddur; Ashkenaz, The Cycle of Life, Funeral Service 26",3981
"The Koren Shalem Siddur; Ashkenaz, The Cycle of Life, Funeral Service 27",3982
"The Koren Shalem Siddur; Ashkenaz, The Cycle of Life, Funeral Service 28",3983
"The Koren Shalem Siddur; Ashkenaz, The Cycle of Life, Funeral Service 29",3984
"The Koren Shalem Siddur; Ashkenaz, The Cycle of Life, Funeral Service 30",3985
"The Koren Shalem Siddur; Ashkenaz, The Cycle of Life, Funeral Service 31",3986
"The Koren Shalem Siddur; Ashkenaz, The Cycle of Life, Funeral Service 32",3987
"The Koren Shalem Siddur; Ashkenaz, The Cycle of Life, Funeral Service 33",3988
"The Koren Shalem Siddur; Ashkenaz, The Cycle of Life, Funeral Service 34",3989
"The Koren Shalem Siddur; Ashkenaz, The Cycle of Life, Funeral Service 35",3990
"The Koren Shalem Siddur; Ashkenaz, The Cycle of Life, Funeral Service 36",3991
"The Koren Shalem Siddur; Ashkenaz, The Cycle of Life, Prayer in a House of Mourning 1",3993
"The Koren Shalem Siddur; Ashkenaz, The Cycle of Life, Prayer in a House of Mourning 2",3994
"The Koren Shalem Siddur; Ashkenaz, The Cycle of Life, Prayer in a House of Mourning 3",3995
"The Koren Shalem Siddur; Ashkenaz, The Cycle of Life, Prayer in a House of Mourning 4",3996
"The Koren Shalem Siddur; Ashkenaz, The Cycle of Life, Prayer in a House of Mourning 5",3997
"The Koren Shalem Siddur; Ashkenaz, The Cycle of Life, Prayer in a House of Mourning 6",3998
"The Koren Shalem Siddur; Ashkenaz, The Cycle of Life, Prayer in a House of Mourning 7",3999
"The Koren Shalem Siddur; Ashkenaz, The Cycle of Life, Prayer in a House of Mourning 8",4000
"The Koren Shalem Siddur; Ashkenaz, The Cycle of Life, Prayer in a House of Mourning 9",4001
"The Koren Shalem Siddur; Ashkenaz, The Cycle of Life, Prayer in a House of Mourning 10",4002
"The Koren Shalem Siddur; Ashkenaz, The Cycle of Life, Prayer in a House of Mourning 11",4003
"The Koren Shalem Siddur; Ashkenaz, The Cycle of Life, Prayer in a House of Mourning 12",4004
"The Koren Shalem Siddur; Ashkenaz, The Cycle of Life, Prayer in a House of Mourning 13",4005
"The Koren Shalem Siddur; Ashkenaz, The Cycle of Life, Prayer in a House of Mourning 14",4006
"The Koren Shalem Siddur; Ashkenaz, The Cycle of Life, Prayer in a House of Mourning 15",4007
"The Koren Shalem Siddur; Ashkenaz, The Cycle of Life, Prayer in a House of Mourning 16",4008
"The Koren Shalem Siddur; Ashkenaz, The Cycle of Life, Prayer in a House of Mourning 17",4009
"The Koren Shalem Siddur; Ashkenaz, The Cycle of Life, Prayer in a House of Mourning 18",4010
"The Koren Shalem Siddur; Ashkenaz, The Cycle of Life, Prayer in a House of Mourning 19",4011
"The Koren Shalem Siddur; Ashkenaz, The Cycle of Life, Prayer in a House of Mourning 20",4012
"The Koren Shalem Siddur; Ashkenaz, The Cycle of Life, Prayer in a House of Mourning 21",4013
"The Koren Shalem Siddur; Ashkenaz, The Cycle of Life, Prayer in a House of Mourning 22",4014
"The Koren Shalem Siddur; Ashkenaz, The Cycle of Life, Prayer in a House of Mourning 23",4015
"The Koren Shalem Siddur; Ashkenaz, The Cycle of Life, Prayer in a House of Mourning 24",4016
"The Koren Shalem Siddur; Ashkenaz, The Cycle of Life, Prayer in a House of Mourning 25",4017
"The Koren Shalem Siddur; Ashkenaz, The Cycle of Life, Prayer in a House of Mourning 26",4018
"The Koren Shalem Siddur; Ashkenaz, The Cycle of Life, Prayer in a House of Mourning 27",4019
"The Koren Shalem Siddur; Ashkenaz, The Cycle of Life, Prayer in a House of Mourning 28",4020
"The Koren Shalem Siddur; Ashkenaz, The Cycle of Life, Prayer in a House of Mourning 29",4021
"The Koren Shalem Siddur; Ashkenaz, The Cycle of Life, Prayer in a House of Mourning 30",4022
"The Koren Shalem Siddur; Ashkenaz, The Cycle of Life, Prayer in a House of Mourning 31",4023
"The Koren Shalem Siddur; Ashkenaz, The Cycle of Life, Birkat HaMazon in a House of Mourning 1",4025
"The Koren Shalem Siddur; Ashkenaz, The Cycle of Life, Birkat HaMazon in a House of Mourning 2",4026
"The Koren Shalem Siddur; Ashkenaz, The Cycle of Life, Birkat HaMazon in a House of Mourning 3",4027
"The Koren Shalem Siddur; Ashkenaz, The Cycle of Life, Birkat HaMazon in a House of Mourning 4",4028
"The Koren Shalem Siddur; Ashkenaz, The Cycle of Life, Birkat HaMazon in a House of Mourning 5",4029
"The Koren Shalem Siddur; Ashkenaz, The Cycle of Life, Birkat HaMazon in a House of Mourning 6",4030
"The Koren Shalem Siddur; Ashkenaz, The Cycle of Life, Birkat HaMazon in a House of Mourning 7",4031
"The Koren Shalem Siddur; Ashkenaz, The Cycle of Life, Birkat HaMazon in a House of Mourning 8",4032
"The Koren Shalem Siddur; Ashkenaz, The Cycle of Life, Birkat HaMazon in a House of Mourning 9",4033
"The Koren Shalem Siddur; Ashkenaz, The Cycle of Life, Birkat HaMazon in a House of Mourning 10",4034
"The Koren Shalem Siddur; Ashkenaz, The Cycle of Life, Birkat HaMazon in a House of Mourning 11",4035
"The Koren Shalem Siddur; Ashkenaz, Torah Readings, Weekly Portions for Mondays, Thursdays and Shabbat Minha 1",4038
"The Koren Shalem Siddur; Ashkenaz, Torah Readings, Weekly Portions for Mondays, Thursdays and Shabbat Minha 2",4039
"The Koren Shalem Siddur; Ashkenaz, Torah Readings, Weekly Portions for Mondays, Thursdays and Shabbat Minha 3",4040
"The Koren Shalem Siddur; Ashkenaz, Torah Readings, Weekly Portions for Mondays, Thursdays and Shabbat Minha 4",4041
"The Koren Shalem Siddur; Ashkenaz, Torah Readings, Weekly Portions for Mondays, Thursdays and Shabbat Minha 5",4042
"The Koren Shalem Siddur; Ashkenaz, Torah Readings, Weekly Portions for Mondays, Thursdays and Shabbat Minha 6",4043
"The Koren Shalem Siddur; Ashkenaz, Torah Readings, Weekly Portions for Mondays, Thursdays and Shabbat Minha 7",4044
"The Koren Shalem Siddur; Ashkenaz, Torah Readings, Weekly Portions for Mondays, Thursdays and Shabbat Minha 8",4045
"The Koren Shalem Siddur; Ashkenaz, Torah Readings, Weekly Portions for Mondays, Thursdays and Shabbat Minha 9",4046
"The Koren Shalem Siddur; Ashkenaz, Torah Readings, Weekly Portions for Mondays, Thursdays and Shabbat Minha 10",4047
"The Koren Shalem Siddur; Ashkenaz, Torah Readings, Weekly Portions for Mondays, Thursdays and Shabbat Minha 11",4048
"The Koren Shalem Siddur; Ashkenaz, Torah Readings, Weekly Portions for Mondays, Thursdays and Shabbat Minha 12",4049
"The Koren Shalem Siddur; Ashkenaz, Torah Readings, Weekly Portions for Mondays, Thursdays and Shabbat Minha 13",4050
"The Koren Shalem Siddur; Ashkenaz, Torah Readings, Weekly Portions for Mondays, Thursdays and Shabbat Minha 14",4051
"The Koren Shalem Siddur; Ashkenaz, Torah Readings, Weekly Portions for Mondays, Thursdays and Shabbat Minha 15",4052
"The Koren Shalem Siddur; Ashkenaz, Torah Readings, Weekly Portions for Mondays, Thursdays and Shabbat Minha 16",4053
"The Koren Shalem Siddur; Ashkenaz, Torah Readings, Weekly Portions for Mondays, Thursdays and Shabbat Minha 17",4054
"The Koren Shalem Siddur; Ashkenaz, Torah Readings, Weekly Portions for Mondays, Thursdays and Shabbat Minha 18",4055
"The Koren Shalem Siddur; Ashkenaz, Torah Readings, Weekly Portions for Mondays, Thursdays and Shabbat Minha 19",4056
"The Koren Shalem Siddur; Ashkenaz, Torah Readings, Weekly Portions for Mondays, Thursdays and Shabbat Minha 20",4057
"The Koren Shalem Siddur; Ashkenaz, Torah Readings, Weekly Portions for Mondays, Thursdays and Shabbat Minha 21",4058
"The Koren Shalem Siddur; Ashkenaz, Torah Readings, Weekly Portions for Mondays, Thursdays and Shabbat Minha 22",4059
"The Koren Shalem Siddur; Ashkenaz, Torah Readings, Weekly Portions for Mondays, Thursdays and Shabbat Minha 23",4060
"The Koren Shalem Siddur; Ashkenaz, Torah Readings, Weekly Portions for Mondays, Thursdays and Shabbat Minha 24",4061
"The Koren Shalem Siddur; Ashkenaz, Torah Readings, Weekly Portions for Mondays, Thursdays and Shabbat Minha 25",4062
"The Koren Shalem Siddur; Ashkenaz, Torah Readings, Weekly Portions for Mondays, Thursdays and Shabbat Minha 26",4063
"The Koren Shalem Siddur; Ashkenaz, Torah Readings, Weekly Portions for Mondays, Thursdays and Shabbat Minha 27",4064
"The Koren Shalem Siddur; Ashkenaz, Torah Readings, Weekly Portions for Mondays, Thursdays and Shabbat Minha 28",4065
"The Koren Shalem Siddur; Ashkenaz, Torah Readings, Weekly Portions for Mondays, Thursdays and Shabbat Minha 29",4066
"The Koren Shalem Siddur; Ashkenaz, Torah Readings, Weekly Portions for Mondays, Thursdays and Shabbat Minha 30",4067
"The Koren Shalem Siddur; Ashkenaz, Torah Readings, Weekly Portions for Mondays, Thursdays and Shabbat Minha 31",4068
"The Koren Shalem Siddur; Ashkenaz, Torah Readings, Weekly Portions for Mondays, Thursdays and Shabbat Minha 32",4069
"The Koren Shalem Siddur; Ashkenaz, Torah Readings, Weekly Portions for Mondays, Thursdays and Shabbat Minha 33",4070
"The Koren Shalem Siddur; Ashkenaz, Torah Readings, Weekly Portions for Mondays, Thursdays and Shabbat Minha 34",4071
"The Koren Shalem Siddur; Ashkenaz, Torah Readings, Weekly Portions for Mondays, Thursdays and Shabbat Minha 35",4072
"The Koren Shalem Siddur; Ashkenaz, Torah Readings, Weekly Portions for Mondays, Thursdays and Shabbat Minha 36",4073
"The Koren Shalem Siddur; Ashkenaz, Torah Readings, Weekly Portions for Mondays, Thursdays and Shabbat Minha 37",4074
"The Koren Shalem Siddur; Ashkenaz, Torah Readings, Weekly Portions for Mondays, Thursdays and Shabbat Minha 38",4075
"The Koren Shalem Siddur; Ashkenaz, Torah Readings, Weekly Portions for Mondays, Thursdays and Shabbat Minha 39",4076
"The Koren Shalem Siddur; Ashkenaz, Torah Readings, Weekly Portions for Mondays, Thursdays and Shabbat Minha 40",4077
"The Koren Shalem Siddur; Ashkenaz, Torah Readings, Weekly Portions for Mondays, Thursdays and Shabbat Minha 41",4078
"The Koren Shalem Siddur; Ashkenaz, Torah Readings, Weekly Portions for Mondays, Thursdays and Shabbat Minha 42",4079
"The Koren Shalem Siddur; Ashkenaz, Torah Readings, Weekly Portions for Mondays, Thursdays and Shabbat Minha 43",4080
"The Koren Shalem Siddur; Ashkenaz, Torah Readings, Weekly Portions for Mondays, Thursdays and Shabbat Minha 44",4081
"The Koren Shalem Siddur; Ashkenaz, Torah Readings, Weekly Portions for Mondays, Thursdays and Shabbat Minha 45",4082
"The Koren Shalem Siddur; Ashkenaz, Torah Readings, Weekly Portions for Mondays, Thursdays and Shabbat Minha 46",4083
"The Koren Shalem Siddur; Ashkenaz, Torah Readings, Weekly Portions for Mondays, Thursdays and Shabbat Minha 47",4084
"The Koren Shalem Siddur; Ashkenaz, Torah Readings, Weekly Portions for Mondays, Thursdays and Shabbat Minha 48",4085
"The Koren Shalem Siddur; Ashkenaz, Torah Readings, Weekly Portions for Mondays, Thursdays and Shabbat Minha 49",4086
"The Koren Shalem Siddur; Ashkenaz, Torah Readings, Weekly Portions for Mondays, Thursdays and Shabbat Minha 50",4087
"The Koren Shalem Siddur; Ashkenaz, Torah Readings, Weekly Portions for Mondays, Thursdays and Shabbat Minha 51",4088
"The Koren Shalem Siddur; Ashkenaz, Torah Readings, Weekly Portions for Mondays, Thursdays and Shabbat Minha 52",4089
"The Koren Shalem Siddur; Ashkenaz, Torah Readings, Weekly Portions for Mondays, Thursdays and Shabbat Minha 53",4090
"The Koren Shalem Siddur; Ashkenaz, Torah Readings, Weekly Portions for Mondays, Thursdays and Shabbat Minha 54",4091
"The Koren Shalem Siddur; Ashkenaz, Torah Readings, Weekly Portions for Mondays, Thursdays and Shabbat Minha 55",4092
"The Koren Shalem Siddur; Ashkenaz, Torah Readings, Weekly Portions for Mondays, Thursdays and Shabbat Minha 56",4093
"The Koren Shalem Siddur; Ashkenaz, Torah Readings, Weekly Portions for Mondays, Thursdays and Shabbat Minha 57",4094
"The Koren Shalem Siddur; Ashkenaz, Torah Readings, Weekly Portions for Mondays, Thursdays and Shabbat Minha 58",4095
"The Koren Shalem Siddur; Ashkenaz, Torah Readings, Weekly Portions for Mondays, Thursdays and Shabbat Minha 59",4096
"The Koren Shalem Siddur; Ashkenaz, Torah Readings, Weekly Portions for Mondays, Thursdays and Shabbat Minha 60",4097
"The Koren Shalem Siddur; Ashkenaz, Torah Readings, Weekly Portions for Mondays, Thursdays and Shabbat Minha 61",4098
"The Koren Shalem Siddur; Ashkenaz, Torah Readings, Weekly Portions for Mondays, Thursdays and Shabbat Minha 62",4099
"The Koren Shalem Siddur; Ashkenaz, Torah Readings, Weekly Portions for Mondays, Thursdays and Shabbat Minha 63",4100
"The Koren Shalem Siddur; Ashkenaz, Torah Readings, Weekly Portions for Mondays, Thursdays and Shabbat Minha 64",4101
"The Koren Shalem Siddur; Ashkenaz, Torah Readings, Weekly Portions for Mondays, Thursdays and Shabbat Minha 65",4102
"The Koren Shalem Siddur; Ashkenaz, Torah Readings, Weekly Portions for Mondays, Thursdays and Shabbat Minha 66",4103
"The Koren Shalem Siddur; Ashkenaz, Torah Readings, Weekly Portions for Mondays, Thursdays and Shabbat Minha 67",4104
"The Koren Shalem Siddur; Ashkenaz, Torah Readings, Weekly Portions for Mondays, Thursdays and Shabbat Minha 68",4105
"The Koren Shalem Siddur; Ashkenaz, Torah Readings, Weekly Portions for Mondays, Thursdays and Shabbat Minha 69",4106
"The Koren Shalem Siddur; Ashkenaz, Torah Readings, Weekly Portions for Mondays, Thursdays and Shabbat Minha 70",4107
"The Koren Shalem Siddur; Ashkenaz, Torah Readings, Weekly Portions for Mondays, Thursdays and Shabbat Minha 71",4108
"The Koren Shalem Siddur; Ashkenaz, Torah Readings, Weekly Portions for Mondays, Thursdays and Shabbat Minha 72",4109
"The Koren Shalem Siddur; Ashkenaz, Torah Readings, Weekly Portions for Mondays, Thursdays and Shabbat Minha 73",4110
"The Koren Shalem Siddur; Ashkenaz, Torah Readings, Weekly Portions for Mondays, Thursdays and Shabbat Minha 74",4111
"The Koren Shalem Siddur; Ashkenaz, Torah Readings, Weekly Portions for Mondays, Thursdays and Shabbat Minha 75",4112
"The Koren Shalem Siddur; Ashkenaz, Torah Readings, Weekly Portions for Mondays, Thursdays and Shabbat Minha 76",4113
"The Koren Shalem Siddur; Ashkenaz, Torah Readings, Weekly Portions for Mondays, Thursdays and Shabbat Minha 77",4114
"The Koren Shalem Siddur; Ashkenaz, Torah Readings, Weekly Portions for Mondays, Thursdays and Shabbat Minha 78",4115
"The Koren Shalem Siddur; Ashkenaz, Torah Readings, Weekly Portions for Mondays, Thursdays and Shabbat Minha 79",4116
"The Koren Shalem Siddur; Ashkenaz, Torah Readings, Weekly Portions for Mondays, Thursdays and Shabbat Minha 80",4117
"The Koren Shalem Siddur; Ashkenaz, Torah Readings, Weekly Portions for Mondays, Thursdays and Shabbat Minha 81",4118
"The Koren Shalem Siddur; Ashkenaz, Torah Readings, Weekly Portions for Mondays, Thursdays and Shabbat Minha 82",4119
"The Koren Shalem Siddur; Ashkenaz, Torah Readings, Weekly Portions for Mondays, Thursdays and Shabbat Minha 83",4120
"The Koren Shalem Siddur; Ashkenaz, Torah Readings, Weekly Portions for Mondays, Thursdays and Shabbat Minha 84",4121
"The Koren Shalem Siddur; Ashkenaz, Torah Readings, Weekly Portions for Mondays, Thursdays and Shabbat Minha 85",4122
"The Koren Shalem Siddur; Ashkenaz, Torah Readings, Weekly Portions for Mondays, Thursdays and Shabbat Minha 86",4123
"The Koren Shalem Siddur; Ashkenaz, Torah Readings, Weekly Portions for Mondays, Thursdays and Shabbat Minha 87",4124
"The Koren Shalem Siddur; Ashkenaz, Torah Readings, Weekly Portions for Mondays, Thursdays and Shabbat Minha 88",4125
"The Koren Shalem Siddur; Ashkenaz, Torah Readings, Weekly Portions for Mondays, Thursdays and Shabbat Minha 89",4126
"The Koren Shalem Siddur; Ashkenaz, Torah Readings, Weekly Portions for Mondays, Thursdays and Shabbat Minha 90",4127
"The Koren Shalem Siddur; Ashkenaz, Torah Readings, Weekly Portions for Mondays, Thursdays and Shabbat Minha 91",4128
"The Koren Shalem Siddur; Ashkenaz, Torah Readings, Weekly Portions for Mondays, Thursdays and Shabbat Minha 92",4129
"The Koren Shalem Siddur; Ashkenaz, Torah Readings, Weekly Portions for Mondays, Thursdays and Shabbat Minha 93",4130
"The Koren Shalem Siddur; Ashkenaz, Torah Readings, Weekly Portions for Mondays, Thursdays and Shabbat Minha 94",4131
"The Koren Shalem Siddur; Ashkenaz, Torah Readings, Weekly Portions for Mondays, Thursdays and Shabbat Minha 95",4132
"The Koren Shalem Siddur; Ashkenaz, Torah Readings, Weekly Portions for Mondays, Thursdays and Shabbat Minha 96",4133
"The Koren Shalem Siddur; Ashkenaz, Torah Readings, Weekly Portions for Mondays, Thursdays and Shabbat Minha 97",4134
"The Koren Shalem Siddur; Ashkenaz, Torah Readings, Weekly Portions for Mondays, Thursdays and Shabbat Minha 98",4135
"The Koren Shalem Siddur; Ashkenaz, Torah Readings, Weekly Portions for Mondays, Thursdays and Shabbat Minha 99",4136
"The Koren Shalem Siddur; Ashkenaz, Torah Readings, Weekly Portions for Mondays, Thursdays and Shabbat Minha 100",4137
"The Koren Shalem Siddur; Ashkenaz, Torah Readings, Weekly Portions for Mondays, Thursdays and Shabbat Minha 101",4138
"The Koren Shalem Siddur; Ashkenaz, Torah Readings, Weekly Portions for Mondays, Thursdays and Shabbat Minha 102",4139
"The Koren Shalem Siddur; Ashkenaz, Torah Readings, Weekly Portions for Mondays, Thursdays and Shabbat Minha 103",4140
"The Koren Shalem Siddur; Ashkenaz, Torah Readings, Weekly Portions for Mondays, Thursdays and Shabbat Minha 104",4141
"The Koren Shalem Siddur; Ashkenaz, Torah Readings, Weekly Portions for Mondays, Thursdays and Shabbat Minha 105",4142
"The Koren Shalem Siddur; Ashkenaz, Torah Readings, Weekly Portions for Mondays, Thursdays and Shabbat Minha 106",4143
"The Koren Shalem Siddur; Ashkenaz, Torah Readings, Weekly Portions for Mondays, Thursdays and Shabbat Minha 107",4144
"The Koren Shalem Siddur; Ashkenaz, Torah Readings, Weekly Portions for Mondays, Thursdays and Shabbat Minha 108",4145
"The Koren Shalem Siddur; Ashkenaz, Torah Readings, Weekly Portions for Mondays, Thursdays and Shabbat Minha 109",4146
"The Koren Shalem Siddur; Ashkenaz, Torah Readings, Weekly Portions for Mondays, Thursdays and Shabbat Minha 110",4147
"The Koren Shalem Siddur; Ashkenaz, Torah Readings, Weekly Portions for Mondays, Thursdays and Shabbat Minha 111",4148
"The Koren Shalem Siddur; Ashkenaz, Torah Readings, Weekly Portions for Mondays, Thursdays and Shabbat Minha 112",4149
"The Koren Shalem Siddur; Ashkenaz, Torah Readings, Weekly Portions for Mondays, Thursdays and Shabbat Minha 113",4150
"The Koren Shalem Siddur; Ashkenaz, Torah Readings, Weekly Portions for Mondays, Thursdays and Shabbat Minha 114",4151
"The Koren Shalem Siddur; Ashkenaz, Torah Readings, Weekly Portions for Mondays, Thursdays and Shabbat Minha 115",4152
"The Koren Shalem Siddur; Ashkenaz, Torah Readings, Weekly Portions for Mondays, Thursdays and Shabbat Minha 116",4153
"The Koren Shalem Siddur; Ashkenaz, Torah Readings, Weekly Portions for Mondays, Thursdays and Shabbat Minha 117",4154
"The Koren Shalem Siddur; Ashkenaz, Torah Readings, Rosh Hodesh 1",4156
"The Koren Shalem Siddur; Ashkenaz, Torah Readings, Rosh Hodesh 2",4157
"The Koren Shalem Siddur; Ashkenaz, Torah Readings, Rosh Hodesh 3",4158
"The Koren Shalem Siddur; Ashkenaz, Torah Readings, Rosh Hodesh 4",4159
"The Koren Shalem Siddur; Ashkenaz, Torah Readings, Rosh Hodesh 5",4160
"The Koren Shalem Siddur; Ashkenaz, Torah Readings, Fast Days 1",4162
"The Koren Shalem Siddur; Ashkenaz, Torah Readings, Fast Days 2",4163
"The Koren Shalem Siddur; Ashkenaz, Torah Readings, Fast Days 3",4164
"The Koren Shalem Siddur; Ashkenaz, Torah Readings, Fast Days 4",4165
"The Koren Shalem Siddur; Ashkenaz, Torah Readings, Fast Days 5",4166
"The Koren Shalem Siddur; Ashkenaz, Torah Readings, Fast Days 6",4167
"The Koren Shalem Siddur; Ashkenaz, Torah Readings, Fast Days 7",4168
"The Koren Shalem Siddur; Ashkenaz, Torah Readings, Tisha B'Av 1",4170
"The Koren Shalem Siddur; Ashkenaz, Torah Readings, Tisha B'Av 2",4171
"The Koren Shalem Siddur; Ashkenaz, Torah Readings, Tisha B'Av 3",4172
"The Koren Shalem Siddur; Ashkenaz, Torah Readings, Tisha B'Av 4",4173
"The Koren Shalem Siddur; Ashkenaz, Torah Readings, Tisha B'Av 5",4174
"The Koren Shalem Siddur; Ashkenaz, Torah Readings, Hanukka 1",4176
"The Koren Shalem Siddur; Ashkenaz, Torah Readings, Hanukka 2",4177
"The Koren Shalem Siddur; Ashkenaz, Torah Readings, Hanukka 3",4178
"The Koren Shalem Siddur; Ashkenaz, Torah Readings, Hanukka 4",4179
"The Koren Shalem Siddur; Ashkenaz, Torah Readings, Hanukka 5",4180
"The Koren Shalem Siddur; Ashkenaz, Torah Readings, Hanukka 6",4181
"The Koren Shalem Siddur; Ashkenaz, Torah Readings, Hanukka 7",4182
"The Koren Shalem Siddur; Ashkenaz, Torah Readings, Hanukka 8",4183
"The Koren Shalem Siddur; Ashkenaz, Torah Readings, Hanukka 9",4184
"The Koren Shalem Siddur; Ashkenaz, Torah Readings, Hanukka 10",4185
"The Koren Shalem Siddur; Ashkenaz, Torah Readings, Hanukka 11",4186
"The Koren Shalem Siddur; Ashkenaz, Torah Readings, Hanukka 12",4187
"The Koren Shalem Siddur; Ashkenaz, Torah Readings, Hanukka 13",4188
"The Koren Shalem Siddur; Ashkenaz, Torah Readings, Hanukka 14",4189
"The Koren Shalem Siddur; Ashkenaz, Torah Readings, Hanukka 15",4190
"The Koren Shalem Siddur; Ashkenaz, Torah Readings, Hanukka 16",4191
"The Koren Shalem Siddur; Ashkenaz, Torah Readings, Hanukka 17",4192
"The Koren Shalem Siddur; Ashkenaz, Torah Readings, Hanukka 18",4193
"The Koren Shalem Siddur; Ashkenaz, Torah Readings, Hanukka 19",4194
"The Koren Shalem Siddur; Ashkenaz, Torah Readings, Hanukka 20",4195
"The Koren Shalem Siddur; Ashkenaz, Torah Readings, Hanukka 21",4196
"The Koren Shalem Siddur; Ashkenaz, Torah Readings, Hanukka 22",4197
"The Koren Shalem Siddur; Ashkenaz, Torah Readings, Hanukka 23",4198
"The Koren Shalem Siddur; Ashkenaz, Torah Readings, Hanukka 24",4199
"The Koren Shalem Siddur; Ashkenaz, Torah Readings, Hanukka 25",4200
"The Koren Shalem Siddur; Ashkenaz, Torah Readings, Hanukka 26",4201
"The Koren Shalem Siddur; Ashkenaz, Torah Readings, Hanukka 27",4202
"The Koren Shalem Siddur; Ashkenaz, Torah Readings, Hanukka 28",4203
"The Koren Shalem Siddur; Ashkenaz, Torah Readings, Hanukka 29",4204
"The Koren Shalem Siddur; Ashkenaz, Torah Readings, Hanukka 30",4205
"The Koren Shalem Siddur; Ashkenaz, Torah Readings, Purim 1",4207
"The Koren Shalem Siddur; Ashkenaz, Torah Readings, Purim 2",4208
"The Koren Shalem Siddur; Ashkenaz, Torah Readings, Purim 3",4209
"The Koren Shalem Siddur; Ashkenaz, Torah Readings, Pesah 1",4211
"The Koren Shalem Siddur; Ashkenaz, Torah Readings, Pesah 2",4212
"The Koren Shalem Siddur; Ashkenaz, Torah Readings, Pesah 3",4213
"The Koren Shalem Siddur; Ashkenaz, Torah Readings, Pesah 4",4214
"The Koren Shalem Siddur; Ashkenaz, Torah Readings, Pesah 5",4215
"The Koren Shalem Siddur; Ashkenaz, Torah Readings, Pesah 6",4216
"The Koren Shalem Siddur; Ashkenaz, Torah Readings, Pesah 7",4217
"The Koren Shalem Siddur; Ashkenaz, Torah Readings, Pesah 8",4218
"The Koren Shalem Siddur; Ashkenaz, Torah Readings, Pesah 9",4219
"The Koren Shalem Siddur; Ashkenaz, Torah Readings, Pesah 10",4220
"The Koren Shalem Siddur; Ashkenaz, Torah Readings, Pesah 11",4221
"The Koren Shalem Siddur; Ashkenaz, Torah Readings, Pesah 12",4222
"The Koren Shalem Siddur; Ashkenaz, Torah Readings, Pesah 13",4223
"The Koren Shalem Siddur; Ashkenaz, Torah Readings, Pesah 14",4224
"The Koren Shalem Siddur; Ashkenaz, Torah Readings, Pesah 15",4225
"The Koren Shalem Siddur; Ashkenaz, Torah Readings, Pesah 16",4226
"The Koren Shalem Siddur; Ashkenaz, Torah Readings, Pesah 17",4227
"The Koren Shalem Siddur; Ashkenaz, Torah Readings, Pesah 18",4228
"The Koren Shalem Siddur; Ashkenaz, Torah Readings, Pesah 19",4229
"The Koren Shalem Siddur; Ashkenaz, Torah Readings, Pesah 20",4230
"The Koren Shalem Siddur; Ashkenaz, Torah Readings, Pesah 21",4231
"The Koren Shalem Siddur; Ashkenaz, Torah Readings, Pesah 22",4232
"The Koren Shalem Siddur; Ashkenaz, Torah Readings, Pesah 23",4233
"The Koren Shalem Siddur; Ashkenaz, Torah Readings, Pesah 24",4234
"The Koren Shalem Siddur; Ashkenaz, Torah Readings, Pesah 25",4235
"The Koren Shalem Siddur; Ashkenaz, Torah Readings, Pesah 26",4236
"The Koren Shalem Siddur; Ashkenaz, Torah Readings, Pesah 27",4237
"The Koren Shalem Siddur; Ashkenaz, Torah Readings, Pesah 28",4238
"The Koren Shalem Siddur; Ashkenaz, Torah Readings, Hol HaMo'ed Pesah 1",4240
"The Koren Shalem Siddur; Ashkenaz, Torah Readings, Hol HaMo'ed Pesah 2",4241
"The Koren Shalem Siddur; Ashkenaz, Torah Readings, Hol HaMo'ed Pesah 3",4242
"The Koren Shalem Siddur; Ashkenaz, Torah Readings, Hol HaMo'ed Pesah 4",4243
"The Koren Shalem Siddur; Ashkenaz, Torah Readings, Hol HaMo'ed Pesah 5",4244
"The Koren Shalem Siddur; Ashkenaz, Torah Readings, Hol HaMo'ed Pesah 6",4245
"The Koren Shalem Siddur; Ashkenaz, Torah Readings, Hol HaMo'ed Pesah 7",4246
"The Koren Shalem Siddur; Ashkenaz, Torah Readings, Hol HaMo'ed Pesah 8",4247
"The Koren Shalem Siddur; Ashkenaz, Torah Readings, Hol HaMo'ed Pesah 9",4248
"The Koren Shalem Siddur; Ashkenaz, Torah Readings, Hol HaMo'ed Pesah 10",4249
"The Koren Shalem Siddur; Ashkenaz, Torah Readings, Hol HaMo'ed Pesah 11",4250
"The Koren Shalem Siddur; Ashkenaz, Torah Readings, Hol HaMo'ed Pesah 12",4251
"The Koren Shalem Siddur; Ashkenaz, Torah Readings, Hol HaMo'ed Pesah 13",4252
"The Koren Shalem Siddur; Ashkenaz, Torah Readings, Hol HaMo'ed Pesah 14",4253
"The Koren Shalem Siddur; Ashkenaz, Torah Readings, Hol HaMo'ed Pesah 15",4254
"The Koren Shalem Siddur; Ashkenaz, Torah Readings, Hol HaMo'ed Pesah 16",4255
"The Koren Shalem Siddur; Ashkenaz, Torah Readings, Hol HaMo'ed Pesah 17",4256
"The Koren Shalem Siddur; Ashkenaz, Torah Readings, Hol HaMo'ed Pesah 18",4257
"The Koren Shalem Siddur; Ashkenaz, Torah Readings, Hol HaMo'ed Pesah 19",4258
"The Koren Shalem Siddur; Ashkenaz, Torah Readings, Hol HaMo'ed Pesah 20",4259
"The Koren Shalem Siddur; Ashkenaz, Torah Readings, Hol HaMo'ed Pesah 21",4260
"The Koren Shalem Siddur; Ashkenaz, Torah Readings, Hol HaMo'ed Pesah 22",4261
"The Koren Shalem Siddur; Ashkenaz, Torah Readings, Hol HaMo'ed Pesah 23",4262
"The Koren Shalem Siddur; Ashkenaz, Torah Readings, Hol HaMo'ed Pesah 24",4263
"The Koren Shalem Siddur; Ashkenaz, Torah Readings, Hol HaMo'ed Pesah 25",4264
"The Koren Shalem Siddur; Ashkenaz, Torah Readings, Hol HaMo'ed Pesah 26",4265
"The Koren Shalem Siddur; Ashkenaz, Torah Readings, Shabbat Hol HaMo'ed 1",4267
"The Koren Shalem Siddur; Ashkenaz, Torah Readings, Shabbat Hol HaMo'ed 2",4268
"The Koren Shalem Siddur; Ashkenaz, Torah Readings, Shabbat Hol HaMo'ed 3",4269
"The Koren Shalem Siddur; Ashkenaz, Torah Readings, Shabbat Hol HaMo'ed 4",4270
"The Koren Shalem Siddur; Ashkenaz, Torah Readings, Shabbat Hol HaMo'ed 5",4271
"The Koren Shalem Siddur; Ashkenaz, Torah Readings, Shabbat Hol HaMo'ed 6",4272
"The Koren Shalem Siddur; Ashkenaz, Torah Readings, Shabbat Hol HaMo'ed 7",4273
"The Koren Shalem Siddur; Ashkenaz, Torah Readings, Seventh Day of Pesah 1",4275
"The Koren Shalem Siddur; Ashkenaz, Torah Readings, Seventh Day of Pesah 2",4276
"The Koren Shalem Siddur; Ashkenaz, Torah Readings, Seventh Day of Pesah 3",4277
"The Koren Shalem Siddur; Ashkenaz, Torah Readings, Seventh Day of Pesah 4",4278
"The Koren Shalem Siddur; Ashkenaz, Torah Readings, Seventh Day of Pesah 5",4279
"The Koren Shalem Siddur; Ashkenaz, Torah Readings, Seventh Day of Pesah 6",4280
"The Koren Shalem Siddur; Ashkenaz, Torah Readings, Seventh Day of Pesah 7",4281
"The Koren Shalem Siddur; Ashkenaz, Torah Readings, Seventh Day of Pesah 8",4282
"The Koren Shalem Siddur; Ashkenaz, Torah Readings, Seventh Day of Pesah 9",4283
"The Koren Shalem Siddur; Ashkenaz, Torah Readings, Seventh Day of Pesah 10",4284
"The Koren Shalem Siddur; Ashkenaz, Torah Readings, Seventh Day of Pesah 11",4285
"The Koren Shalem Siddur; Ashkenaz, Torah Readings, Seventh Day of Pesah 12",4286
"The Koren Shalem Siddur; Ashkenaz, Torah Readings, Seventh Day of Pesah 13",4287
"The Koren Shalem Siddur; Ashkenaz, Torah Readings, Seventh Day of Pesah 14",4288
"The Koren Shalem Siddur; Ashkenaz, Torah Readings, Seventh Day of Pesah 15",4289
"The Koren Shalem Siddur; Ashkenaz, Torah Readings, Seventh Day of Pesah 16",4290
"The Koren Shalem Siddur; Ashkenaz, Torah Readings, Seventh Day of Pesah 17",4291
"The Koren Shalem Siddur; Ashkenaz, Torah Readings, Seventh Day of Pesah 18",4292
"The Koren Shalem Siddur; Ashkenaz, Torah Readings, Seventh Day of Pesah 19",4293
"The Koren Shalem Siddur; Ashkenaz, Torah Readings, Seventh Day of Pesah 20",4294
"The Koren Shalem Siddur; Ashkenaz, Torah Readings, Seventh Day of Pesah 21",4295
"The Koren Shalem Siddur; Ashkenaz, Torah Readings, Seventh Day of Pesah 22",4296
"The Koren Shalem Siddur; Ashkenaz, Torah Readings, Seventh Day of Pesah 23",4297
"The Koren Shalem Siddur; Ashkenaz, Torah Readings, Seventh Day of Pesah 24",4298
"The Koren Shalem Siddur; Ashkenaz, Torah Readings, Shavuot 1",4300
"The Koren Shalem Siddur; Ashkenaz, Torah Readings, Shavuot 2",4301
"The Koren Shalem Siddur; Ashkenaz, Torah Readings, Shavuot 3",4302
"The Koren Shalem Siddur; Ashkenaz, Torah Readings, Shavuot 4",4303
"The Koren Shalem Siddur; Ashkenaz, Torah Readings, Shavuot 5",4304
"The Koren Shalem Siddur; Ashkenaz, Torah Readings, Shavuot 6",4305
"The Koren Shalem Siddur; Ashkenaz, Torah Readings, Shavuot 7",4306
"The Koren Shalem Siddur; Ashkenaz, Torah Readings, Shavuot 8",4307
"The Koren Shalem Siddur; Ashkenaz, Torah Readings, Shavuot 9",4308
"The Koren Shalem Siddur; Ashkenaz, Torah Readings, Shavuot 10",4309
"The Koren Shalem Siddur; Ashkenaz, Torah Readings, Shavuot 11",4310
"The Koren Shalem Siddur; Ashkenaz, Torah Readings, Shavuot 12",4311
"The Koren Shalem Siddur; Ashkenaz, Torah Readings, Shavuot 13",4312
"The Koren Shalem Siddur; Ashkenaz, Torah Readings, Shavuot 14",4313
"The Koren Shalem Siddur; Ashkenaz, Torah Readings, Shavuot 15",4314
"The Koren Shalem Siddur; Ashkenaz, Torah Readings, Shavuot 16",4315
"The Koren Shalem Siddur; Ashkenaz, Torah Readings, Shavuot 17",4316
"The Koren Shalem Siddur; Ashkenaz, Torah Readings, Shavuot 18",4317
"The Koren Shalem Siddur; Ashkenaz, Torah Readings, Shavuot 19",4318
"The Koren Shalem Siddur; Ashkenaz, Torah Readings, Shavuot 20",4319
"The Koren Shalem Siddur; Ashkenaz, Torah Readings, Shavuot 21",4320
"The Koren Shalem Siddur; Ashkenaz, Torah Readings, Shavuot 22",4321
"The Koren Shalem Siddur; Ashkenaz, Torah Readings, Shavuot 23",4322
"The Koren Shalem Siddur; Ashkenaz, Torah Readings, Shavuot 24",4323
"The Koren Shalem Siddur; Ashkenaz, Torah Readings, Shavuot 25",4324
"The Koren Shalem Siddur; Ashkenaz, Torah Readings, Shavuot 26",4325
"The Koren Shalem Siddur; Ashkenaz, Torah Readings, Shavuot 27",4326
"The Koren Shalem Siddur; Ashkenaz, Torah Readings, Shavuot 28",4327
"The Koren Shalem Siddur; Ashkenaz, Torah Readings, Shavuot 29",4328
"The Koren Shalem Siddur; Ashkenaz, Torah Readings, Sukkot 1",4330
"The Koren Shalem Siddur; Ashkenaz, Torah Readings, Sukkot 2",4331
"The Koren Shalem Siddur; Ashkenaz, Torah Readings, Sukkot 3",4332
"The Koren Shalem Siddur; Ashkenaz, Torah Readings, Sukkot 4",4333
"The Koren Shalem Siddur; Ashkenaz, Torah Readings, Sukkot 5",4334
"The Koren Shalem Siddur; Ashkenaz, Torah Readings, Sukkot 6",4335
"The Koren Shalem Siddur; Ashkenaz, Torah Readings, Sukkot 7",4336
"The Koren Shalem Siddur; Ashkenaz, Torah Readings, Sukkot 8",4337
"The Koren Shalem Siddur; Ashkenaz, Torah Readings, Hol HaMo'ed Sukkot 1",4339
"The Koren Shalem Siddur; Ashkenaz, Torah Readings, Hol HaMo'ed Sukkot 2",4340
"The Koren Shalem Siddur; Ashkenaz, Torah Readings, Hol HaMo'ed Sukkot 3",4341
"The Koren Shalem Siddur; Ashkenaz, Torah Readings, Hol HaMo'ed Sukkot 4",4342
"The Koren Shalem Siddur; Ashkenaz, Torah Readings, Hol HaMo'ed Sukkot 5",4343
"The Koren Shalem Siddur; Ashkenaz, Torah Readings, Hol HaMo'ed Sukkot 6",4344
"The Koren Shalem Siddur; Ashkenaz, Torah Readings, Hol HaMo'ed Sukkot 7",4345
"The Koren Shalem Siddur; Ashkenaz, Torah Readings, Hol HaMo'ed Sukkot 8",4346
"The Koren Shalem Siddur; Ashkenaz, Torah Readings, Hol HaMo'ed Sukkot 9",4347
"The Koren Shalem Siddur; Ashkenaz, Torah Readings, Hol HaMo'ed Sukkot 10",4348
"The Koren Shalem Siddur; Ashkenaz, Torah Readings, Hol HaMo'ed Sukkot 11",4349
"The Koren Shalem Siddur; Ashkenaz, Torah Readings, Hol HaMo'ed Sukkot 12",4350
"The Koren Shalem Siddur; Ashkenaz, Torah Readings, Hol HaMo'ed Sukkot 13",4351
"The Koren Shalem Siddur; Ashkenaz, Torah Readings, Hol HaMo'ed Sukkot 14",4352
"The Koren Shalem Siddur; Ashkenaz, Torah Readings, Hol HaMo'ed Sukkot 15",4353
"The Koren Shalem Siddur; Ashkenaz, Torah Readings, Hol HaMo'ed Sukkot 16",4354
"The Koren Shalem Siddur; Ashkenaz, Torah Readings, Hol HaMo'ed Sukkot 17",4355
"The Koren Shalem Siddur; Ashkenaz, Torah Readings, Hol HaMo'ed Sukkot 18",4356
"The Koren Shalem Siddur; Ashkenaz, Torah Readings, Hol HaMo'ed Sukkot 19",4357
"The Koren Shalem Siddur; Ashkenaz, Torah Readings, Hol HaMo'ed Sukkot 20",4358
"The Koren Shalem Siddur; Ashkenaz, Torah Readings, Hol HaMo'ed Sukkot 21",4359
"The Koren Shalem Siddur; Ashkenaz, Torah Readings, Hol HaMo'ed Sukkot 22",4360
"The Koren Shalem Siddur; Ashkenaz, Torah Readings, Hol HaMo'ed Sukkot 23",4361
"The Koren Shalem Siddur; Ashkenaz, Torah Readings, Hol HaMo'ed Sukkot 24",4362
"The Koren Shalem Siddur; Ashkenaz, Torah Readings, Hol HaMo'ed Sukkot 25",4363
"The Koren Shalem Siddur; Ashkenaz, Torah Readings, Hol HaMo'ed Sukkot 26",4364
"The Koren Shalem Siddur; Ashkenaz, Torah Readings, Hol HaMo'ed Sukkot 27",4365
"The Koren Shalem Siddur; Ashkenaz, Torah Readings, Hol HaMo'ed Sukkot 28",4366
"The Koren Shalem Siddur; Ashkenaz, Torah Readings, Hol HaMo'ed Sukkot 29",4367
"The Koren Shalem Siddur; Ashkenaz, Torah Readings, Hol HaMo'ed Sukkot 30",4368
"The Koren Shalem Siddur; Ashkenaz, Torah Readings, Hol HaMo'ed Sukkot 31",4369
"The Koren Shalem Siddur; Ashkenaz, Torah Readings, Hol HaMo'ed Sukkot 32",4370
"The Koren Shalem Siddur; Ashkenaz, Torah Readings, Hol HaMo'ed Sukkot 33",4371
"The Koren Shalem Siddur; Ashkenaz, Torah Readings, Hol HaMo'ed Sukkot 34",4372
"The Koren Shalem Siddur; Ashkenaz, Torah Readings, Hol HaMo'ed Sukkot 35",4373
"The Koren Shalem Siddur; Ashkenaz, Torah Readings, Hol HaMo'ed Sukkot 36",4374
"The Koren Shalem Siddur; Ashkenaz, Torah Readings, Hol HaMo'ed Sukkot 37",4375
"The Koren Shalem Siddur; Ashkenaz, Torah Readings, Shemini Atzeret 1",4377
"The Koren Shalem Siddur; Ashkenaz, Torah Readings, Shemini Atzeret 2",4378
"The Koren Shalem Siddur; Ashkenaz, Torah Readings, Shemini Atzeret 3",4379
"The Koren Shalem Siddur; Ashkenaz, Torah Readings, Shemini Atzeret 4",4380
"The Koren Shalem Siddur; Ashkenaz, Torah Readings, Shemini Atzeret 5",4381
"The Koren Shalem Siddur; Ashkenaz, Torah Readings, Shemini Atzeret 6",4382
"The Koren Shalem Siddur; Ashkenaz, Torah Readings, Simhat Torah 1",4384
"The Koren Shalem Siddur; Ashkenaz, Torah Readings, Simhat Torah 2",4385
"The Koren Shalem Siddur; Ashkenaz, Torah Readings, Simhat Torah 3",4386
"The Koren Shalem Siddur; Ashkenaz, Torah Readings, Simhat Torah 4",4387
"The Koren Shalem Siddur; Ashkenaz, Torah Readings, Simhat Torah 5",4388
"The Koren Shalem Siddur; Ashkenaz, Torah Readings, Simhat Torah 6",4389
"The Koren Shalem Siddur; Ashkenaz, Torah Readings, Simhat Torah 7",4390
"The Koren Shalem Siddur; Ashkenaz, Torah Readings, Simhat Torah 8",4391
"The Koren Shalem Siddur; Ashkenaz, Torah Readings, Simhat Torah 9",4392
"The Koren Shalem Siddur; Ashkenaz, Torah Readings, Simhat Torah 10",4393
"The Koren Shalem Siddur; Ashkenaz, Torah Readings, Simhat Torah 11",4394
"The Koren Shalem Siddur; Ashkenaz, Torah Readings, Simhat Torah 12",4395
"The Koren Shalem Siddur; Ashkenaz, Torah Readings, Hatan Torah and Hatan Bereshit 1",4397
"The Koren Shalem Siddur; Ashkenaz, Torah Readings, Hatan Torah and Hatan Bereshit 2",4398
"The Koren Shalem Siddur; Ashkenaz, Torah Readings, Hatan Torah and Hatan Bereshit 3",4399
"The Koren Shalem Siddur; Ashkenaz, Torah Readings, Hatan Torah and Hatan Bereshit 4",4400
"The Koren Shalem Siddur; Ashkenaz, Torah Readings, Hatan Torah and Hatan Bereshit 5",4401
"The Koren Shalem Siddur; Ashkenaz, Torah Readings, Hatan Torah and Hatan Bereshit 6",4402
"The Koren Shalem Siddur; Ashkenaz, Torah Readings, Hatan Torah and Hatan Bereshit 7",4403
"The Koren Shalem Siddur; Ashkenaz, Torah Readings, Hatan Torah and Hatan Bereshit 8",4404
"The Koren Shalem Siddur; Ashkenaz, Torah Readings, Hatan Torah and Hatan Bereshit 9",4405
"The Koren Shalem Siddur; Ashkenaz, Torah Readings, Hatan Torah and Hatan Bereshit 10",4406
"The Koren Shalem Siddur; Ashkenaz, Torah Readings, Hatan Torah and Hatan Bereshit 11",4407
"The Koren Shalem Siddur; Ashkenaz, Torah Readings, Hatan Torah and Hatan Bereshit 12",4408
"The Koren Shalem Siddur; Ashkenaz, Torah Readings, Hatan Torah and Hatan Bereshit 13",4409
"The Koren Shalem Siddur; Ashkenaz, Torah Readings, Hatan Torah and Hatan Bereshit 14",4410
"The Koren Shalem Siddur; Ashkenaz, Torah Readings, Hatan Torah and Hatan Bereshit 15",4411
"The Koren Shalem Siddur; Ashkenaz, Torah Readings, Hatan Torah and Hatan Bereshit 16",4412
"The Koren Shalem Siddur; Ashkenaz, Torah Readings, Hatan Torah and Hatan Bereshit 17",4413
"The Koren Shalem Siddur; Ashkenaz, Torah Readings, Piyutei Geula; Berah Dodi 1",4415
"The Koren Shalem Siddur; Ashkenaz, Torah Readings, Piyutei Geula; Berah Dodi 2",4416
"The Koren Shalem Siddur; Ashkenaz, Torah Readings, Piyutei Geula; Berah Dodi 3",4417
"The Koren Shalem Siddur; Ashkenaz, Torah Readings, Piyutei Geula; Berah Dodi 4",4418
"The Koren Shalem Siddur; Ashkenaz, Torah Readings, Piyutei Geula; Berah Dodi 5",4419
"The Koren Shalem Siddur; Ashkenaz, Torah Readings, Piyutei Geula; Berah Dodi 6",4420
"The Koren Shalem Siddur; Ashkenaz, Torah Readings, Piyutei Geula; Berah Dodi 7",4421
"The Koren Shalem Siddur; Ashkenaz, Torah Readings, Piyutei Geula; Berah Dodi 8",4422
"The Koren Shalem Siddur; Ashkenaz, Torah Readings, Piyutei Geula; Berah Dodi 9",4423
"The Koren Shalem Siddur; Ashkenaz, Torah Readings, Piyutei Geula; Berah Dodi 10",4424
"The Koren Shalem Siddur; Ashkenaz, Torah Readings, Piyutei Geula; Berah Dodi 11",4425
"The Koren Shalem Siddur; Ashkenaz, Torah Readings, Piyutei Geula; Berah Dodi 12",4426
"The Koren Shalem Siddur; Ashkenaz, Torah Readings, Piyutei Geula; Berah Dodi 13",4427
"The Koren Shalem Siddur; Ashkenaz, Torah Readings, Piyutei Geula; Berah Dodi 14",4428
"The Koren Shalem Siddur; Ashkenaz, Torah Readings, Piyutei Geula; Berah Dodi 15",4429
"The Koren Shalem Siddur; Ashkenaz, Torah Readings, Piyutei Geula; Berah Dodi 16",4430
"The Koren Shalem Siddur; Ashkenaz, Torah Readings, Piyutei Geula; Berah Dodi 17",4431
"The Koren Shalem Siddur; Ashkenaz, Torah Readings, Piyutei Geula; Berah Dodi 18",4432
"The Koren Shalem Siddur; Ashkenaz, Torah Readings, Piyutei Geula; Berah Dodi 19",4433
"The Koren Shalem Siddur; Ashkenaz, Torah Readings, Piyutei Geula; Berah Dodi 20",4434
"The Koren Shalem Siddur; Ashkenaz, Torah Readings, Piyutei Geula; Berah Dodi 21",4435
"The Koren Shalem Siddur; Ashkenaz, Torah Readings, Piyutei Geula; Berah Dodi 22",4436
"The Koren Shalem Siddur; Ashkenaz, Torah Readings, Piyutei Geula; Berah Dodi 23",4437
"The Koren Shalem Siddur; Ashkenaz, Torah Readings, Piyutei Geula; Berah Dodi 24",4438
"The Koren Shalem Siddur; Ashkenaz, Torah Readings, Piyutei Geula; Berah Dodi 25",4439
"The Koren Shalem Siddur; Ashkenaz, Torah Readings, Piyutei Geula; Berah Dodi 26",4440
"The Koren Shalem Siddur; Ashkenaz, Torah Readings, Piyutei Geula; Berah Dodi 27",4441
"The Koren Shalem Siddur; Ashkenaz, Torah Readings, Piyutei Geula; Berah Dodi 28",4442
"The Koren Shalem Siddur; Ashkenaz, Torah Readings, Piyutei Geula; Berah Dodi 29",4443
"The Koren Shalem Siddur; Ashkenaz, Torah Readings, Piyutei Geula; Berah Dodi 30",4444
"The Koren Shalem Siddur; Ashkenaz, Torah Readings, Piyutei Geula; Berah Dodi 31",4445
"The Koren Shalem Siddur; Ashkenaz, Torah Readings, Piyutei Geula; Berah Dodi 32",4446
"The Koren Shalem Siddur; Ashkenaz, Torah Readings, Piyutei Geula; Berah Dodi 33",4447
"The Koren Shalem Siddur; Ashkenaz, Torah Readings, Piyutei Geula; Berah Dodi 34",4448
"The Koren Shalem Siddur; Ashkenaz, Torah Readings, Piyutei Geula; Berah Dodi 35",4449
